result_id,workunit_id,host_id,workunit_name,result_create_time,server_state,outcome,client_state,cpu_time,elapsed_time,exit_status,flops_estimate,peak_working_set_size,peak_swap_size,peak_disk_usage,rsc_fpops_est,rsc_fpops_bound,rsc_memory_bound,rsc_disk_bound,workunit_create_time,delay_bound,wu_error_mask,priority,app_version_num,p_ncpus,p_vendor,p_model,p_fpops,p_iops,p_membw,os_name,os_version,m_nbytes,m_cache,m_swap,d_total,d_free,d_boinc_used_total,d_boinc_used_project,d_boinc_max,n_bwup,n_bwdown,cpu_efficiency,duration_correction_factor,error_rate,gpu_active_frac,p_ngpus,p_gpu_fpops,mat_0_0,mat_0_1,mat_0_2,mat_0_3,mat_0_4,mat_0_5,mat_0_6,mat_0_7,mat_0_8,mat_0_9,mat_0_10,mat_0_11,mat_0_12,mat_0_13,mat_0_14,mat_0_15,mat_1_0,mat_1_1,mat_1_2,mat_1_3,mat_1_4,mat_1_5,mat_1_6,mat_1_7,mat_1_8,mat_1_9,mat_1_10,mat_1_11,mat_1_12,mat_1_13,mat_1_14,mat_1_15,mat_2_0,mat_2_1,mat_2_2,mat_2_3,mat_2_4,mat_2_5,mat_2_6,mat_2_7,mat_2_8,mat_2_9,mat_2_10,mat_2_11,mat_2_12,mat_2_13,mat_2_14,mat_2_15,mat_3_0,mat_3_1,mat_3_2,mat_3_3,mat_3_4,mat_3_5,mat_3_6,mat_3_7,mat_3_8,mat_3_9,mat_3_10,mat_3_11,mat_3_12,mat_3_13,mat_3_14,mat_3_15,mat_4_0,mat_4_1,mat_4_2,mat_4_3,mat_4_4,mat_4_5,mat_4_6,mat_4_7,mat_4_8,mat_4_9,mat_4_10,mat_4_11,mat_4_12,mat_4_13,mat_4_14,mat_4_15,mat_5_0,mat_5_1,mat_5_2,mat_5_3,mat_5_4,mat_5_5,mat_5_6,mat_5_7,mat_5_8,mat_5_9,mat_5_10,mat_5_11,mat_5_12,mat_5_13,mat_5_14,mat_5_15,mat_6_0,mat_6_1,mat_6_2,mat_6_3,mat_6_4,mat_6_5,mat_6_6,mat_6_7,mat_6_8,mat_6_9,mat_6_10,mat_6_11,mat_6_12,mat_6_13,mat_6_14,mat_6_15,mat_7_0,mat_7_1,mat_7_2,mat_7_3,mat_7_4,mat_7_5,mat_7_6,mat_7_7,mat_7_8,mat_7_9,mat_7_10,mat_7_11,mat_7_12,mat_7_13,mat_7_14,mat_7_15,mat_8_0,mat_8_1,mat_8_2,mat_8_3,mat_8_4,mat_8_5,mat_8_6,mat_8_7,mat_8_8,mat_8_9,mat_8_10,mat_8_11,mat_8_12,mat_8_13,mat_8_14,mat_8_15,mat_9_0,mat_9_1,mat_9_2,mat_9_3,mat_9_4,mat_9_5,mat_9_6,mat_9_7,mat_9_8,mat_9_9,mat_9_10,mat_9_11,mat_9_12,mat_9_13,mat_9_14,mat_9_15,mat_10_0,mat_10_1,mat_10_2,mat_10_3,mat_10_4,mat_10_5,mat_10_6,mat_10_7,mat_10_8,mat_10_9,mat_10_10,mat_10_11,mat_10_12,mat_10_13,mat_10_14,mat_10_15,mat_11_0,mat_11_1,mat_11_2,mat_11_3,mat_11_4,mat_11_5,mat_11_6,mat_11_7,mat_11_8,mat_11_9,mat_11_10,mat_11_11,mat_11_12,mat_11_13,mat_11_14,mat_11_15,mat_12_0,mat_12_1,mat_12_2,mat_12_3,mat_12_4,mat_12_5,mat_12_6,mat_12_7,mat_12_8,mat_12_9,mat_12_10,mat_12_11,mat_12_12,mat_12_13,mat_12_14,mat_12_15,mat_13_0,mat_13_1,mat_13_2,mat_13_3,mat_13_4,mat_13_5,mat_13_6,mat_13_7,mat_13_8,mat_13_9,mat_13_10,mat_13_11,mat_13_12,mat_13_13,mat_13_14,mat_13_15,mat_14_0,mat_14_1,mat_14_2,mat_14_3,mat_14_4,mat_14_5,mat_14_6,mat_14_7,mat_14_8,mat_14_9,mat_14_10,mat_14_11,mat_14_12,mat_14_13,mat_14_14,mat_14_15,mat_15_0,mat_15_1,mat_15_2,mat_15_3,mat_15_4,mat_15_5,mat_15_6,mat_15_7,mat_15_8,mat_15_9,mat_15_10,mat_15_11,mat_15_12,mat_15_13,mat_15_14,mat_15_15
303068,64495,10,multi_Transversal_0_2025-06-08_22_23_25_485237_0,1749421765,5,1,5,654.6073,658.398278,0,1000000000.0,4456448.0,6959104.0,14765.0,3600000000000.0,86400000000000.0,500000000.0,1000000000.0,1749421405,604800,0,0,0,2,GenuineIntel,Intel Xeon Processor (Icelake) [Family 6 Model 106 Stepping 0],1000000000.0,1000000000.0,1000000000.0,Linux Ubuntu,Ubuntu 24.04.2 LTS [6.8.0-59-generic|libc 2.39],1006919680.0,16777216.0,0.0,20105105408.0,16889634816.0,2990080.0,688128.0,18595474472.96,58063412.844922,29429754.907709,0.0,1.0,0.0,0.874458,0,0.0,0.0,1.0,2.0,3.0,4.0,5.0,6.0,7.0,8.0,9.0,10.0,11.0,12.0,13.0,14.0,15.0,1.0,0.0,3.0,2.0,5.0,4.0,7.0,6.0,9.0,8.0,11.0,10.0,13.0,12.0,15.0,14.0,2.0,3.0,1.0,0.0,6.0,7.0,4.0,5.0,10.0,11.0,9.0,8.0,14.0,15.0,12.0,13.0,3.0,2.0,0.0,1.0,7.0,6.0,5.0,4.0,11.0,10.0,8.0,9.0,15.0,14.0,13.0,12.0,4.0,5.0,7.0,6.0,3.0,2.0,0.0,1.0,12.0,13.0,15.0,14.0,9.0,10.0,11.0,8.0,5.0,4.0,6.0,7.0,2.0,3.0,1.0,0.0,13.0,12.0,14.0,15.0,10.0,9.0,8.0,11.0,6.0,7.0,5.0,4.0,0.0,1.0,3.0,2.0,14.0,15.0,12.0,13.0,11.0,8.0,9.0,10.0,7.0,6.0,4.0,5.0,1.0,0.0,2.0,3.0,15.0,14.0,13.0,12.0,8.0,11.0,10.0,9.0,8.0,9.0,10.0,11.0,12.0,13.0,14.0,15.0,0.0,1.0,2.0,3.0,4.0,5.0,6.0,7.0,9.0,8.0,11.0,10.0,13.0,12.0,15.0,14.0,1.0,0.0,3.0,2.0,5.0,4.0,7.0,6.0,10.0,11.0,9.0,8.0,14.0,15.0,12.0,13.0,2.0,3.0,0.0,1.0,7.0,6.0,5.0,4.0,11.0,10.0,8.0,9.0,15.0,14.0,13.0,12.0,3.0,2.0,1.0,0.0,6.0,7.0,4.0,5.0,12.0,13.0,14.0,15.0,9.0,8.0,11.0,10.0,4.0,5.0,7.0,6.0,0.0,1.0,3.0,2.0,13.0,12.0,15.0,14.0,8.0,9.0,10.0,11.0,5.0,4.0,6.0,7.0,1.0,0.0,2.0,3.0,14.0,15.0,12.0,13.0,11.0,10.0,9.0,8.0,6.0,7.0,5.0,4.0,3.0,2.0,0.0,1.0,15.0,14.0,13.0,12.0,10.0,11.0,8.0,9.0,7.0,6.0,4.0,5.0,2.0,3.0,1.0,0.0
303069,64495,13,multi_Transversal_0_2025-06-08_22_23_25_485237_1,1749421765,5,1,5,244.3594,247.672134,0,1000000000.0,10792960.0,6492160.0,6230.0,3600000000000.0,86400000000000.0,500000000.0,1000000000.0,1749421405,604800,0,0,0,8,GenuineIntel,Intel(R) Xeon(R) CPU E5-2695 v2 @ 2.40GHz [Family 6 Model 62 Stepping 4],1000000000.0,1000000000.0,1000000000.0,Microsoft Windows 10,"Enterprise LTSB x64 Edition, (10.00.19044.00)",17171070976.0,262144.0,19721207808.0,47715450880.0,12161384448.0,47854504.0,0.0,14603537759.36,60997332.301195,14493303.268338,0.0,1.0,0.0,0.931104,0,0.0,0.0,1.0,2.0,3.0,4.0,5.0,6.0,7.0,8.0,9.0,10.0,11.0,12.0,13.0,14.0,15.0,1.0,0.0,3.0,2.0,5.0,4.0,7.0,6.0,9.0,8.0,11.0,10.0,13.0,12.0,15.0,14.0,2.0,3.0,1.0,0.0,6.0,7.0,4.0,5.0,10.0,11.0,9.0,8.0,14.0,15.0,12.0,13.0,3.0,2.0,0.0,1.0,7.0,6.0,5.0,4.0,11.0,10.0,8.0,9.0,15.0,14.0,13.0,12.0,4.0,5.0,7.0,6.0,3.0,2.0,0.0,1.0,12.0,13.0,15.0,14.0,9.0,10.0,11.0,8.0,5.0,4.0,6.0,7.0,2.0,3.0,1.0,0.0,13.0,12.0,14.0,15.0,10.0,9.0,8.0,11.0,6.0,7.0,5.0,4.0,0.0,1.0,3.0,2.0,14.0,15.0,12.0,13.0,11.0,8.0,9.0,10.0,7.0,6.0,4.0,5.0,1.0,0.0,2.0,3.0,15.0,14.0,13.0,12.0,8.0,11.0,10.0,9.0,8.0,9.0,10.0,11.0,12.0,13.0,14.0,15.0,0.0,1.0,2.0,3.0,4.0,5.0,6.0,7.0,9.0,8.0,11.0,10.0,13.0,12.0,15.0,14.0,1.0,0.0,3.0,2.0,5.0,4.0,7.0,6.0,10.0,11.0,9.0,8.0,14.0,15.0,12.0,13.0,2.0,3.0,0.0,1.0,7.0,6.0,5.0,4.0,11.0,10.0,8.0,9.0,15.0,14.0,13.0,12.0,3.0,2.0,1.0,0.0,6.0,7.0,4.0,5.0,12.0,13.0,14.0,15.0,9.0,8.0,11.0,10.0,4.0,5.0,7.0,6.0,0.0,1.0,3.0,2.0,13.0,12.0,15.0,14.0,8.0,9.0,10.0,11.0,5.0,4.0,6.0,7.0,1.0,0.0,2.0,3.0,14.0,15.0,12.0,13.0,11.0,10.0,9.0,8.0,6.0,7.0,5.0,4.0,3.0,2.0,0.0,1.0,15.0,14.0,13.0,12.0,10.0,11.0,8.0,9.0,7.0,6.0,4.0,5.0,2.0,3.0,1.0,0.0
303070,64495,13,multi_Transversal_0_2025-06-08_22_23_25_485237_2,1749421765,5,1,5,246.2344,249.687498,0,1000000000.0,10801152.0,6533120.0,6230.0,3600000000000.0,86400000000000.0,500000000.0,1000000000.0,1749421405,604800,0,0,0,8,GenuineIntel,Intel(R) Xeon(R) CPU E5-2695 v2 @ 2.40GHz [Family 6 Model 62 Stepping 4],1000000000.0,1000000000.0,1000000000.0,Microsoft Windows 10,"Enterprise LTSB x64 Edition, (10.00.19044.00)",17171070976.0,262144.0,19721207808.0,47715450880.0,12161384448.0,47854504.0,0.0,14603537759.36,60997332.301195,14493303.268338,0.0,1.0,0.0,0.931104,0,0.0,0.0,1.0,2.0,3.0,4.0,5.0,6.0,7.0,8.0,9.0,10.0,11.0,12.0,13.0,14.0,15.0,1.0,0.0,3.0,2.0,5.0,4.0,7.0,6.0,9.0,8.0,11.0,10.0,13.0,12.0,15.0,14.0,2.0,3.0,1.0,0.0,6.0,7.0,4.0,5.0,10.0,11.0,9.0,8.0,14.0,15.0,12.0,13.0,3.0,2.0,0.0,1.0,7.0,6.0,5.0,4.0,11.0,10.0,8.0,9.0,15.0,14.0,13.0,12.0,4.0,5.0,7.0,6.0,3.0,2.0,0.0,1.0,12.0,13.0,15.0,14.0,9.0,10.0,11.0,8.0,5.0,4.0,6.0,7.0,2.0,3.0,1.0,0.0,13.0,12.0,14.0,15.0,10.0,9.0,8.0,11.0,6.0,7.0,5.0,4.0,0.0,1.0,3.0,2.0,14.0,15.0,12.0,13.0,11.0,8.0,9.0,10.0,7.0,6.0,4.0,5.0,1.0,0.0,2.0,3.0,15.0,14.0,13.0,12.0,8.0,11.0,10.0,9.0,8.0,9.0,10.0,11.0,12.0,13.0,14.0,15.0,0.0,1.0,2.0,3.0,4.0,5.0,6.0,7.0,9.0,8.0,11.0,10.0,13.0,12.0,15.0,14.0,1.0,0.0,3.0,2.0,5.0,4.0,7.0,6.0,10.0,11.0,9.0,8.0,14.0,15.0,12.0,13.0,2.0,3.0,0.0,1.0,7.0,6.0,5.0,4.0,11.0,10.0,8.0,9.0,15.0,14.0,13.0,12.0,3.0,2.0,1.0,0.0,6.0,7.0,4.0,5.0,12.0,13.0,14.0,15.0,9.0,8.0,11.0,10.0,4.0,5.0,7.0,6.0,0.0,1.0,3.0,2.0,13.0,12.0,15.0,14.0,8.0,9.0,10.0,11.0,5.0,4.0,6.0,7.0,1.0,0.0,2.0,3.0,14.0,15.0,12.0,13.0,11.0,10.0,9.0,8.0,6.0,7.0,5.0,4.0,3.0,2.0,0.0,1.0,15.0,14.0,13.0,12.0,10.0,11.0,8.0,9.0,7.0,6.0,4.0,5.0,2.0,3.0,1.0,0.0
303071,64496,13,multi_Transversal_1_2025-06-08_22_23_25_675932_0,1749421765,5,1,5,248.9219,250.703098,0,1000000000.0,10801152.0,6537216.0,6230.0,3600000000000.0,86400000000000.0,500000000.0,1000000000.0,1749421405,604800,0,0,0,8,GenuineIntel,Intel(R) Xeon(R) CPU E5-2695 v2 @ 2.40GHz [Family 6 Model 62 Stepping 4],1000000000.0,1000000000.0,1000000000.0,Microsoft Windows 10,"Enterprise LTSB x64 Edition, (10.00.19044.00)",17171070976.0,262144.0,19721207808.0,47715450880.0,12161384448.0,47854504.0,0.0,14603537759.36,60997332.301195,14493303.268338,0.0,1.0,0.0,0.931104,0,0.0,0.0,1.0,2.0,3.0,4.0,5.0,6.0,7.0,8.0,9.0,10.0,11.0,12.0,13.0,14.0,15.0,1.0,0.0,3.0,2.0,5.0,4.0,7.0,6.0,9.0,8.0,11.0,10.0,13.0,12.0,15.0,14.0,2.0,3.0,1.0,0.0,6.0,7.0,4.0,5.0,10.0,11.0,9.0,8.0,14.0,15.0,12.0,13.0,3.0,2.0,0.0,1.0,7.0,6.0,5.0,4.0,11.0,10.0,8.0,9.0,15.0,14.0,13.0,12.0,4.0,6.0,5.0,7.0,2.0,0.0,3.0,1.0,12.0,13.0,15.0,14.0,11.0,10.0,8.0,9.0,5.0,7.0,4.0,6.0,3.0,1.0,2.0,0.0,13.0,12.0,14.0,15.0,10.0,11.0,9.0,8.0,6.0,4.0,7.0,5.0,0.0,2.0,1.0,3.0,14.0,15.0,13.0,12.0,8.0,9.0,11.0,10.0,7.0,5.0,6.0,4.0,1.0,3.0,0.0,2.0,15.0,14.0,12.0,13.0,9.0,8.0,10.0,11.0,8.0,9.0,10.0,11.0,12.0,13.0,14.0,15.0,0.0,1.0,2.0,3.0,4.0,5.0,6.0,7.0,9.0,8.0,11.0,10.0,13.0,12.0,15.0,14.0,1.0,0.0,3.0,2.0,5.0,4.0,7.0,6.0,10.0,11.0,9.0,8.0,14.0,15.0,12.0,13.0,2.0,3.0,1.0,0.0,6.0,7.0,4.0,5.0,11.0,10.0,8.0,9.0,15.0,14.0,13.0,12.0,3.0,2.0,0.0,1.0,7.0,6.0,5.0,4.0,12.0,13.0,15.0,14.0,9.0,10.0,11.0,8.0,4.0,5.0,6.0,7.0,1.0,0.0,3.0,2.0,13.0,12.0,14.0,15.0,10.0,9.0,8.0,11.0,5.0,4.0,7.0,6.0,0.0,1.0,2.0,3.0,14.0,15.0,12.0,13.0,11.0,8.0,9.0,10.0,6.0,7.0,4.0,5.0,3.0,2.0,1.0,0.0,15.0,14.0,13.0,12.0,8.0,11.0,10.0,9.0,7.0,6.0,5.0,4.0,2.0,3.0,0.0,1.0
303072,64496,13,multi_Transversal_1_2025-06-08_22_23_25_675932_1,1749421765,5,1,5,247.2344,249.687498,0,1000000000.0,10797056.0,6529024.0,6230.0,3600000000000.0,86400000000000.0,500000000.0,1000000000.0,1749421405,604800,0,0,0,8,GenuineIntel,Intel(R) Xeon(R) CPU E5-2695 v2 @ 2.40GHz [Family 6 Model 62 Stepping 4],1000000000.0,1000000000.0,1000000000.0,Microsoft Windows 10,"Enterprise LTSB x64 Edition, (10.00.19044.00)",17171070976.0,262144.0,19721207808.0,47715450880.0,12161384448.0,47854504.0,0.0,14603537759.36,60997332.301195,14493303.268338,0.0,1.0,0.0,0.931104,0,0.0,0.0,1.0,2.0,3.0,4.0,5.0,6.0,7.0,8.0,9.0,10.0,11.0,12.0,13.0,14.0,15.0,1.0,0.0,3.0,2.0,5.0,4.0,7.0,6.0,9.0,8.0,11.0,10.0,13.0,12.0,15.0,14.0,2.0,3.0,1.0,0.0,6.0,7.0,4.0,5.0,10.0,11.0,9.0,8.0,14.0,15.0,12.0,13.0,3.0,2.0,0.0,1.0,7.0,6.0,5.0,4.0,11.0,10.0,8.0,9.0,15.0,14.0,13.0,12.0,4.0,6.0,5.0,7.0,2.0,0.0,3.0,1.0,12.0,13.0,15.0,14.0,11.0,10.0,8.0,9.0,5.0,7.0,4.0,6.0,3.0,1.0,2.0,0.0,13.0,12.0,14.0,15.0,10.0,11.0,9.0,8.0,6.0,4.0,7.0,5.0,0.0,2.0,1.0,3.0,14.0,15.0,13.0,12.0,8.0,9.0,11.0,10.0,7.0,5.0,6.0,4.0,1.0,3.0,0.0,2.0,15.0,14.0,12.0,13.0,9.0,8.0,10.0,11.0,8.0,9.0,10.0,11.0,12.0,13.0,14.0,15.0,0.0,1.0,2.0,3.0,4.0,5.0,6.0,7.0,9.0,8.0,11.0,10.0,13.0,12.0,15.0,14.0,1.0,0.0,3.0,2.0,5.0,4.0,7.0,6.0,10.0,11.0,9.0,8.0,14.0,15.0,12.0,13.0,2.0,3.0,1.0,0.0,6.0,7.0,4.0,5.0,11.0,10.0,8.0,9.0,15.0,14.0,13.0,12.0,3.0,2.0,0.0,1.0,7.0,6.0,5.0,4.0,12.0,13.0,15.0,14.0,9.0,10.0,11.0,8.0,4.0,5.0,6.0,7.0,1.0,0.0,3.0,2.0,13.0,12.0,14.0,15.0,10.0,9.0,8.0,11.0,5.0,4.0,7.0,6.0,0.0,1.0,2.0,3.0,14.0,15.0,12.0,13.0,11.0,8.0,9.0,10.0,6.0,7.0,4.0,5.0,3.0,2.0,1.0,0.0,15.0,14.0,13.0,12.0,8.0,11.0,10.0,9.0,7.0,6.0,5.0,4.0,2.0,3.0,0.0,1.0
303073,64496,13,multi_Transversal_1_2025-06-08_22_23_25_675932_2,1749421765,5,1,5,246.125,249.687498,0,1000000000.0,10809344.0,6524928.0,6230.0,3600000000000.0,86400000000000.0,500000000.0,1000000000.0,1749421405,604800,0,0,0,8,GenuineIntel,Intel(R) Xeon(R) CPU E5-2695 v2 @ 2.40GHz [Family 6 Model 62 Stepping 4],1000000000.0,1000000000.0,1000000000.0,Microsoft Windows 10,"Enterprise LTSB x64 Edition, (10.00.19044.00)",17171070976.0,262144.0,19721207808.0,47715450880.0,12161384448.0,47854504.0,0.0,14603537759.36,60997332.301195,14493303.268338,0.0,1.0,0.0,0.931104,0,0.0,0.0,1.0,2.0,3.0,4.0,5.0,6.0,7.0,8.0,9.0,10.0,11.0,12.0,13.0,14.0,15.0,1.0,0.0,3.0,2.0,5.0,4.0,7.0,6.0,9.0,8.0,11.0,10.0,13.0,12.0,15.0,14.0,2.0,3.0,1.0,0.0,6.0,7.0,4.0,5.0,10.0,11.0,9.0,8.0,14.0,15.0,12.0,13.0,3.0,2.0,0.0,1.0,7.0,6.0,5.0,4.0,11.0,10.0,8.0,9.0,15.0,14.0,13.0,12.0,4.0,6.0,5.0,7.0,2.0,0.0,3.0,1.0,12.0,13.0,15.0,14.0,11.0,10.0,8.0,9.0,5.0,7.0,4.0,6.0,3.0,1.0,2.0,0.0,13.0,12.0,14.0,15.0,10.0,11.0,9.0,8.0,6.0,4.0,7.0,5.0,0.0,2.0,1.0,3.0,14.0,15.0,13.0,12.0,8.0,9.0,11.0,10.0,7.0,5.0,6.0,4.0,1.0,3.0,0.0,2.0,15.0,14.0,12.0,13.0,9.0,8.0,10.0,11.0,8.0,9.0,10.0,11.0,12.0,13.0,14.0,15.0,0.0,1.0,2.0,3.0,4.0,5.0,6.0,7.0,9.0,8.0,11.0,10.0,13.0,12.0,15.0,14.0,1.0,0.0,3.0,2.0,5.0,4.0,7.0,6.0,10.0,11.0,9.0,8.0,14.0,15.0,12.0,13.0,2.0,3.0,1.0,0.0,6.0,7.0,4.0,5.0,11.0,10.0,8.0,9.0,15.0,14.0,13.0,12.0,3.0,2.0,0.0,1.0,7.0,6.0,5.0,4.0,12.0,13.0,15.0,14.0,9.0,10.0,11.0,8.0,4.0,5.0,6.0,7.0,1.0,0.0,3.0,2.0,13.0,12.0,14.0,15.0,10.0,9.0,8.0,11.0,5.0,4.0,7.0,6.0,0.0,1.0,2.0,3.0,14.0,15.0,12.0,13.0,11.0,8.0,9.0,10.0,6.0,7.0,4.0,5.0,3.0,2.0,1.0,0.0,15.0,14.0,13.0,12.0,8.0,11.0,10.0,9.0,7.0,6.0,5.0,4.0,2.0,3.0,0.0,1.0
303074,64497,13,multi_Transversal_2_2025-06-08_22_23_25_789972_0,1749421765,5,1,5,249.3438,250.718393,0,1000000000.0,10805248.0,6524928.0,6230.0,3600000000000.0,86400000000000.0,500000000.0,1000000000.0,1749421405,604800,0,0,0,8,GenuineIntel,Intel(R) Xeon(R) CPU E5-2695 v2 @ 2.40GHz [Family 6 Model 62 Stepping 4],1000000000.0,1000000000.0,1000000000.0,Microsoft Windows 10,"Enterprise LTSB x64 Edition, (10.00.19044.00)",17171070976.0,262144.0,19721207808.0,47715450880.0,12161384448.0,47854504.0,0.0,14603537759.36,60997332.301195,14493303.268338,0.0,1.0,0.0,0.931104,0,0.0,0.0,1.0,2.0,3.0,4.0,5.0,6.0,7.0,8.0,9.0,10.0,11.0,12.0,13.0,14.0,15.0,1.0,0.0,3.0,2.0,5.0,4.0,7.0,6.0,9.0,8.0,11.0,10.0,13.0,12.0,15.0,14.0,2.0,3.0,1.0,0.0,6.0,7.0,4.0,5.0,10.0,11.0,9.0,8.0,14.0,15.0,12.0,13.0,3.0,2.0,0.0,1.0,7.0,6.0,5.0,4.0,11.0,10.0,8.0,9.0,15.0,14.0,13.0,12.0,4.0,6.0,5.0,7.0,3.0,0.0,2.0,1.0,12.0,14.0,13.0,15.0,10.0,8.0,11.0,9.0,5.0,7.0,4.0,6.0,2.0,1.0,3.0,0.0,13.0,15.0,12.0,14.0,11.0,9.0,10.0,8.0,6.0,4.0,7.0,5.0,0.0,3.0,1.0,2.0,14.0,12.0,15.0,13.0,8.0,10.0,9.0,11.0,7.0,5.0,6.0,4.0,1.0,2.0,0.0,3.0,15.0,13.0,14.0,12.0,9.0,11.0,8.0,10.0,8.0,9.0,10.0,11.0,12.0,13.0,14.0,15.0,0.0,1.0,2.0,3.0,4.0,5.0,6.0,7.0,9.0,8.0,11.0,10.0,13.0,12.0,15.0,14.0,1.0,0.0,3.0,2.0,5.0,4.0,7.0,6.0,10.0,11.0,9.0,8.0,14.0,15.0,12.0,13.0,2.0,3.0,1.0,0.0,6.0,7.0,4.0,5.0,11.0,10.0,8.0,9.0,15.0,14.0,13.0,12.0,3.0,2.0,0.0,1.0,7.0,6.0,5.0,4.0,12.0,13.0,15.0,14.0,11.0,10.0,8.0,9.0,4.0,5.0,7.0,6.0,1.0,2.0,3.0,0.0,13.0,12.0,14.0,15.0,10.0,11.0,9.0,8.0,5.0,4.0,6.0,7.0,2.0,1.0,0.0,3.0,14.0,15.0,13.0,12.0,8.0,9.0,11.0,10.0,6.0,7.0,4.0,5.0,3.0,0.0,1.0,2.0,15.0,14.0,12.0,13.0,9.0,8.0,10.0,11.0,7.0,6.0,5.0,4.0,0.0,3.0,2.0,1.0
303075,64497,11,multi_Transversal_2_2025-06-08_22_23_25_789972_1,1749421765,5,1,5,234.8594,236.875046,0,1000000000.0,10854400.0,6533120.0,6233.0,3600000000000.0,86400000000000.0,500000000.0,1000000000.0,1749421405,604800,0,0,0,8,GenuineIntel,Intel(R) Xeon(R) CPU E5-2695 v2 @ 2.40GHz [Family 6 Model 62 Stepping 4],1000000000.0,1000000000.0,1000000000.0,Microsoft Windows 10,"Enterprise LTSB x64 Edition, (10.00.19044.00)",17171070976.0,262144.0,19721207808.0,47715450880.0,12050235392.0,48026194.0,171008.0,31952040963.26,55829988.834023,31583643.413455,0.0,1.0,0.0,0.931986,0,0.0,0.0,1.0,2.0,3.0,4.0,5.0,6.0,7.0,8.0,9.0,10.0,11.0,12.0,13.0,14.0,15.0,1.0,0.0,3.0,2.0,5.0,4.0,7.0,6.0,9.0,8.0,11.0,10.0,13.0,12.0,15.0,14.0,2.0,3.0,1.0,0.0,6.0,7.0,4.0,5.0,10.0,11.0,9.0,8.0,14.0,15.0,12.0,13.0,3.0,2.0,0.0,1.0,7.0,6.0,5.0,4.0,11.0,10.0,8.0,9.0,15.0,14.0,13.0,12.0,4.0,6.0,5.0,7.0,3.0,0.0,2.0,1.0,12.0,14.0,13.0,15.0,10.0,8.0,11.0,9.0,5.0,7.0,4.0,6.0,2.0,1.0,3.0,0.0,13.0,15.0,12.0,14.0,11.0,9.0,10.0,8.0,6.0,4.0,7.0,5.0,0.0,3.0,1.0,2.0,14.0,12.0,15.0,13.0,8.0,10.0,9.0,11.0,7.0,5.0,6.0,4.0,1.0,2.0,0.0,3.0,15.0,13.0,14.0,12.0,9.0,11.0,8.0,10.0,8.0,9.0,10.0,11.0,12.0,13.0,14.0,15.0,0.0,1.0,2.0,3.0,4.0,5.0,6.0,7.0,9.0,8.0,11.0,10.0,13.0,12.0,15.0,14.0,1.0,0.0,3.0,2.0,5.0,4.0,7.0,6.0,10.0,11.0,9.0,8.0,14.0,15.0,12.0,13.0,2.0,3.0,1.0,0.0,6.0,7.0,4.0,5.0,11.0,10.0,8.0,9.0,15.0,14.0,13.0,12.0,3.0,2.0,0.0,1.0,7.0,6.0,5.0,4.0,12.0,13.0,15.0,14.0,11.0,10.0,8.0,9.0,4.0,5.0,7.0,6.0,1.0,2.0,3.0,0.0,13.0,12.0,14.0,15.0,10.0,11.0,9.0,8.0,5.0,4.0,6.0,7.0,2.0,1.0,0.0,3.0,14.0,15.0,13.0,12.0,8.0,9.0,11.0,10.0,6.0,7.0,4.0,5.0,3.0,0.0,1.0,2.0,15.0,14.0,12.0,13.0,9.0,8.0,10.0,11.0,7.0,6.0,5.0,4.0,0.0,3.0,2.0,1.0
303076,64497,13,multi_Transversal_2_2025-06-08_22_23_25_789972_2,1749421765,5,1,5,247.9531,249.812502,0,1000000000.0,10805248.0,6529024.0,6230.0,3600000000000.0,86400000000000.0,500000000.0,1000000000.0,1749421405,604800,0,0,0,8,GenuineIntel,Intel(R) Xeon(R) CPU E5-2695 v2 @ 2.40GHz [Family 6 Model 62 Stepping 4],1000000000.0,1000000000.0,1000000000.0,Microsoft Windows 10,"Enterprise LTSB x64 Edition, (10.00.19044.00)",17171070976.0,262144.0,19721207808.0,47715450880.0,12161384448.0,47854504.0,0.0,14603537759.36,60997332.301195,14493303.268338,0.0,1.0,0.0,0.931104,0,0.0,0.0,1.0,2.0,3.0,4.0,5.0,6.0,7.0,8.0,9.0,10.0,11.0,12.0,13.0,14.0,15.0,1.0,0.0,3.0,2.0,5.0,4.0,7.0,6.0,9.0,8.0,11.0,10.0,13.0,12.0,15.0,14.0,2.0,3.0,1.0,0.0,6.0,7.0,4.0,5.0,10.0,11.0,9.0,8.0,14.0,15.0,12.0,13.0,3.0,2.0,0.0,1.0,7.0,6.0,5.0,4.0,11.0,10.0,8.0,9.0,15.0,14.0,13.0,12.0,4.0,6.0,5.0,7.0,3.0,0.0,2.0,1.0,12.0,14.0,13.0,15.0,10.0,8.0,11.0,9.0,5.0,7.0,4.0,6.0,2.0,1.0,3.0,0.0,13.0,15.0,12.0,14.0,11.0,9.0,10.0,8.0,6.0,4.0,7.0,5.0,0.0,3.0,1.0,2.0,14.0,12.0,15.0,13.0,8.0,10.0,9.0,11.0,7.0,5.0,6.0,4.0,1.0,2.0,0.0,3.0,15.0,13.0,14.0,12.0,9.0,11.0,8.0,10.0,8.0,9.0,10.0,11.0,12.0,13.0,14.0,15.0,0.0,1.0,2.0,3.0,4.0,5.0,6.0,7.0,9.0,8.0,11.0,10.0,13.0,12.0,15.0,14.0,1.0,0.0,3.0,2.0,5.0,4.0,7.0,6.0,10.0,11.0,9.0,8.0,14.0,15.0,12.0,13.0,2.0,3.0,1.0,0.0,6.0,7.0,4.0,5.0,11.0,10.0,8.0,9.0,15.0,14.0,13.0,12.0,3.0,2.0,0.0,1.0,7.0,6.0,5.0,4.0,12.0,13.0,15.0,14.0,11.0,10.0,8.0,9.0,4.0,5.0,7.0,6.0,1.0,2.0,3.0,0.0,13.0,12.0,14.0,15.0,10.0,11.0,9.0,8.0,5.0,4.0,6.0,7.0,2.0,1.0,0.0,3.0,14.0,15.0,13.0,12.0,8.0,9.0,11.0,10.0,6.0,7.0,4.0,5.0,3.0,0.0,1.0,2.0,15.0,14.0,12.0,13.0,9.0,8.0,10.0,11.0,7.0,6.0,5.0,4.0,0.0,3.0,2.0,1.0
303077,64498,13,multi_Transversal_3_2025-06-08_22_23_25_927646_0,1749421765,5,1,5,247.5469,250.812504,0,1000000000.0,10809344.0,6520832.0,6231.0,3600000000000.0,86400000000000.0,500000000.0,1000000000.0,1749421405,604800,0,0,0,8,GenuineIntel,Intel(R) Xeon(R) CPU E5-2695 v2 @ 2.40GHz [Family 6 Model 62 Stepping 4],1000000000.0,1000000000.0,1000000000.0,Microsoft Windows 10,"Enterprise LTSB x64 Edition, (10.00.19044.00)",17171070976.0,262144.0,19721207808.0,47715450880.0,12161384448.0,47854504.0,0.0,14603537759.36,60997332.301195,14493303.268338,0.0,1.0,0.0,0.931104,0,0.0,0.0,1.0,2.0,3.0,4.0,5.0,6.0,7.0,8.0,9.0,10.0,11.0,12.0,13.0,14.0,15.0,1.0,0.0,3.0,2.0,5.0,4.0,7.0,6.0,9.0,8.0,11.0,10.0,13.0,12.0,15.0,14.0,2.0,3.0,1.0,0.0,6.0,7.0,4.0,5.0,10.0,11.0,9.0,8.0,14.0,15.0,12.0,13.0,3.0,2.0,0.0,1.0,7.0,6.0,5.0,4.0,11.0,10.0,8.0,9.0,15.0,14.0,13.0,12.0,4.0,7.0,5.0,6.0,1.0,3.0,2.0,0.0,12.0,14.0,13.0,15.0,11.0,8.0,10.0,9.0,5.0,6.0,4.0,7.0,0.0,2.0,3.0,1.0,13.0,15.0,12.0,14.0,10.0,9.0,11.0,8.0,6.0,5.0,7.0,4.0,3.0,0.0,1.0,2.0,14.0,12.0,15.0,13.0,8.0,11.0,9.0,10.0,7.0,4.0,6.0,5.0,2.0,1.0,0.0,3.0,15.0,13.0,14.0,12.0,9.0,10.0,8.0,11.0,8.0,9.0,10.0,11.0,12.0,13.0,14.0,15.0,0.0,1.0,2.0,3.0,4.0,5.0,6.0,7.0,9.0,8.0,11.0,10.0,13.0,12.0,15.0,14.0,1.0,0.0,3.0,2.0,5.0,4.0,7.0,6.0,10.0,11.0,9.0,8.0,14.0,15.0,12.0,13.0,2.0,3.0,1.0,0.0,6.0,7.0,4.0,5.0,11.0,10.0,8.0,9.0,15.0,14.0,13.0,12.0,3.0,2.0,0.0,1.0,7.0,6.0,5.0,4.0,12.0,14.0,13.0,15.0,10.0,8.0,11.0,9.0,4.0,5.0,7.0,6.0,3.0,2.0,0.0,1.0,13.0,15.0,12.0,14.0,11.0,9.0,10.0,8.0,5.0,4.0,6.0,7.0,2.0,3.0,1.0,0.0,14.0,12.0,15.0,13.0,8.0,10.0,9.0,11.0,6.0,7.0,5.0,4.0,0.0,1.0,3.0,2.0,15.0,13.0,14.0,12.0,9.0,11.0,8.0,10.0,7.0,6.0,4.0,5.0,1.0,0.0,2.0,3.0
303078,64498,14,multi_Transversal_3_2025-06-08_22_23_25_927646_1,1749421765,5,1,5,245.2031,248.124435,0,1000000000.0,10825728.0,6533120.0,6230.0,3600000000000.0,86400000000000.0,500000000.0,1000000000.0,1749421405,604800,0,0,0,8,GenuineIntel,Intel(R) Xeon(R) CPU E5-2695 v2 @ 2.40GHz [Family 6 Model 62 Stepping 4],1000000000.0,1000000000.0,1000000000.0,Microsoft Windows 10,"Enterprise LTSB x64 Edition, (10.00.19044.00)",17171070976.0,262144.0,19721207808.0,47715450880.0,12043943936.0,50470565.0,171008.0,14504363335.66,50555456.420003,25813395.198889,0.0,1.0,0.0,0.932014,0,0.0,0.0,1.0,2.0,3.0,4.0,5.0,6.0,7.0,8.0,9.0,10.0,11.0,12.0,13.0,14.0,15.0,1.0,0.0,3.0,2.0,5.0,4.0,7.0,6.0,9.0,8.0,11.0,10.0,13.0,12.0,15.0,14.0,2.0,3.0,1.0,0.0,6.0,7.0,4.0,5.0,10.0,11.0,9.0,8.0,14.0,15.0,12.0,13.0,3.0,2.0,0.0,1.0,7.0,6.0,5.0,4.0,11.0,10.0,8.0,9.0,15.0,14.0,13.0,12.0,4.0,7.0,5.0,6.0,1.0,3.0,2.0,0.0,12.0,14.0,13.0,15.0,11.0,8.0,10.0,9.0,5.0,6.0,4.0,7.0,0.0,2.0,3.0,1.0,13.0,15.0,12.0,14.0,10.0,9.0,11.0,8.0,6.0,5.0,7.0,4.0,3.0,0.0,1.0,2.0,14.0,12.0,15.0,13.0,8.0,11.0,9.0,10.0,7.0,4.0,6.0,5.0,2.0,1.0,0.0,3.0,15.0,13.0,14.0,12.0,9.0,10.0,8.0,11.0,8.0,9.0,10.0,11.0,12.0,13.0,14.0,15.0,0.0,1.0,2.0,3.0,4.0,5.0,6.0,7.0,9.0,8.0,11.0,10.0,13.0,12.0,15.0,14.0,1.0,0.0,3.0,2.0,5.0,4.0,7.0,6.0,10.0,11.0,9.0,8.0,14.0,15.0,12.0,13.0,2.0,3.0,1.0,0.0,6.0,7.0,4.0,5.0,11.0,10.0,8.0,9.0,15.0,14.0,13.0,12.0,3.0,2.0,0.0,1.0,7.0,6.0,5.0,4.0,12.0,14.0,13.0,15.0,10.0,8.0,11.0,9.0,4.0,5.0,7.0,6.0,3.0,2.0,0.0,1.0,13.0,15.0,12.0,14.0,11.0,9.0,10.0,8.0,5.0,4.0,6.0,7.0,2.0,3.0,1.0,0.0,14.0,12.0,15.0,13.0,8.0,10.0,9.0,11.0,6.0,7.0,5.0,4.0,0.0,1.0,3.0,2.0,15.0,13.0,14.0,12.0,9.0,11.0,8.0,10.0,7.0,6.0,4.0,5.0,1.0,0.0,2.0,3.0
303079,64498,13,multi_Transversal_3_2025-06-08_22_23_25_927646_2,1749421765,5,1,5,247.6094,249.812498,0,1000000000.0,10829824.0,6537216.0,6229.0,3600000000000.0,86400000000000.0,500000000.0,1000000000.0,1749421405,604800,0,0,0,8,GenuineIntel,Intel(R) Xeon(R) CPU E5-2695 v2 @ 2.40GHz [Family 6 Model 62 Stepping 4],1000000000.0,1000000000.0,1000000000.0,Microsoft Windows 10,"Enterprise LTSB x64 Edition, (10.00.19044.00)",17171070976.0,262144.0,19721207808.0,47715450880.0,12161384448.0,47854504.0,0.0,14603537759.36,60997332.301195,14493303.268338,0.0,1.0,0.0,0.931104,0,0.0,0.0,1.0,2.0,3.0,4.0,5.0,6.0,7.0,8.0,9.0,10.0,11.0,12.0,13.0,14.0,15.0,1.0,0.0,3.0,2.0,5.0,4.0,7.0,6.0,9.0,8.0,11.0,10.0,13.0,12.0,15.0,14.0,2.0,3.0,1.0,0.0,6.0,7.0,4.0,5.0,10.0,11.0,9.0,8.0,14.0,15.0,12.0,13.0,3.0,2.0,0.0,1.0,7.0,6.0,5.0,4.0,11.0,10.0,8.0,9.0,15.0,14.0,13.0,12.0,4.0,7.0,5.0,6.0,1.0,3.0,2.0,0.0,12.0,14.0,13.0,15.0,11.0,8.0,10.0,9.0,5.0,6.0,4.0,7.0,0.0,2.0,3.0,1.0,13.0,15.0,12.0,14.0,10.0,9.0,11.0,8.0,6.0,5.0,7.0,4.0,3.0,0.0,1.0,2.0,14.0,12.0,15.0,13.0,8.0,11.0,9.0,10.0,7.0,4.0,6.0,5.0,2.0,1.0,0.0,3.0,15.0,13.0,14.0,12.0,9.0,10.0,8.0,11.0,8.0,9.0,10.0,11.0,12.0,13.0,14.0,15.0,0.0,1.0,2.0,3.0,4.0,5.0,6.0,7.0,9.0,8.0,11.0,10.0,13.0,12.0,15.0,14.0,1.0,0.0,3.0,2.0,5.0,4.0,7.0,6.0,10.0,11.0,9.0,8.0,14.0,15.0,12.0,13.0,2.0,3.0,1.0,0.0,6.0,7.0,4.0,5.0,11.0,10.0,8.0,9.0,15.0,14.0,13.0,12.0,3.0,2.0,0.0,1.0,7.0,6.0,5.0,4.0,12.0,14.0,13.0,15.0,10.0,8.0,11.0,9.0,4.0,5.0,7.0,6.0,3.0,2.0,0.0,1.0,13.0,15.0,12.0,14.0,11.0,9.0,10.0,8.0,5.0,4.0,6.0,7.0,2.0,3.0,1.0,0.0,14.0,12.0,15.0,13.0,8.0,10.0,9.0,11.0,6.0,7.0,5.0,4.0,0.0,1.0,3.0,2.0,15.0,13.0,14.0,12.0,9.0,11.0,8.0,10.0,7.0,6.0,4.0,5.0,1.0,0.0,2.0,3.0
303080,64499,12,multi_Transversal_4_2025-06-08_22_23_25_989636_0,1749421765,5,1,5,245.7969,247.328123,0,1000000000.0,11063296.0,6508544.0,6230.0,3600000000000.0,86400000000000.0,500000000.0,1000000000.0,1749421405,604800,0,0,0,8,GenuineIntel,Intel(R) Xeon(R) CPU E5-2695 v2 @ 2.40GHz [Family 6 Model 62 Stepping 4],1000000000.0,1000000000.0,1000000000.0,Microsoft Windows 10,"Enterprise LTSB x64 Edition, (10.00.19044.00)",25761005568.0,262144.0,29519101952.0,47715450880.0,9854517248.0,50332470.0,0.0,13190576267.66,47277768.885526,29243555.256756,0.0,1.0,0.0,0.926923,0,0.0,0.0,1.0,2.0,3.0,4.0,5.0,6.0,7.0,8.0,9.0,10.0,11.0,12.0,13.0,14.0,15.0,1.0,0.0,3.0,2.0,5.0,4.0,7.0,6.0,9.0,8.0,11.0,10.0,13.0,12.0,15.0,14.0,2.0,3.0,1.0,0.0,6.0,7.0,4.0,5.0,10.0,11.0,9.0,8.0,14.0,15.0,12.0,13.0,3.0,2.0,0.0,1.0,7.0,6.0,5.0,4.0,11.0,10.0,8.0,9.0,15.0,14.0,13.0,12.0,4.0,7.0,6.0,5.0,1.0,3.0,2.0,0.0,12.0,15.0,13.0,14.0,9.0,11.0,10.0,8.0,5.0,6.0,7.0,4.0,0.0,2.0,3.0,1.0,13.0,14.0,12.0,15.0,8.0,10.0,11.0,9.0,6.0,5.0,4.0,7.0,2.0,1.0,0.0,3.0,14.0,13.0,15.0,12.0,11.0,8.0,9.0,10.0,7.0,4.0,5.0,6.0,3.0,0.0,1.0,2.0,15.0,12.0,14.0,13.0,10.0,9.0,8.0,11.0,8.0,9.0,10.0,11.0,12.0,13.0,14.0,15.0,0.0,1.0,2.0,3.0,4.0,5.0,6.0,7.0,9.0,8.0,11.0,10.0,13.0,12.0,15.0,14.0,1.0,0.0,3.0,2.0,5.0,4.0,7.0,6.0,10.0,11.0,9.0,8.0,14.0,15.0,12.0,13.0,2.0,3.0,1.0,0.0,6.0,7.0,4.0,5.0,11.0,10.0,8.0,9.0,15.0,14.0,13.0,12.0,3.0,2.0,0.0,1.0,7.0,6.0,5.0,4.0,12.0,14.0,13.0,15.0,11.0,8.0,10.0,9.0,4.0,6.0,5.0,7.0,2.0,0.0,3.0,1.0,13.0,15.0,12.0,14.0,10.0,9.0,11.0,8.0,5.0,7.0,4.0,6.0,3.0,1.0,2.0,0.0,14.0,12.0,15.0,13.0,8.0,11.0,9.0,10.0,6.0,4.0,7.0,5.0,0.0,2.0,1.0,3.0,15.0,13.0,14.0,12.0,9.0,10.0,8.0,11.0,7.0,5.0,6.0,4.0,1.0,3.0,0.0,2.0
303081,64499,14,multi_Transversal_4_2025-06-08_22_23_25_989636_1,1749421765,5,1,5,246.0781,249.375317,0,1000000000.0,10813440.0,6537216.0,6229.0,3600000000000.0,86400000000000.0,500000000.0,1000000000.0,1749421405,604800,0,0,0,8,GenuineIntel,Intel(R) Xeon(R) CPU E5-2695 v2 @ 2.40GHz [Family 6 Model 62 Stepping 4],1000000000.0,1000000000.0,1000000000.0,Microsoft Windows 10,"Enterprise LTSB x64 Edition, (10.00.19044.00)",17171070976.0,262144.0,19721207808.0,47715450880.0,12043943936.0,50470565.0,171008.0,14504363335.66,50555456.420003,25813395.198889,0.0,1.0,0.0,0.932014,0,0.0,0.0,1.0,2.0,3.0,4.0,5.0,6.0,7.0,8.0,9.0,10.0,11.0,12.0,13.0,14.0,15.0,1.0,0.0,3.0,2.0,5.0,4.0,7.0,6.0,9.0,8.0,11.0,10.0,13.0,12.0,15.0,14.0,2.0,3.0,1.0,0.0,6.0,7.0,4.0,5.0,10.0,11.0,9.0,8.0,14.0,15.0,12.0,13.0,3.0,2.0,0.0,1.0,7.0,6.0,5.0,4.0,11.0,10.0,8.0,9.0,15.0,14.0,13.0,12.0,4.0,7.0,6.0,5.0,1.0,3.0,2.0,0.0,12.0,15.0,13.0,14.0,9.0,11.0,10.0,8.0,5.0,6.0,7.0,4.0,0.0,2.0,3.0,1.0,13.0,14.0,12.0,15.0,8.0,10.0,11.0,9.0,6.0,5.0,4.0,7.0,2.0,1.0,0.0,3.0,14.0,13.0,15.0,12.0,11.0,8.0,9.0,10.0,7.0,4.0,5.0,6.0,3.0,0.0,1.0,2.0,15.0,12.0,14.0,13.0,10.0,9.0,8.0,11.0,8.0,9.0,10.0,11.0,12.0,13.0,14.0,15.0,0.0,1.0,2.0,3.0,4.0,5.0,6.0,7.0,9.0,8.0,11.0,10.0,13.0,12.0,15.0,14.0,1.0,0.0,3.0,2.0,5.0,4.0,7.0,6.0,10.0,11.0,9.0,8.0,14.0,15.0,12.0,13.0,2.0,3.0,1.0,0.0,6.0,7.0,4.0,5.0,11.0,10.0,8.0,9.0,15.0,14.0,13.0,12.0,3.0,2.0,0.0,1.0,7.0,6.0,5.0,4.0,12.0,14.0,13.0,15.0,11.0,8.0,10.0,9.0,4.0,6.0,5.0,7.0,2.0,0.0,3.0,1.0,13.0,15.0,12.0,14.0,10.0,9.0,11.0,8.0,5.0,7.0,4.0,6.0,3.0,1.0,2.0,0.0,14.0,12.0,15.0,13.0,8.0,11.0,9.0,10.0,6.0,4.0,7.0,5.0,0.0,2.0,1.0,3.0,15.0,13.0,14.0,12.0,9.0,10.0,8.0,11.0,7.0,5.0,6.0,4.0,1.0,3.0,0.0,2.0
303082,64499,14,multi_Transversal_4_2025-06-08_22_23_25_989636_2,1749421765,5,1,5,246.1562,248.343765,0,1000000000.0,10813440.0,6537216.0,6231.0,3600000000000.0,86400000000000.0,500000000.0,1000000000.0,1749421405,604800,0,0,0,8,GenuineIntel,Intel(R) Xeon(R) CPU E5-2695 v2 @ 2.40GHz [Family 6 Model 62 Stepping 4],1000000000.0,1000000000.0,1000000000.0,Microsoft Windows 10,"Enterprise LTSB x64 Edition, (10.00.19044.00)",17171070976.0,262144.0,19721207808.0,47715450880.0,12043943936.0,50470565.0,171008.0,14504363335.66,50555456.420003,25813395.198889,0.0,1.0,0.0,0.932014,0,0.0,0.0,1.0,2.0,3.0,4.0,5.0,6.0,7.0,8.0,9.0,10.0,11.0,12.0,13.0,14.0,15.0,1.0,0.0,3.0,2.0,5.0,4.0,7.0,6.0,9.0,8.0,11.0,10.0,13.0,12.0,15.0,14.0,2.0,3.0,1.0,0.0,6.0,7.0,4.0,5.0,10.0,11.0,9.0,8.0,14.0,15.0,12.0,13.0,3.0,2.0,0.0,1.0,7.0,6.0,5.0,4.0,11.0,10.0,8.0,9.0,15.0,14.0,13.0,12.0,4.0,7.0,6.0,5.0,1.0,3.0,2.0,0.0,12.0,15.0,13.0,14.0,9.0,11.0,10.0,8.0,5.0,6.0,7.0,4.0,0.0,2.0,3.0,1.0,13.0,14.0,12.0,15.0,8.0,10.0,11.0,9.0,6.0,5.0,4.0,7.0,2.0,1.0,0.0,3.0,14.0,13.0,15.0,12.0,11.0,8.0,9.0,10.0,7.0,4.0,5.0,6.0,3.0,0.0,1.0,2.0,15.0,12.0,14.0,13.0,10.0,9.0,8.0,11.0,8.0,9.0,10.0,11.0,12.0,13.0,14.0,15.0,0.0,1.0,2.0,3.0,4.0,5.0,6.0,7.0,9.0,8.0,11.0,10.0,13.0,12.0,15.0,14.0,1.0,0.0,3.0,2.0,5.0,4.0,7.0,6.0,10.0,11.0,9.0,8.0,14.0,15.0,12.0,13.0,2.0,3.0,1.0,0.0,6.0,7.0,4.0,5.0,11.0,10.0,8.0,9.0,15.0,14.0,13.0,12.0,3.0,2.0,0.0,1.0,7.0,6.0,5.0,4.0,12.0,14.0,13.0,15.0,11.0,8.0,10.0,9.0,4.0,6.0,5.0,7.0,2.0,0.0,3.0,1.0,13.0,15.0,12.0,14.0,10.0,9.0,11.0,8.0,5.0,7.0,4.0,6.0,3.0,1.0,2.0,0.0,14.0,12.0,15.0,13.0,8.0,11.0,9.0,10.0,6.0,4.0,7.0,5.0,0.0,2.0,1.0,3.0,15.0,13.0,14.0,12.0,9.0,10.0,8.0,11.0,7.0,5.0,6.0,4.0,1.0,3.0,0.0,2.0
303083,64500,14,multi_Transversal_5_2025-06-08_22_23_26_104991_0,1749421765,5,1,5,246.0312,249.140594,0,1000000000.0,10809344.0,6529024.0,6230.0,3600000000000.0,86400000000000.0,500000000.0,1000000000.0,1749421406,604800,0,0,0,8,GenuineIntel,Intel(R) Xeon(R) CPU E5-2695 v2 @ 2.40GHz [Family 6 Model 62 Stepping 4],1000000000.0,1000000000.0,1000000000.0,Microsoft Windows 10,"Enterprise LTSB x64 Edition, (10.00.19044.00)",17171070976.0,262144.0,19721207808.0,47715450880.0,12043943936.0,50470565.0,171008.0,14504363335.66,50555456.420003,25813395.198889,0.0,1.0,0.0,0.932014,0,0.0,0.0,1.0,2.0,3.0,4.0,5.0,6.0,7.0,8.0,9.0,10.0,11.0,12.0,13.0,14.0,15.0,1.0,0.0,3.0,2.0,5.0,4.0,7.0,6.0,9.0,8.0,11.0,10.0,13.0,12.0,15.0,14.0,2.0,3.0,1.0,0.0,6.0,7.0,5.0,4.0,10.0,11.0,9.0,8.0,14.0,15.0,12.0,13.0,3.0,2.0,0.0,1.0,7.0,6.0,4.0,5.0,11.0,10.0,8.0,9.0,15.0,14.0,13.0,12.0,4.0,5.0,6.0,7.0,1.0,0.0,2.0,3.0,12.0,15.0,14.0,13.0,9.0,11.0,10.0,8.0,5.0,4.0,7.0,6.0,0.0,1.0,3.0,2.0,13.0,14.0,15.0,12.0,8.0,10.0,11.0,9.0,6.0,7.0,4.0,5.0,2.0,3.0,1.0,0.0,14.0,13.0,12.0,15.0,10.0,9.0,8.0,11.0,7.0,6.0,5.0,4.0,3.0,2.0,0.0,1.0,15.0,12.0,13.0,14.0,11.0,8.0,9.0,10.0,8.0,9.0,10.0,11.0,12.0,13.0,14.0,15.0,0.0,1.0,2.0,3.0,4.0,5.0,6.0,7.0,9.0,8.0,11.0,10.0,13.0,12.0,15.0,14.0,1.0,0.0,3.0,2.0,5.0,4.0,7.0,6.0,10.0,11.0,9.0,8.0,14.0,15.0,12.0,13.0,2.0,3.0,1.0,0.0,6.0,7.0,4.0,5.0,11.0,10.0,8.0,9.0,15.0,14.0,13.0,12.0,3.0,2.0,0.0,1.0,7.0,6.0,5.0,4.0,12.0,15.0,13.0,14.0,9.0,11.0,10.0,8.0,4.0,6.0,5.0,7.0,3.0,0.0,2.0,1.0,13.0,14.0,12.0,15.0,8.0,10.0,11.0,9.0,5.0,7.0,4.0,6.0,2.0,1.0,3.0,0.0,14.0,13.0,15.0,12.0,11.0,8.0,9.0,10.0,6.0,4.0,7.0,5.0,0.0,3.0,1.0,2.0,15.0,12.0,14.0,13.0,10.0,9.0,8.0,11.0,7.0,5.0,6.0,4.0,1.0,2.0,0.0,3.0
303084,64500,14,multi_Transversal_5_2025-06-08_22_23_26_104991_1,1749421765,5,1,5,244.9219,248.109344,0,1000000000.0,10809344.0,6524928.0,6231.0,3600000000000.0,86400000000000.0,500000000.0,1000000000.0,1749421406,604800,0,0,0,8,GenuineIntel,Intel(R) Xeon(R) CPU E5-2695 v2 @ 2.40GHz [Family 6 Model 62 Stepping 4],1000000000.0,1000000000.0,1000000000.0,Microsoft Windows 10,"Enterprise LTSB x64 Edition, (10.00.19044.00)",17171070976.0,262144.0,19721207808.0,47715450880.0,12043943936.0,50470565.0,171008.0,14504363335.66,50555456.420003,25813395.198889,0.0,1.0,0.0,0.932014,0,0.0,0.0,1.0,2.0,3.0,4.0,5.0,6.0,7.0,8.0,9.0,10.0,11.0,12.0,13.0,14.0,15.0,1.0,0.0,3.0,2.0,5.0,4.0,7.0,6.0,9.0,8.0,11.0,10.0,13.0,12.0,15.0,14.0,2.0,3.0,1.0,0.0,6.0,7.0,5.0,4.0,10.0,11.0,9.0,8.0,14.0,15.0,12.0,13.0,3.0,2.0,0.0,1.0,7.0,6.0,4.0,5.0,11.0,10.0,8.0,9.0,15.0,14.0,13.0,12.0,4.0,5.0,6.0,7.0,1.0,0.0,2.0,3.0,12.0,15.0,14.0,13.0,9.0,11.0,10.0,8.0,5.0,4.0,7.0,6.0,0.0,1.0,3.0,2.0,13.0,14.0,15.0,12.0,8.0,10.0,11.0,9.0,6.0,7.0,4.0,5.0,2.0,3.0,1.0,0.0,14.0,13.0,12.0,15.0,10.0,9.0,8.0,11.0,7.0,6.0,5.0,4.0,3.0,2.0,0.0,1.0,15.0,12.0,13.0,14.0,11.0,8.0,9.0,10.0,8.0,9.0,10.0,11.0,12.0,13.0,14.0,15.0,0.0,1.0,2.0,3.0,4.0,5.0,6.0,7.0,9.0,8.0,11.0,10.0,13.0,12.0,15.0,14.0,1.0,0.0,3.0,2.0,5.0,4.0,7.0,6.0,10.0,11.0,9.0,8.0,14.0,15.0,12.0,13.0,2.0,3.0,1.0,0.0,6.0,7.0,4.0,5.0,11.0,10.0,8.0,9.0,15.0,14.0,13.0,12.0,3.0,2.0,0.0,1.0,7.0,6.0,5.0,4.0,12.0,15.0,13.0,14.0,9.0,11.0,10.0,8.0,4.0,6.0,5.0,7.0,3.0,0.0,2.0,1.0,13.0,14.0,12.0,15.0,8.0,10.0,11.0,9.0,5.0,7.0,4.0,6.0,2.0,1.0,3.0,0.0,14.0,13.0,15.0,12.0,11.0,8.0,9.0,10.0,6.0,4.0,7.0,5.0,0.0,3.0,1.0,2.0,15.0,12.0,14.0,13.0,10.0,9.0,8.0,11.0,7.0,5.0,6.0,4.0,1.0,2.0,0.0,3.0
303085,64500,14,multi_Transversal_5_2025-06-08_22_23_26_104991_2,1749421765,5,1,5,245.625,248.109344,0,1000000000.0,10805248.0,6529024.0,6230.0,3600000000000.0,86400000000000.0,500000000.0,1000000000.0,1749421406,604800,0,0,0,8,GenuineIntel,Intel(R) Xeon(R) CPU E5-2695 v2 @ 2.40GHz [Family 6 Model 62 Stepping 4],1000000000.0,1000000000.0,1000000000.0,Microsoft Windows 10,"Enterprise LTSB x64 Edition, (10.00.19044.00)",17171070976.0,262144.0,19721207808.0,47715450880.0,12043943936.0,50470565.0,171008.0,14504363335.66,50555456.420003,25813395.198889,0.0,1.0,0.0,0.932014,0,0.0,0.0,1.0,2.0,3.0,4.0,5.0,6.0,7.0,8.0,9.0,10.0,11.0,12.0,13.0,14.0,15.0,1.0,0.0,3.0,2.0,5.0,4.0,7.0,6.0,9.0,8.0,11.0,10.0,13.0,12.0,15.0,14.0,2.0,3.0,1.0,0.0,6.0,7.0,5.0,4.0,10.0,11.0,9.0,8.0,14.0,15.0,12.0,13.0,3.0,2.0,0.0,1.0,7.0,6.0,4.0,5.0,11.0,10.0,8.0,9.0,15.0,14.0,13.0,12.0,4.0,5.0,6.0,7.0,1.0,0.0,2.0,3.0,12.0,15.0,14.0,13.0,9.0,11.0,10.0,8.0,5.0,4.0,7.0,6.0,0.0,1.0,3.0,2.0,13.0,14.0,15.0,12.0,8.0,10.0,11.0,9.0,6.0,7.0,4.0,5.0,2.0,3.0,1.0,0.0,14.0,13.0,12.0,15.0,10.0,9.0,8.0,11.0,7.0,6.0,5.0,4.0,3.0,2.0,0.0,1.0,15.0,12.0,13.0,14.0,11.0,8.0,9.0,10.0,8.0,9.0,10.0,11.0,12.0,13.0,14.0,15.0,0.0,1.0,2.0,3.0,4.0,5.0,6.0,7.0,9.0,8.0,11.0,10.0,13.0,12.0,15.0,14.0,1.0,0.0,3.0,2.0,5.0,4.0,7.0,6.0,10.0,11.0,9.0,8.0,14.0,15.0,12.0,13.0,2.0,3.0,1.0,0.0,6.0,7.0,4.0,5.0,11.0,10.0,8.0,9.0,15.0,14.0,13.0,12.0,3.0,2.0,0.0,1.0,7.0,6.0,5.0,4.0,12.0,15.0,13.0,14.0,9.0,11.0,10.0,8.0,4.0,6.0,5.0,7.0,3.0,0.0,2.0,1.0,13.0,14.0,12.0,15.0,8.0,10.0,11.0,9.0,5.0,7.0,4.0,6.0,2.0,1.0,3.0,0.0,14.0,13.0,15.0,12.0,11.0,8.0,9.0,10.0,6.0,4.0,7.0,5.0,0.0,3.0,1.0,2.0,15.0,12.0,14.0,13.0,10.0,9.0,8.0,11.0,7.0,5.0,6.0,4.0,1.0,2.0,0.0,3.0
303086,64501,14,multi_Transversal_6_2025-06-08_22_23_26_224463_0,1749421765,5,1,5,245.625,248.109344,0,1000000000.0,10809344.0,6537216.0,6231.0,3600000000000.0,86400000000000.0,500000000.0,1000000000.0,1749421406,604800,0,0,0,8,GenuineIntel,Intel(R) Xeon(R) CPU E5-2695 v2 @ 2.40GHz [Family 6 Model 62 Stepping 4],1000000000.0,1000000000.0,1000000000.0,Microsoft Windows 10,"Enterprise LTSB x64 Edition, (10.00.19044.00)",17171070976.0,262144.0,19721207808.0,47715450880.0,12043943936.0,50470565.0,171008.0,14504363335.66,50555456.420003,25813395.198889,0.0,1.0,0.0,0.932014,0,0.0,0.0,1.0,2.0,3.0,4.0,5.0,6.0,7.0,8.0,9.0,10.0,11.0,12.0,13.0,14.0,15.0,1.0,0.0,3.0,2.0,5.0,4.0,7.0,6.0,9.0,8.0,11.0,10.0,13.0,12.0,15.0,14.0,2.0,3.0,1.0,0.0,6.0,7.0,5.0,4.0,10.0,11.0,9.0,8.0,14.0,15.0,13.0,12.0,3.0,2.0,0.0,1.0,7.0,6.0,4.0,5.0,11.0,10.0,8.0,9.0,15.0,14.0,12.0,13.0,4.0,5.0,6.0,7.0,1.0,0.0,3.0,2.0,12.0,13.0,14.0,15.0,9.0,8.0,10.0,11.0,5.0,4.0,7.0,6.0,0.0,1.0,2.0,3.0,13.0,12.0,15.0,14.0,8.0,9.0,11.0,10.0,6.0,7.0,4.0,5.0,2.0,3.0,0.0,1.0,14.0,15.0,12.0,13.0,10.0,11.0,9.0,8.0,7.0,6.0,5.0,4.0,3.0,2.0,1.0,0.0,15.0,14.0,13.0,12.0,11.0,10.0,8.0,9.0,8.0,9.0,10.0,11.0,12.0,13.0,14.0,15.0,0.0,1.0,2.0,3.0,4.0,5.0,6.0,7.0,9.0,8.0,11.0,10.0,13.0,12.0,15.0,14.0,1.0,0.0,3.0,2.0,5.0,4.0,7.0,6.0,10.0,11.0,9.0,8.0,14.0,15.0,12.0,13.0,2.0,3.0,1.0,0.0,6.0,7.0,4.0,5.0,11.0,10.0,8.0,9.0,15.0,14.0,13.0,12.0,3.0,2.0,0.0,1.0,7.0,6.0,5.0,4.0,12.0,15.0,14.0,13.0,9.0,11.0,10.0,8.0,4.0,7.0,5.0,6.0,1.0,3.0,2.0,0.0,13.0,14.0,15.0,12.0,8.0,10.0,11.0,9.0,5.0,6.0,4.0,7.0,0.0,2.0,3.0,1.0,14.0,13.0,12.0,15.0,10.0,9.0,8.0,11.0,6.0,5.0,7.0,4.0,3.0,0.0,1.0,2.0,15.0,12.0,13.0,14.0,11.0,8.0,9.0,10.0,7.0,4.0,6.0,5.0,2.0,1.0,0.0,3.0
303087,64501,14,multi_Transversal_6_2025-06-08_22_23_26_224463_1,1749421765,5,1,5,245.1719,248.109344,0,1000000000.0,10813440.0,6529024.0,6230.0,3600000000000.0,86400000000000.0,500000000.0,1000000000.0,1749421406,604800,0,0,0,8,GenuineIntel,Intel(R) Xeon(R) CPU E5-2695 v2 @ 2.40GHz [Family 6 Model 62 Stepping 4],1000000000.0,1000000000.0,1000000000.0,Microsoft Windows 10,"Enterprise LTSB x64 Edition, (10.00.19044.00)",17171070976.0,262144.0,19721207808.0,47715450880.0,12043943936.0,50470565.0,171008.0,14504363335.66,50555456.420003,25813395.198889,0.0,1.0,0.0,0.932014,0,0.0,0.0,1.0,2.0,3.0,4.0,5.0,6.0,7.0,8.0,9.0,10.0,11.0,12.0,13.0,14.0,15.0,1.0,0.0,3.0,2.0,5.0,4.0,7.0,6.0,9.0,8.0,11.0,10.0,13.0,12.0,15.0,14.0,2.0,3.0,1.0,0.0,6.0,7.0,5.0,4.0,10.0,11.0,9.0,8.0,14.0,15.0,13.0,12.0,3.0,2.0,0.0,1.0,7.0,6.0,4.0,5.0,11.0,10.0,8.0,9.0,15.0,14.0,12.0,13.0,4.0,5.0,6.0,7.0,1.0,0.0,3.0,2.0,12.0,13.0,14.0,15.0,9.0,8.0,10.0,11.0,5.0,4.0,7.0,6.0,0.0,1.0,2.0,3.0,13.0,12.0,15.0,14.0,8.0,9.0,11.0,10.0,6.0,7.0,4.0,5.0,2.0,3.0,0.0,1.0,14.0,15.0,12.0,13.0,10.0,11.0,9.0,8.0,7.0,6.0,5.0,4.0,3.0,2.0,1.0,0.0,15.0,14.0,13.0,12.0,11.0,10.0,8.0,9.0,8.0,9.0,10.0,11.0,12.0,13.0,14.0,15.0,0.0,1.0,2.0,3.0,4.0,5.0,6.0,7.0,9.0,8.0,11.0,10.0,13.0,12.0,15.0,14.0,1.0,0.0,3.0,2.0,5.0,4.0,7.0,6.0,10.0,11.0,9.0,8.0,14.0,15.0,12.0,13.0,2.0,3.0,1.0,0.0,6.0,7.0,4.0,5.0,11.0,10.0,8.0,9.0,15.0,14.0,13.0,12.0,3.0,2.0,0.0,1.0,7.0,6.0,5.0,4.0,12.0,15.0,14.0,13.0,9.0,11.0,10.0,8.0,4.0,7.0,5.0,6.0,1.0,3.0,2.0,0.0,13.0,14.0,15.0,12.0,8.0,10.0,11.0,9.0,5.0,6.0,4.0,7.0,0.0,2.0,3.0,1.0,14.0,13.0,12.0,15.0,10.0,9.0,8.0,11.0,6.0,5.0,7.0,4.0,3.0,0.0,1.0,2.0,15.0,12.0,13.0,14.0,11.0,8.0,9.0,10.0,7.0,4.0,6.0,5.0,2.0,1.0,0.0,3.0
303088,64501,14,multi_Transversal_6_2025-06-08_22_23_26_224463_2,1749421765,5,1,5,246.5938,248.109344,0,1000000000.0,10809344.0,6533120.0,6231.0,3600000000000.0,86400000000000.0,500000000.0,1000000000.0,1749421406,604800,0,0,0,8,GenuineIntel,Intel(R) Xeon(R) CPU E5-2695 v2 @ 2.40GHz [Family 6 Model 62 Stepping 4],1000000000.0,1000000000.0,1000000000.0,Microsoft Windows 10,"Enterprise LTSB x64 Edition, (10.00.19044.00)",17171070976.0,262144.0,19721207808.0,47715450880.0,12043943936.0,50470565.0,171008.0,14504363335.66,50555456.420003,25813395.198889,0.0,1.0,0.0,0.932014,0,0.0,0.0,1.0,2.0,3.0,4.0,5.0,6.0,7.0,8.0,9.0,10.0,11.0,12.0,13.0,14.0,15.0,1.0,0.0,3.0,2.0,5.0,4.0,7.0,6.0,9.0,8.0,11.0,10.0,13.0,12.0,15.0,14.0,2.0,3.0,1.0,0.0,6.0,7.0,5.0,4.0,10.0,11.0,9.0,8.0,14.0,15.0,13.0,12.0,3.0,2.0,0.0,1.0,7.0,6.0,4.0,5.0,11.0,10.0,8.0,9.0,15.0,14.0,12.0,13.0,4.0,5.0,6.0,7.0,1.0,0.0,3.0,2.0,12.0,13.0,14.0,15.0,9.0,8.0,10.0,11.0,5.0,4.0,7.0,6.0,0.0,1.0,2.0,3.0,13.0,12.0,15.0,14.0,8.0,9.0,11.0,10.0,6.0,7.0,4.0,5.0,2.0,3.0,0.0,1.0,14.0,15.0,12.0,13.0,10.0,11.0,9.0,8.0,7.0,6.0,5.0,4.0,3.0,2.0,1.0,0.0,15.0,14.0,13.0,12.0,11.0,10.0,8.0,9.0,8.0,9.0,10.0,11.0,12.0,13.0,14.0,15.0,0.0,1.0,2.0,3.0,4.0,5.0,6.0,7.0,9.0,8.0,11.0,10.0,13.0,12.0,15.0,14.0,1.0,0.0,3.0,2.0,5.0,4.0,7.0,6.0,10.0,11.0,9.0,8.0,14.0,15.0,12.0,13.0,2.0,3.0,1.0,0.0,6.0,7.0,4.0,5.0,11.0,10.0,8.0,9.0,15.0,14.0,13.0,12.0,3.0,2.0,0.0,1.0,7.0,6.0,5.0,4.0,12.0,15.0,14.0,13.0,9.0,11.0,10.0,8.0,4.0,7.0,5.0,6.0,1.0,3.0,2.0,0.0,13.0,14.0,15.0,12.0,8.0,10.0,11.0,9.0,5.0,6.0,4.0,7.0,0.0,2.0,3.0,1.0,14.0,13.0,12.0,15.0,10.0,9.0,8.0,11.0,6.0,5.0,7.0,4.0,3.0,0.0,1.0,2.0,15.0,12.0,13.0,14.0,11.0,8.0,9.0,10.0,7.0,4.0,6.0,5.0,2.0,1.0,0.0,3.0
303089,64502,14,multi_Transversal_7_2025-06-08_22_23_26_318383_0,1749421765,5,1,5,245.7656,248.124435,0,1000000000.0,10809344.0,6520832.0,6231.0,3600000000000.0,86400000000000.0,500000000.0,1000000000.0,1749421406,604800,0,0,0,8,GenuineIntel,Intel(R) Xeon(R) CPU E5-2695 v2 @ 2.40GHz [Family 6 Model 62 Stepping 4],1000000000.0,1000000000.0,1000000000.0,Microsoft Windows 10,"Enterprise LTSB x64 Edition, (10.00.19044.00)",17171070976.0,262144.0,19721207808.0,47715450880.0,12043943936.0,50470565.0,171008.0,14504363335.66,50555456.420003,25813395.198889,0.0,1.0,0.0,0.932014,0,0.0,0.0,1.0,2.0,3.0,4.0,5.0,6.0,7.0,8.0,9.0,10.0,11.0,12.0,13.0,14.0,15.0,1.0,0.0,3.0,2.0,5.0,4.0,7.0,6.0,9.0,8.0,11.0,10.0,13.0,12.0,15.0,14.0,2.0,3.0,1.0,0.0,6.0,7.0,5.0,4.0,10.0,11.0,9.0,8.0,14.0,15.0,13.0,12.0,3.0,2.0,0.0,1.0,7.0,6.0,4.0,5.0,11.0,10.0,8.0,9.0,15.0,14.0,12.0,13.0,4.0,5.0,6.0,7.0,1.0,0.0,3.0,2.0,12.0,13.0,14.0,15.0,9.0,8.0,11.0,10.0,5.0,4.0,7.0,6.0,0.0,1.0,2.0,3.0,13.0,12.0,15.0,14.0,8.0,9.0,10.0,11.0,6.0,7.0,5.0,4.0,3.0,2.0,0.0,1.0,14.0,15.0,12.0,13.0,10.0,11.0,8.0,9.0,7.0,6.0,4.0,5.0,2.0,3.0,1.0,0.0,15.0,14.0,13.0,12.0,11.0,10.0,9.0,8.0,8.0,9.0,10.0,11.0,12.0,13.0,14.0,15.0,0.0,1.0,2.0,3.0,4.0,5.0,6.0,7.0,9.0,8.0,11.0,10.0,13.0,12.0,15.0,14.0,1.0,0.0,3.0,2.0,5.0,4.0,7.0,6.0,10.0,11.0,9.0,8.0,14.0,15.0,13.0,12.0,2.0,3.0,1.0,0.0,6.0,7.0,4.0,5.0,11.0,10.0,8.0,9.0,15.0,14.0,12.0,13.0,3.0,2.0,0.0,1.0,7.0,6.0,5.0,4.0,12.0,13.0,14.0,15.0,9.0,8.0,10.0,11.0,4.0,7.0,6.0,5.0,1.0,3.0,2.0,0.0,13.0,12.0,15.0,14.0,8.0,9.0,11.0,10.0,5.0,6.0,7.0,4.0,0.0,2.0,3.0,1.0,14.0,15.0,12.0,13.0,10.0,11.0,9.0,8.0,6.0,5.0,4.0,7.0,2.0,1.0,0.0,3.0,15.0,14.0,13.0,12.0,11.0,10.0,8.0,9.0,7.0,4.0,5.0,6.0,3.0,0.0,1.0,2.0
303090,64502,15,multi_Transversal_7_2025-06-08_22_23_26_318383_1,1749421765,5,1,5,242.0938,243.906054,0,1000000000.0,10809344.0,6524928.0,6228.0,3600000000000.0,86400000000000.0,500000000.0,1000000000.0,1749421406,604800,0,0,0,8,GenuineIntel,Intel(R) Xeon(R) CPU E5-2630 v3 @ 2.40GHz [Family 6 Model 63 Stepping 2],1000000000.0,1000000000.0,1000000000.0,Microsoft Windows 10,"Enterprise LTSB x64 Edition, (10.00.19044.00)",17171070976.0,262144.0,19721207808.0,47715450880.0,12169773056.0,41069893.0,0.0,14931112898.46,74228947.62302,14098642.125756,0.0,1.0,0.0,0.923155,0,0.0,0.0,1.0,2.0,3.0,4.0,5.0,6.0,7.0,8.0,9.0,10.0,11.0,12.0,13.0,14.0,15.0,1.0,0.0,3.0,2.0,5.0,4.0,7.0,6.0,9.0,8.0,11.0,10.0,13.0,12.0,15.0,14.0,2.0,3.0,1.0,0.0,6.0,7.0,5.0,4.0,10.0,11.0,9.0,8.0,14.0,15.0,13.0,12.0,3.0,2.0,0.0,1.0,7.0,6.0,4.0,5.0,11.0,10.0,8.0,9.0,15.0,14.0,12.0,13.0,4.0,5.0,6.0,7.0,1.0,0.0,3.0,2.0,12.0,13.0,14.0,15.0,9.0,8.0,11.0,10.0,5.0,4.0,7.0,6.0,0.0,1.0,2.0,3.0,13.0,12.0,15.0,14.0,8.0,9.0,10.0,11.0,6.0,7.0,5.0,4.0,3.0,2.0,0.0,1.0,14.0,15.0,12.0,13.0,10.0,11.0,8.0,9.0,7.0,6.0,4.0,5.0,2.0,3.0,1.0,0.0,15.0,14.0,13.0,12.0,11.0,10.0,9.0,8.0,8.0,9.0,10.0,11.0,12.0,13.0,14.0,15.0,0.0,1.0,2.0,3.0,4.0,5.0,6.0,7.0,9.0,8.0,11.0,10.0,13.0,12.0,15.0,14.0,1.0,0.0,3.0,2.0,5.0,4.0,7.0,6.0,10.0,11.0,9.0,8.0,14.0,15.0,13.0,12.0,2.0,3.0,1.0,0.0,6.0,7.0,4.0,5.0,11.0,10.0,8.0,9.0,15.0,14.0,12.0,13.0,3.0,2.0,0.0,1.0,7.0,6.0,5.0,4.0,12.0,13.0,14.0,15.0,9.0,8.0,10.0,11.0,4.0,7.0,6.0,5.0,1.0,3.0,2.0,0.0,13.0,12.0,15.0,14.0,8.0,9.0,11.0,10.0,5.0,6.0,7.0,4.0,0.0,2.0,3.0,1.0,14.0,15.0,12.0,13.0,10.0,11.0,9.0,8.0,6.0,5.0,4.0,7.0,2.0,1.0,0.0,3.0,15.0,14.0,13.0,12.0,11.0,10.0,8.0,9.0,7.0,4.0,5.0,6.0,3.0,0.0,1.0,2.0
303091,64502,15,multi_Transversal_7_2025-06-08_22_23_26_318383_2,1749421765,5,1,5,239.875,241.912823,0,1000000000.0,10817536.0,6520832.0,6228.0,3600000000000.0,86400000000000.0,500000000.0,1000000000.0,1749421406,604800,0,0,0,8,GenuineIntel,Intel(R) Xeon(R) CPU E5-2630 v3 @ 2.40GHz [Family 6 Model 63 Stepping 2],1000000000.0,1000000000.0,1000000000.0,Microsoft Windows 10,"Enterprise LTSB x64 Edition, (10.00.19044.00)",17171070976.0,262144.0,19721207808.0,47715450880.0,12169773056.0,41069893.0,0.0,14931112898.46,74228947.62302,14098642.125756,0.0,1.0,0.0,0.923155,0,0.0,0.0,1.0,2.0,3.0,4.0,5.0,6.0,7.0,8.0,9.0,10.0,11.0,12.0,13.0,14.0,15.0,1.0,0.0,3.0,2.0,5.0,4.0,7.0,6.0,9.0,8.0,11.0,10.0,13.0,12.0,15.0,14.0,2.0,3.0,1.0,0.0,6.0,7.0,5.0,4.0,10.0,11.0,9.0,8.0,14.0,15.0,13.0,12.0,3.0,2.0,0.0,1.0,7.0,6.0,4.0,5.0,11.0,10.0,8.0,9.0,15.0,14.0,12.0,13.0,4.0,5.0,6.0,7.0,1.0,0.0,3.0,2.0,12.0,13.0,14.0,15.0,9.0,8.0,11.0,10.0,5.0,4.0,7.0,6.0,0.0,1.0,2.0,3.0,13.0,12.0,15.0,14.0,8.0,9.0,10.0,11.0,6.0,7.0,5.0,4.0,3.0,2.0,0.0,1.0,14.0,15.0,12.0,13.0,10.0,11.0,8.0,9.0,7.0,6.0,4.0,5.0,2.0,3.0,1.0,0.0,15.0,14.0,13.0,12.0,11.0,10.0,9.0,8.0,8.0,9.0,10.0,11.0,12.0,13.0,14.0,15.0,0.0,1.0,2.0,3.0,4.0,5.0,6.0,7.0,9.0,8.0,11.0,10.0,13.0,12.0,15.0,14.0,1.0,0.0,3.0,2.0,5.0,4.0,7.0,6.0,10.0,11.0,9.0,8.0,14.0,15.0,13.0,12.0,2.0,3.0,1.0,0.0,6.0,7.0,4.0,5.0,11.0,10.0,8.0,9.0,15.0,14.0,12.0,13.0,3.0,2.0,0.0,1.0,7.0,6.0,5.0,4.0,12.0,13.0,14.0,15.0,9.0,8.0,10.0,11.0,4.0,7.0,6.0,5.0,1.0,3.0,2.0,0.0,13.0,12.0,15.0,14.0,8.0,9.0,11.0,10.0,5.0,6.0,7.0,4.0,0.0,2.0,3.0,1.0,14.0,15.0,12.0,13.0,10.0,11.0,9.0,8.0,6.0,5.0,4.0,7.0,2.0,1.0,0.0,3.0,15.0,14.0,13.0,12.0,11.0,10.0,8.0,9.0,7.0,4.0,5.0,6.0,3.0,0.0,1.0,2.0
303092,64503,15,multi_Transversal_8_2025-06-08_22_23_26_390404_0,1749421765,5,1,5,245.1719,247.968546,0,1000000000.0,10805248.0,6529024.0,6228.0,3600000000000.0,86400000000000.0,500000000.0,1000000000.0,1749421406,604800,0,0,0,8,GenuineIntel,Intel(R) Xeon(R) CPU E5-2630 v3 @ 2.40GHz [Family 6 Model 63 Stepping 2],1000000000.0,1000000000.0,1000000000.0,Microsoft Windows 10,"Enterprise LTSB x64 Edition, (10.00.19044.00)",17171070976.0,262144.0,19721207808.0,47715450880.0,12169773056.0,41069893.0,0.0,14931112898.46,74228947.62302,14098642.125756,0.0,1.0,0.0,0.923155,0,0.0,0.0,1.0,2.0,3.0,4.0,5.0,6.0,7.0,8.0,9.0,10.0,11.0,12.0,13.0,14.0,15.0,1.0,0.0,3.0,2.0,5.0,4.0,7.0,6.0,9.0,8.0,11.0,10.0,13.0,12.0,15.0,14.0,2.0,3.0,1.0,0.0,6.0,7.0,5.0,4.0,10.0,11.0,9.0,8.0,14.0,15.0,13.0,12.0,3.0,2.0,0.0,1.0,7.0,6.0,4.0,5.0,11.0,10.0,8.0,9.0,15.0,14.0,12.0,13.0,4.0,5.0,6.0,7.0,3.0,0.0,1.0,2.0,12.0,13.0,14.0,15.0,9.0,8.0,11.0,10.0,5.0,4.0,7.0,6.0,0.0,3.0,2.0,1.0,13.0,12.0,15.0,14.0,8.0,9.0,10.0,11.0,6.0,7.0,5.0,4.0,1.0,2.0,3.0,0.0,14.0,15.0,13.0,12.0,11.0,10.0,8.0,9.0,7.0,6.0,4.0,5.0,2.0,1.0,0.0,3.0,15.0,14.0,12.0,13.0,10.0,11.0,9.0,8.0,8.0,9.0,10.0,11.0,12.0,13.0,14.0,15.0,0.0,1.0,2.0,3.0,4.0,5.0,6.0,7.0,9.0,8.0,11.0,10.0,13.0,12.0,15.0,14.0,1.0,0.0,3.0,2.0,5.0,4.0,7.0,6.0,10.0,11.0,9.0,8.0,14.0,15.0,13.0,12.0,2.0,3.0,1.0,0.0,6.0,7.0,5.0,4.0,11.0,10.0,8.0,9.0,15.0,14.0,12.0,13.0,3.0,2.0,0.0,1.0,7.0,6.0,4.0,5.0,12.0,13.0,14.0,15.0,9.0,8.0,11.0,10.0,4.0,5.0,6.0,7.0,1.0,0.0,2.0,3.0,13.0,12.0,15.0,14.0,8.0,9.0,10.0,11.0,5.0,4.0,7.0,6.0,0.0,1.0,3.0,2.0,14.0,15.0,12.0,13.0,10.0,11.0,8.0,9.0,6.0,7.0,4.0,5.0,2.0,3.0,1.0,0.0,15.0,14.0,13.0,12.0,11.0,10.0,9.0,8.0,7.0,6.0,5.0,4.0,3.0,2.0,0.0,1.0
303093,64503,15,multi_Transversal_8_2025-06-08_22_23_26_390404_1,1749421765,5,1,5,238.4375,240.912861,0,1000000000.0,10809344.0,6520832.0,6228.0,3600000000000.0,86400000000000.0,500000000.0,1000000000.0,1749421406,604800,0,0,0,8,GenuineIntel,Intel(R) Xeon(R) CPU E5-2630 v3 @ 2.40GHz [Family 6 Model 63 Stepping 2],1000000000.0,1000000000.0,1000000000.0,Microsoft Windows 10,"Enterprise LTSB x64 Edition, (10.00.19044.00)",17171070976.0,262144.0,19721207808.0,47715450880.0,12169773056.0,41069893.0,0.0,14931112898.46,74228947.62302,14098642.125756,0.0,1.0,0.0,0.923155,0,0.0,0.0,1.0,2.0,3.0,4.0,5.0,6.0,7.0,8.0,9.0,10.0,11.0,12.0,13.0,14.0,15.0,1.0,0.0,3.0,2.0,5.0,4.0,7.0,6.0,9.0,8.0,11.0,10.0,13.0,12.0,15.0,14.0,2.0,3.0,1.0,0.0,6.0,7.0,5.0,4.0,10.0,11.0,9.0,8.0,14.0,15.0,13.0,12.0,3.0,2.0,0.0,1.0,7.0,6.0,4.0,5.0,11.0,10.0,8.0,9.0,15.0,14.0,12.0,13.0,4.0,5.0,6.0,7.0,3.0,0.0,1.0,2.0,12.0,13.0,14.0,15.0,9.0,8.0,11.0,10.0,5.0,4.0,7.0,6.0,0.0,3.0,2.0,1.0,13.0,12.0,15.0,14.0,8.0,9.0,10.0,11.0,6.0,7.0,5.0,4.0,1.0,2.0,3.0,0.0,14.0,15.0,13.0,12.0,11.0,10.0,8.0,9.0,7.0,6.0,4.0,5.0,2.0,1.0,0.0,3.0,15.0,14.0,12.0,13.0,10.0,11.0,9.0,8.0,8.0,9.0,10.0,11.0,12.0,13.0,14.0,15.0,0.0,1.0,2.0,3.0,4.0,5.0,6.0,7.0,9.0,8.0,11.0,10.0,13.0,12.0,15.0,14.0,1.0,0.0,3.0,2.0,5.0,4.0,7.0,6.0,10.0,11.0,9.0,8.0,14.0,15.0,13.0,12.0,2.0,3.0,1.0,0.0,6.0,7.0,5.0,4.0,11.0,10.0,8.0,9.0,15.0,14.0,12.0,13.0,3.0,2.0,0.0,1.0,7.0,6.0,4.0,5.0,12.0,13.0,14.0,15.0,9.0,8.0,11.0,10.0,4.0,5.0,6.0,7.0,1.0,0.0,2.0,3.0,13.0,12.0,15.0,14.0,8.0,9.0,10.0,11.0,5.0,4.0,7.0,6.0,0.0,1.0,3.0,2.0,14.0,15.0,12.0,13.0,10.0,11.0,8.0,9.0,6.0,7.0,4.0,5.0,2.0,3.0,1.0,0.0,15.0,14.0,13.0,12.0,11.0,10.0,9.0,8.0,7.0,6.0,5.0,4.0,3.0,2.0,0.0,1.0
303094,64503,15,multi_Transversal_8_2025-06-08_22_23_26_390404_2,1749421765,5,1,5,246.3594,247.952934,0,1000000000.0,10813440.0,6520832.0,6227.0,3600000000000.0,86400000000000.0,500000000.0,1000000000.0,1749421406,604800,0,0,0,8,GenuineIntel,Intel(R) Xeon(R) CPU E5-2630 v3 @ 2.40GHz [Family 6 Model 63 Stepping 2],1000000000.0,1000000000.0,1000000000.0,Microsoft Windows 10,"Enterprise LTSB x64 Edition, (10.00.19044.00)",17171070976.0,262144.0,19721207808.0,47715450880.0,12169773056.0,41069893.0,0.0,14931112898.46,74228947.62302,14098642.125756,0.0,1.0,0.0,0.923155,0,0.0,0.0,1.0,2.0,3.0,4.0,5.0,6.0,7.0,8.0,9.0,10.0,11.0,12.0,13.0,14.0,15.0,1.0,0.0,3.0,2.0,5.0,4.0,7.0,6.0,9.0,8.0,11.0,10.0,13.0,12.0,15.0,14.0,2.0,3.0,1.0,0.0,6.0,7.0,5.0,4.0,10.0,11.0,9.0,8.0,14.0,15.0,13.0,12.0,3.0,2.0,0.0,1.0,7.0,6.0,4.0,5.0,11.0,10.0,8.0,9.0,15.0,14.0,12.0,13.0,4.0,5.0,6.0,7.0,3.0,0.0,1.0,2.0,12.0,13.0,14.0,15.0,9.0,8.0,11.0,10.0,5.0,4.0,7.0,6.0,0.0,3.0,2.0,1.0,13.0,12.0,15.0,14.0,8.0,9.0,10.0,11.0,6.0,7.0,5.0,4.0,1.0,2.0,3.0,0.0,14.0,15.0,13.0,12.0,11.0,10.0,8.0,9.0,7.0,6.0,4.0,5.0,2.0,1.0,0.0,3.0,15.0,14.0,12.0,13.0,10.0,11.0,9.0,8.0,8.0,9.0,10.0,11.0,12.0,13.0,14.0,15.0,0.0,1.0,2.0,3.0,4.0,5.0,6.0,7.0,9.0,8.0,11.0,10.0,13.0,12.0,15.0,14.0,1.0,0.0,3.0,2.0,5.0,4.0,7.0,6.0,10.0,11.0,9.0,8.0,14.0,15.0,13.0,12.0,2.0,3.0,1.0,0.0,6.0,7.0,5.0,4.0,11.0,10.0,8.0,9.0,15.0,14.0,12.0,13.0,3.0,2.0,0.0,1.0,7.0,6.0,4.0,5.0,12.0,13.0,14.0,15.0,9.0,8.0,11.0,10.0,4.0,5.0,6.0,7.0,1.0,0.0,2.0,3.0,13.0,12.0,15.0,14.0,8.0,9.0,10.0,11.0,5.0,4.0,7.0,6.0,0.0,1.0,3.0,2.0,14.0,15.0,12.0,13.0,10.0,11.0,8.0,9.0,6.0,7.0,4.0,5.0,2.0,3.0,1.0,0.0,15.0,14.0,13.0,12.0,11.0,10.0,9.0,8.0,7.0,6.0,5.0,4.0,3.0,2.0,0.0,1.0
303095,64504,15,multi_Transversal_9_2025-06-08_22_23_26_449999_0,1749421765,5,1,5,237.4375,239.944017,0,1000000000.0,10813440.0,6516736.0,6228.0,3600000000000.0,86400000000000.0,500000000.0,1000000000.0,1749421406,604800,0,0,0,8,GenuineIntel,Intel(R) Xeon(R) CPU E5-2630 v3 @ 2.40GHz [Family 6 Model 63 Stepping 2],1000000000.0,1000000000.0,1000000000.0,Microsoft Windows 10,"Enterprise LTSB x64 Edition, (10.00.19044.00)",17171070976.0,262144.0,19721207808.0,47715450880.0,12169773056.0,41069893.0,0.0,14931112898.46,74228947.62302,14098642.125756,0.0,1.0,0.0,0.923155,0,0.0,0.0,1.0,2.0,3.0,4.0,5.0,6.0,7.0,8.0,9.0,10.0,11.0,12.0,13.0,14.0,15.0,1.0,0.0,3.0,2.0,5.0,4.0,7.0,6.0,9.0,8.0,11.0,10.0,13.0,12.0,15.0,14.0,2.0,3.0,1.0,0.0,6.0,7.0,5.0,4.0,10.0,11.0,9.0,8.0,14.0,15.0,13.0,12.0,3.0,2.0,0.0,1.0,7.0,6.0,4.0,5.0,11.0,10.0,8.0,9.0,15.0,14.0,12.0,13.0,4.0,5.0,6.0,7.0,3.0,2.0,0.0,1.0,12.0,13.0,14.0,15.0,11.0,8.0,9.0,10.0,5.0,4.0,7.0,6.0,2.0,3.0,1.0,0.0,13.0,12.0,15.0,14.0,8.0,11.0,10.0,9.0,6.0,7.0,5.0,4.0,0.0,1.0,2.0,3.0,14.0,15.0,13.0,12.0,9.0,10.0,11.0,8.0,7.0,6.0,4.0,5.0,1.0,0.0,3.0,2.0,15.0,14.0,12.0,13.0,10.0,9.0,8.0,11.0,8.0,9.0,10.0,11.0,12.0,13.0,14.0,15.0,0.0,1.0,2.0,3.0,4.0,5.0,6.0,7.0,9.0,8.0,11.0,10.0,13.0,12.0,15.0,14.0,1.0,0.0,3.0,2.0,5.0,4.0,7.0,6.0,10.0,11.0,9.0,8.0,14.0,15.0,13.0,12.0,2.0,3.0,1.0,0.0,6.0,7.0,5.0,4.0,11.0,10.0,8.0,9.0,15.0,14.0,12.0,13.0,3.0,2.0,0.0,1.0,7.0,6.0,4.0,5.0,12.0,13.0,14.0,15.0,9.0,8.0,11.0,10.0,4.0,5.0,6.0,7.0,1.0,0.0,3.0,2.0,13.0,12.0,15.0,14.0,8.0,9.0,10.0,11.0,5.0,4.0,7.0,6.0,0.0,1.0,2.0,3.0,14.0,15.0,13.0,12.0,11.0,10.0,8.0,9.0,6.0,7.0,4.0,5.0,2.0,3.0,0.0,1.0,15.0,14.0,12.0,13.0,10.0,11.0,9.0,8.0,7.0,6.0,5.0,4.0,3.0,2.0,1.0,0.0
303096,64504,15,multi_Transversal_9_2025-06-08_22_23_26_449999_1,1749421765,5,1,5,239.125,240.944021,0,1000000000.0,10813440.0,6529024.0,6227.0,3600000000000.0,86400000000000.0,500000000.0,1000000000.0,1749421406,604800,0,0,0,8,GenuineIntel,Intel(R) Xeon(R) CPU E5-2630 v3 @ 2.40GHz [Family 6 Model 63 Stepping 2],1000000000.0,1000000000.0,1000000000.0,Microsoft Windows 10,"Enterprise LTSB x64 Edition, (10.00.19044.00)",17171070976.0,262144.0,19721207808.0,47715450880.0,12169773056.0,41069893.0,0.0,14931112898.46,74228947.62302,14098642.125756,0.0,1.0,0.0,0.923155,0,0.0,0.0,1.0,2.0,3.0,4.0,5.0,6.0,7.0,8.0,9.0,10.0,11.0,12.0,13.0,14.0,15.0,1.0,0.0,3.0,2.0,5.0,4.0,7.0,6.0,9.0,8.0,11.0,10.0,13.0,12.0,15.0,14.0,2.0,3.0,1.0,0.0,6.0,7.0,5.0,4.0,10.0,11.0,9.0,8.0,14.0,15.0,13.0,12.0,3.0,2.0,0.0,1.0,7.0,6.0,4.0,5.0,11.0,10.0,8.0,9.0,15.0,14.0,12.0,13.0,4.0,5.0,6.0,7.0,3.0,2.0,0.0,1.0,12.0,13.0,14.0,15.0,11.0,8.0,9.0,10.0,5.0,4.0,7.0,6.0,2.0,3.0,1.0,0.0,13.0,12.0,15.0,14.0,8.0,11.0,10.0,9.0,6.0,7.0,5.0,4.0,0.0,1.0,2.0,3.0,14.0,15.0,13.0,12.0,9.0,10.0,11.0,8.0,7.0,6.0,4.0,5.0,1.0,0.0,3.0,2.0,15.0,14.0,12.0,13.0,10.0,9.0,8.0,11.0,8.0,9.0,10.0,11.0,12.0,13.0,14.0,15.0,0.0,1.0,2.0,3.0,4.0,5.0,6.0,7.0,9.0,8.0,11.0,10.0,13.0,12.0,15.0,14.0,1.0,0.0,3.0,2.0,5.0,4.0,7.0,6.0,10.0,11.0,9.0,8.0,14.0,15.0,13.0,12.0,2.0,3.0,1.0,0.0,6.0,7.0,5.0,4.0,11.0,10.0,8.0,9.0,15.0,14.0,12.0,13.0,3.0,2.0,0.0,1.0,7.0,6.0,4.0,5.0,12.0,13.0,14.0,15.0,9.0,8.0,11.0,10.0,4.0,5.0,6.0,7.0,1.0,0.0,3.0,2.0,13.0,12.0,15.0,14.0,8.0,9.0,10.0,11.0,5.0,4.0,7.0,6.0,0.0,1.0,2.0,3.0,14.0,15.0,13.0,12.0,11.0,10.0,8.0,9.0,6.0,7.0,4.0,5.0,2.0,3.0,0.0,1.0,15.0,14.0,12.0,13.0,10.0,11.0,9.0,8.0,7.0,6.0,5.0,4.0,3.0,2.0,1.0,0.0
303097,64504,15,multi_Transversal_9_2025-06-08_22_23_26_449999_2,1749421765,5,1,5,241.2656,242.89045,0,1000000000.0,10809344.0,6516736.0,6227.0,3600000000000.0,86400000000000.0,500000000.0,1000000000.0,1749421406,604800,0,0,0,8,GenuineIntel,Intel(R) Xeon(R) CPU E5-2630 v3 @ 2.40GHz [Family 6 Model 63 Stepping 2],1000000000.0,1000000000.0,1000000000.0,Microsoft Windows 10,"Enterprise LTSB x64 Edition, (10.00.19044.00)",17171070976.0,262144.0,19721207808.0,47715450880.0,12169773056.0,41069893.0,0.0,14931112898.46,74228947.62302,14098642.125756,0.0,1.0,0.0,0.923155,0,0.0,0.0,1.0,2.0,3.0,4.0,5.0,6.0,7.0,8.0,9.0,10.0,11.0,12.0,13.0,14.0,15.0,1.0,0.0,3.0,2.0,5.0,4.0,7.0,6.0,9.0,8.0,11.0,10.0,13.0,12.0,15.0,14.0,2.0,3.0,1.0,0.0,6.0,7.0,5.0,4.0,10.0,11.0,9.0,8.0,14.0,15.0,13.0,12.0,3.0,2.0,0.0,1.0,7.0,6.0,4.0,5.0,11.0,10.0,8.0,9.0,15.0,14.0,12.0,13.0,4.0,5.0,6.0,7.0,3.0,2.0,0.0,1.0,12.0,13.0,14.0,15.0,11.0,8.0,9.0,10.0,5.0,4.0,7.0,6.0,2.0,3.0,1.0,0.0,13.0,12.0,15.0,14.0,8.0,11.0,10.0,9.0,6.0,7.0,5.0,4.0,0.0,1.0,2.0,3.0,14.0,15.0,13.0,12.0,9.0,10.0,11.0,8.0,7.0,6.0,4.0,5.0,1.0,0.0,3.0,2.0,15.0,14.0,12.0,13.0,10.0,9.0,8.0,11.0,8.0,9.0,10.0,11.0,12.0,13.0,14.0,15.0,0.0,1.0,2.0,3.0,4.0,5.0,6.0,7.0,9.0,8.0,11.0,10.0,13.0,12.0,15.0,14.0,1.0,0.0,3.0,2.0,5.0,4.0,7.0,6.0,10.0,11.0,9.0,8.0,14.0,15.0,13.0,12.0,2.0,3.0,1.0,0.0,6.0,7.0,5.0,4.0,11.0,10.0,8.0,9.0,15.0,14.0,12.0,13.0,3.0,2.0,0.0,1.0,7.0,6.0,4.0,5.0,12.0,13.0,14.0,15.0,9.0,8.0,11.0,10.0,4.0,5.0,6.0,7.0,1.0,0.0,3.0,2.0,13.0,12.0,15.0,14.0,8.0,9.0,10.0,11.0,5.0,4.0,7.0,6.0,0.0,1.0,2.0,3.0,14.0,15.0,13.0,12.0,11.0,10.0,8.0,9.0,6.0,7.0,4.0,5.0,2.0,3.0,0.0,1.0,15.0,14.0,12.0,13.0,10.0,11.0,9.0,8.0,7.0,6.0,5.0,4.0,3.0,2.0,1.0,0.0
303098,64505,15,multi_Transversal_10_2025-06-08_22_23_26_500150_0,1749421765,5,1,5,239.0,240.92844,0,1000000000.0,10817536.0,6524928.0,6232.0,3600000000000.0,86400000000000.0,500000000.0,1000000000.0,1749421406,604800,0,0,0,8,GenuineIntel,Intel(R) Xeon(R) CPU E5-2630 v3 @ 2.40GHz [Family 6 Model 63 Stepping 2],1000000000.0,1000000000.0,1000000000.0,Microsoft Windows 10,"Enterprise LTSB x64 Edition, (10.00.19044.00)",17171070976.0,262144.0,19721207808.0,47715450880.0,12169773056.0,41069893.0,0.0,14931112898.46,74228947.62302,14098642.125756,0.0,1.0,0.0,0.923155,0,0.0,0.0,1.0,2.0,3.0,4.0,5.0,6.0,7.0,8.0,9.0,10.0,11.0,12.0,13.0,14.0,15.0,1.0,0.0,3.0,2.0,5.0,4.0,7.0,6.0,9.0,8.0,11.0,10.0,13.0,12.0,15.0,14.0,2.0,3.0,1.0,0.0,6.0,7.0,5.0,4.0,10.0,11.0,9.0,8.0,14.0,15.0,13.0,12.0,3.0,2.0,0.0,1.0,7.0,6.0,4.0,5.0,11.0,10.0,8.0,9.0,15.0,14.0,12.0,13.0,4.0,6.0,5.0,7.0,3.0,0.0,2.0,1.0,12.0,13.0,14.0,15.0,11.0,10.0,8.0,9.0,5.0,7.0,4.0,6.0,2.0,1.0,3.0,0.0,13.0,12.0,15.0,14.0,10.0,11.0,9.0,8.0,6.0,4.0,7.0,5.0,0.0,3.0,1.0,2.0,14.0,15.0,13.0,12.0,8.0,9.0,10.0,11.0,7.0,5.0,6.0,4.0,1.0,2.0,0.0,3.0,15.0,14.0,12.0,13.0,9.0,8.0,11.0,10.0,8.0,9.0,10.0,11.0,12.0,13.0,14.0,15.0,0.0,1.0,2.0,3.0,4.0,5.0,6.0,7.0,9.0,8.0,11.0,10.0,13.0,12.0,15.0,14.0,1.0,0.0,3.0,2.0,5.0,4.0,7.0,6.0,10.0,11.0,9.0,8.0,14.0,15.0,13.0,12.0,2.0,3.0,1.0,0.0,6.0,7.0,5.0,4.0,11.0,10.0,8.0,9.0,15.0,14.0,12.0,13.0,3.0,2.0,0.0,1.0,7.0,6.0,4.0,5.0,12.0,13.0,14.0,15.0,11.0,8.0,9.0,10.0,4.0,5.0,6.0,7.0,1.0,0.0,3.0,2.0,13.0,12.0,15.0,14.0,8.0,11.0,10.0,9.0,5.0,4.0,7.0,6.0,0.0,1.0,2.0,3.0,14.0,15.0,13.0,12.0,9.0,10.0,11.0,8.0,6.0,7.0,5.0,4.0,3.0,2.0,0.0,1.0,15.0,14.0,12.0,13.0,10.0,9.0,8.0,11.0,7.0,6.0,4.0,5.0,2.0,3.0,1.0,0.0
303099,64505,12,multi_Transversal_10_2025-06-08_22_23_26_500150_1,1749421765,5,1,5,245.0781,247.406258,0,1000000000.0,11051008.0,6524928.0,6235.0,3600000000000.0,86400000000000.0,500000000.0,1000000000.0,1749421406,604800,0,0,0,8,GenuineIntel,Intel(R) Xeon(R) CPU E5-2695 v2 @ 2.40GHz [Family 6 Model 62 Stepping 4],1000000000.0,1000000000.0,1000000000.0,Microsoft Windows 10,"Enterprise LTSB x64 Edition, (10.00.19044.00)",25761005568.0,262144.0,29519101952.0,47715450880.0,9854517248.0,50332470.0,0.0,13190576267.66,47277768.885526,29243555.256756,0.0,1.0,0.0,0.926923,0,0.0,0.0,1.0,2.0,3.0,4.0,5.0,6.0,7.0,8.0,9.0,10.0,11.0,12.0,13.0,14.0,15.0,1.0,0.0,3.0,2.0,5.0,4.0,7.0,6.0,9.0,8.0,11.0,10.0,13.0,12.0,15.0,14.0,2.0,3.0,1.0,0.0,6.0,7.0,5.0,4.0,10.0,11.0,9.0,8.0,14.0,15.0,13.0,12.0,3.0,2.0,0.0,1.0,7.0,6.0,4.0,5.0,11.0,10.0,8.0,9.0,15.0,14.0,12.0,13.0,4.0,6.0,5.0,7.0,3.0,0.0,2.0,1.0,12.0,13.0,14.0,15.0,11.0,10.0,8.0,9.0,5.0,7.0,4.0,6.0,2.0,1.0,3.0,0.0,13.0,12.0,15.0,14.0,10.0,11.0,9.0,8.0,6.0,4.0,7.0,5.0,0.0,3.0,1.0,2.0,14.0,15.0,13.0,12.0,8.0,9.0,10.0,11.0,7.0,5.0,6.0,4.0,1.0,2.0,0.0,3.0,15.0,14.0,12.0,13.0,9.0,8.0,11.0,10.0,8.0,9.0,10.0,11.0,12.0,13.0,14.0,15.0,0.0,1.0,2.0,3.0,4.0,5.0,6.0,7.0,9.0,8.0,11.0,10.0,13.0,12.0,15.0,14.0,1.0,0.0,3.0,2.0,5.0,4.0,7.0,6.0,10.0,11.0,9.0,8.0,14.0,15.0,13.0,12.0,2.0,3.0,1.0,0.0,6.0,7.0,5.0,4.0,11.0,10.0,8.0,9.0,15.0,14.0,12.0,13.0,3.0,2.0,0.0,1.0,7.0,6.0,4.0,5.0,12.0,13.0,14.0,15.0,11.0,8.0,9.0,10.0,4.0,5.0,6.0,7.0,1.0,0.0,3.0,2.0,13.0,12.0,15.0,14.0,8.0,11.0,10.0,9.0,5.0,4.0,7.0,6.0,0.0,1.0,2.0,3.0,14.0,15.0,13.0,12.0,9.0,10.0,11.0,8.0,6.0,7.0,5.0,4.0,3.0,2.0,0.0,1.0,15.0,14.0,12.0,13.0,10.0,9.0,8.0,11.0,7.0,6.0,4.0,5.0,2.0,3.0,1.0,0.0
303100,64505,12,multi_Transversal_10_2025-06-08_22_23_26_500150_2,1749421765,5,1,5,244.9688,247.359396,0,1000000000.0,11042816.0,6512640.0,6235.0,3600000000000.0,86400000000000.0,500000000.0,1000000000.0,1749421406,604800,0,0,0,8,GenuineIntel,Intel(R) Xeon(R) CPU E5-2695 v2 @ 2.40GHz [Family 6 Model 62 Stepping 4],1000000000.0,1000000000.0,1000000000.0,Microsoft Windows 10,"Enterprise LTSB x64 Edition, (10.00.19044.00)",25761005568.0,262144.0,29519101952.0,47715450880.0,9854517248.0,50332470.0,0.0,13190576267.66,47277768.885526,29243555.256756,0.0,1.0,0.0,0.926923,0,0.0,0.0,1.0,2.0,3.0,4.0,5.0,6.0,7.0,8.0,9.0,10.0,11.0,12.0,13.0,14.0,15.0,1.0,0.0,3.0,2.0,5.0,4.0,7.0,6.0,9.0,8.0,11.0,10.0,13.0,12.0,15.0,14.0,2.0,3.0,1.0,0.0,6.0,7.0,5.0,4.0,10.0,11.0,9.0,8.0,14.0,15.0,13.0,12.0,3.0,2.0,0.0,1.0,7.0,6.0,4.0,5.0,11.0,10.0,8.0,9.0,15.0,14.0,12.0,13.0,4.0,6.0,5.0,7.0,3.0,0.0,2.0,1.0,12.0,13.0,14.0,15.0,11.0,10.0,8.0,9.0,5.0,7.0,4.0,6.0,2.0,1.0,3.0,0.0,13.0,12.0,15.0,14.0,10.0,11.0,9.0,8.0,6.0,4.0,7.0,5.0,0.0,3.0,1.0,2.0,14.0,15.0,13.0,12.0,8.0,9.0,10.0,11.0,7.0,5.0,6.0,4.0,1.0,2.0,0.0,3.0,15.0,14.0,12.0,13.0,9.0,8.0,11.0,10.0,8.0,9.0,10.0,11.0,12.0,13.0,14.0,15.0,0.0,1.0,2.0,3.0,4.0,5.0,6.0,7.0,9.0,8.0,11.0,10.0,13.0,12.0,15.0,14.0,1.0,0.0,3.0,2.0,5.0,4.0,7.0,6.0,10.0,11.0,9.0,8.0,14.0,15.0,13.0,12.0,2.0,3.0,1.0,0.0,6.0,7.0,5.0,4.0,11.0,10.0,8.0,9.0,15.0,14.0,12.0,13.0,3.0,2.0,0.0,1.0,7.0,6.0,4.0,5.0,12.0,13.0,14.0,15.0,11.0,8.0,9.0,10.0,4.0,5.0,6.0,7.0,1.0,0.0,3.0,2.0,13.0,12.0,15.0,14.0,8.0,11.0,10.0,9.0,5.0,4.0,7.0,6.0,0.0,1.0,2.0,3.0,14.0,15.0,13.0,12.0,9.0,10.0,11.0,8.0,6.0,7.0,5.0,4.0,3.0,2.0,0.0,1.0,15.0,14.0,12.0,13.0,10.0,9.0,8.0,11.0,7.0,6.0,4.0,5.0,2.0,3.0,1.0,0.0
303101,64506,11,multi_Transversal_11_2025-06-08_22_23_26_565372_0,1749421765,5,1,5,247.8281,250.7925,0,1000000000.0,10862592.0,6529024.0,6237.0,3600000000000.0,86400000000000.0,500000000.0,1000000000.0,1749421406,604800,0,0,0,8,GenuineIntel,Intel(R) Xeon(R) CPU E5-2695 v2 @ 2.40GHz [Family 6 Model 62 Stepping 4],1000000000.0,1000000000.0,1000000000.0,Microsoft Windows 10,"Enterprise LTSB x64 Edition, (10.00.19044.00)",17171070976.0,262144.0,19721207808.0,47715450880.0,12050235392.0,48026194.0,171008.0,31952040963.26,55829988.834023,31583643.413455,0.0,1.0,0.0,0.931986,0,0.0,0.0,1.0,2.0,3.0,4.0,5.0,6.0,7.0,8.0,9.0,10.0,11.0,12.0,13.0,14.0,15.0,1.0,0.0,3.0,2.0,5.0,4.0,7.0,6.0,9.0,8.0,11.0,10.0,13.0,12.0,15.0,14.0,2.0,3.0,1.0,0.0,6.0,7.0,5.0,4.0,10.0,11.0,9.0,8.0,14.0,15.0,13.0,12.0,3.0,2.0,0.0,1.0,7.0,6.0,4.0,5.0,11.0,10.0,8.0,9.0,15.0,14.0,12.0,13.0,4.0,6.0,7.0,5.0,2.0,3.0,0.0,1.0,12.0,14.0,13.0,15.0,11.0,8.0,10.0,9.0,5.0,7.0,6.0,4.0,3.0,2.0,1.0,0.0,13.0,15.0,12.0,14.0,10.0,9.0,11.0,8.0,6.0,4.0,5.0,7.0,0.0,1.0,2.0,3.0,14.0,12.0,15.0,13.0,8.0,11.0,9.0,10.0,7.0,5.0,4.0,6.0,1.0,0.0,3.0,2.0,15.0,13.0,14.0,12.0,9.0,10.0,8.0,11.0,8.0,9.0,10.0,11.0,12.0,13.0,14.0,15.0,0.0,1.0,2.0,3.0,4.0,5.0,6.0,7.0,9.0,8.0,11.0,10.0,13.0,12.0,15.0,14.0,1.0,0.0,3.0,2.0,5.0,4.0,7.0,6.0,10.0,11.0,9.0,8.0,14.0,15.0,13.0,12.0,2.0,3.0,1.0,0.0,6.0,7.0,5.0,4.0,11.0,10.0,8.0,9.0,15.0,14.0,12.0,13.0,3.0,2.0,0.0,1.0,7.0,6.0,4.0,5.0,12.0,13.0,14.0,15.0,11.0,10.0,8.0,9.0,4.0,5.0,6.0,7.0,3.0,0.0,1.0,2.0,13.0,12.0,15.0,14.0,10.0,11.0,9.0,8.0,5.0,4.0,7.0,6.0,0.0,3.0,2.0,1.0,14.0,15.0,13.0,12.0,8.0,9.0,10.0,11.0,6.0,7.0,5.0,4.0,1.0,2.0,3.0,0.0,15.0,14.0,12.0,13.0,9.0,8.0,11.0,10.0,7.0,6.0,4.0,5.0,2.0,1.0,0.0,3.0
303102,64506,13,multi_Transversal_11_2025-06-08_22_23_26_565372_1,1749421765,5,1,5,245.4844,247.808519,0,1000000000.0,10813440.0,6533120.0,6236.0,3600000000000.0,86400000000000.0,500000000.0,1000000000.0,1749421406,604800,0,0,0,8,GenuineIntel,Intel(R) Xeon(R) CPU E5-2695 v2 @ 2.40GHz [Family 6 Model 62 Stepping 4],1000000000.0,1000000000.0,1000000000.0,Microsoft Windows 10,"Enterprise LTSB x64 Edition, (10.00.19044.00)",17171070976.0,262144.0,19721207808.0,47715450880.0,12161384448.0,47854504.0,0.0,14603537759.36,60997332.301195,14493303.268338,0.0,1.0,0.0,0.931104,0,0.0,0.0,1.0,2.0,3.0,4.0,5.0,6.0,7.0,8.0,9.0,10.0,11.0,12.0,13.0,14.0,15.0,1.0,0.0,3.0,2.0,5.0,4.0,7.0,6.0,9.0,8.0,11.0,10.0,13.0,12.0,15.0,14.0,2.0,3.0,1.0,0.0,6.0,7.0,5.0,4.0,10.0,11.0,9.0,8.0,14.0,15.0,13.0,12.0,3.0,2.0,0.0,1.0,7.0,6.0,4.0,5.0,11.0,10.0,8.0,9.0,15.0,14.0,12.0,13.0,4.0,6.0,7.0,5.0,2.0,3.0,0.0,1.0,12.0,14.0,13.0,15.0,11.0,8.0,10.0,9.0,5.0,7.0,6.0,4.0,3.0,2.0,1.0,0.0,13.0,15.0,12.0,14.0,10.0,9.0,11.0,8.0,6.0,4.0,5.0,7.0,0.0,1.0,2.0,3.0,14.0,12.0,15.0,13.0,8.0,11.0,9.0,10.0,7.0,5.0,4.0,6.0,1.0,0.0,3.0,2.0,15.0,13.0,14.0,12.0,9.0,10.0,8.0,11.0,8.0,9.0,10.0,11.0,12.0,13.0,14.0,15.0,0.0,1.0,2.0,3.0,4.0,5.0,6.0,7.0,9.0,8.0,11.0,10.0,13.0,12.0,15.0,14.0,1.0,0.0,3.0,2.0,5.0,4.0,7.0,6.0,10.0,11.0,9.0,8.0,14.0,15.0,13.0,12.0,2.0,3.0,1.0,0.0,6.0,7.0,5.0,4.0,11.0,10.0,8.0,9.0,15.0,14.0,12.0,13.0,3.0,2.0,0.0,1.0,7.0,6.0,4.0,5.0,12.0,13.0,14.0,15.0,11.0,10.0,8.0,9.0,4.0,5.0,6.0,7.0,3.0,0.0,1.0,2.0,13.0,12.0,15.0,14.0,10.0,11.0,9.0,8.0,5.0,4.0,7.0,6.0,0.0,3.0,2.0,1.0,14.0,15.0,13.0,12.0,8.0,9.0,10.0,11.0,6.0,7.0,5.0,4.0,1.0,2.0,3.0,0.0,15.0,14.0,12.0,13.0,9.0,8.0,11.0,10.0,7.0,6.0,4.0,5.0,2.0,1.0,0.0,3.0
303103,64506,11,multi_Transversal_11_2025-06-08_22_23_26_565372_2,1749421765,5,1,5,246.5312,248.765642,0,1000000000.0,10862592.0,6524928.0,6238.0,3600000000000.0,86400000000000.0,500000000.0,1000000000.0,1749421406,604800,0,0,0,8,GenuineIntel,Intel(R) Xeon(R) CPU E5-2695 v2 @ 2.40GHz [Family 6 Model 62 Stepping 4],1000000000.0,1000000000.0,1000000000.0,Microsoft Windows 10,"Enterprise LTSB x64 Edition, (10.00.19044.00)",17171070976.0,262144.0,19721207808.0,47715450880.0,12050235392.0,48026194.0,171008.0,31952040963.26,55829988.834023,31583643.413455,0.0,1.0,0.0,0.931986,0,0.0,0.0,1.0,2.0,3.0,4.0,5.0,6.0,7.0,8.0,9.0,10.0,11.0,12.0,13.0,14.0,15.0,1.0,0.0,3.0,2.0,5.0,4.0,7.0,6.0,9.0,8.0,11.0,10.0,13.0,12.0,15.0,14.0,2.0,3.0,1.0,0.0,6.0,7.0,5.0,4.0,10.0,11.0,9.0,8.0,14.0,15.0,13.0,12.0,3.0,2.0,0.0,1.0,7.0,6.0,4.0,5.0,11.0,10.0,8.0,9.0,15.0,14.0,12.0,13.0,4.0,6.0,7.0,5.0,2.0,3.0,0.0,1.0,12.0,14.0,13.0,15.0,11.0,8.0,10.0,9.0,5.0,7.0,6.0,4.0,3.0,2.0,1.0,0.0,13.0,15.0,12.0,14.0,10.0,9.0,11.0,8.0,6.0,4.0,5.0,7.0,0.0,1.0,2.0,3.0,14.0,12.0,15.0,13.0,8.0,11.0,9.0,10.0,7.0,5.0,4.0,6.0,1.0,0.0,3.0,2.0,15.0,13.0,14.0,12.0,9.0,10.0,8.0,11.0,8.0,9.0,10.0,11.0,12.0,13.0,14.0,15.0,0.0,1.0,2.0,3.0,4.0,5.0,6.0,7.0,9.0,8.0,11.0,10.0,13.0,12.0,15.0,14.0,1.0,0.0,3.0,2.0,5.0,4.0,7.0,6.0,10.0,11.0,9.0,8.0,14.0,15.0,13.0,12.0,2.0,3.0,1.0,0.0,6.0,7.0,5.0,4.0,11.0,10.0,8.0,9.0,15.0,14.0,12.0,13.0,3.0,2.0,0.0,1.0,7.0,6.0,4.0,5.0,12.0,13.0,14.0,15.0,11.0,10.0,8.0,9.0,4.0,5.0,6.0,7.0,3.0,0.0,1.0,2.0,13.0,12.0,15.0,14.0,10.0,11.0,9.0,8.0,5.0,4.0,7.0,6.0,0.0,3.0,2.0,1.0,14.0,15.0,13.0,12.0,8.0,9.0,10.0,11.0,6.0,7.0,5.0,4.0,1.0,2.0,3.0,0.0,15.0,14.0,12.0,13.0,9.0,8.0,11.0,10.0,7.0,6.0,4.0,5.0,2.0,1.0,0.0,3.0
303104,64507,11,multi_Transversal_12_2025-06-08_22_23_26_632280_0,1749421766,5,1,5,248.4688,250.734373,0,1000000000.0,10862592.0,6533120.0,6238.0,3600000000000.0,86400000000000.0,500000000.0,1000000000.0,1749421406,604800,0,0,0,8,GenuineIntel,Intel(R) Xeon(R) CPU E5-2695 v2 @ 2.40GHz [Family 6 Model 62 Stepping 4],1000000000.0,1000000000.0,1000000000.0,Microsoft Windows 10,"Enterprise LTSB x64 Edition, (10.00.19044.00)",17171070976.0,262144.0,19721207808.0,47715450880.0,12050235392.0,48026194.0,171008.0,31952040963.26,55829988.834023,31583643.413455,0.0,1.0,0.0,0.931986,0,0.0,0.0,1.0,2.0,3.0,4.0,5.0,6.0,7.0,8.0,9.0,10.0,11.0,12.0,13.0,14.0,15.0,1.0,0.0,3.0,2.0,5.0,4.0,7.0,6.0,9.0,8.0,11.0,10.0,13.0,12.0,15.0,14.0,2.0,3.0,1.0,0.0,7.0,6.0,4.0,5.0,10.0,11.0,9.0,8.0,14.0,15.0,13.0,12.0,3.0,2.0,0.0,1.0,6.0,7.0,5.0,4.0,11.0,10.0,8.0,9.0,15.0,14.0,12.0,13.0,4.0,5.0,6.0,7.0,1.0,0.0,3.0,2.0,12.0,14.0,15.0,13.0,10.0,11.0,8.0,9.0,5.0,4.0,7.0,6.0,0.0,1.0,2.0,3.0,13.0,15.0,14.0,12.0,11.0,10.0,9.0,8.0,6.0,7.0,4.0,5.0,2.0,3.0,1.0,0.0,14.0,12.0,13.0,15.0,8.0,9.0,10.0,11.0,7.0,6.0,5.0,4.0,3.0,2.0,0.0,1.0,15.0,13.0,12.0,14.0,9.0,8.0,11.0,10.0,8.0,9.0,10.0,11.0,12.0,13.0,14.0,15.0,0.0,1.0,2.0,3.0,4.0,5.0,6.0,7.0,9.0,8.0,11.0,10.0,13.0,12.0,15.0,14.0,1.0,0.0,3.0,2.0,5.0,4.0,7.0,6.0,10.0,11.0,9.0,8.0,14.0,15.0,13.0,12.0,2.0,3.0,1.0,0.0,6.0,7.0,5.0,4.0,11.0,10.0,8.0,9.0,15.0,14.0,12.0,13.0,3.0,2.0,0.0,1.0,7.0,6.0,4.0,5.0,12.0,14.0,13.0,15.0,11.0,8.0,10.0,9.0,4.0,5.0,6.0,7.0,3.0,2.0,0.0,1.0,13.0,15.0,12.0,14.0,10.0,9.0,11.0,8.0,5.0,4.0,7.0,6.0,2.0,3.0,1.0,0.0,14.0,12.0,15.0,13.0,8.0,11.0,9.0,10.0,6.0,7.0,5.0,4.0,0.0,1.0,2.0,3.0,15.0,13.0,14.0,12.0,9.0,10.0,8.0,11.0,7.0,6.0,4.0,5.0,1.0,0.0,3.0,2.0
303105,64507,13,multi_Transversal_12_2025-06-08_22_23_26_632280_1,1749421766,5,1,5,247.0156,248.796881,0,1000000000.0,10805248.0,6524928.0,6236.0,3600000000000.0,86400000000000.0,500000000.0,1000000000.0,1749421406,604800,0,0,0,8,GenuineIntel,Intel(R) Xeon(R) CPU E5-2695 v2 @ 2.40GHz [Family 6 Model 62 Stepping 4],1000000000.0,1000000000.0,1000000000.0,Microsoft Windows 10,"Enterprise LTSB x64 Edition, (10.00.19044.00)",17171070976.0,262144.0,19721207808.0,47715450880.0,12161384448.0,47854504.0,0.0,14603537759.36,60997332.301195,14493303.268338,0.0,1.0,0.0,0.931104,0,0.0,0.0,1.0,2.0,3.0,4.0,5.0,6.0,7.0,8.0,9.0,10.0,11.0,12.0,13.0,14.0,15.0,1.0,0.0,3.0,2.0,5.0,4.0,7.0,6.0,9.0,8.0,11.0,10.0,13.0,12.0,15.0,14.0,2.0,3.0,1.0,0.0,7.0,6.0,4.0,5.0,10.0,11.0,9.0,8.0,14.0,15.0,13.0,12.0,3.0,2.0,0.0,1.0,6.0,7.0,5.0,4.0,11.0,10.0,8.0,9.0,15.0,14.0,12.0,13.0,4.0,5.0,6.0,7.0,1.0,0.0,3.0,2.0,12.0,14.0,15.0,13.0,10.0,11.0,8.0,9.0,5.0,4.0,7.0,6.0,0.0,1.0,2.0,3.0,13.0,15.0,14.0,12.0,11.0,10.0,9.0,8.0,6.0,7.0,4.0,5.0,2.0,3.0,1.0,0.0,14.0,12.0,13.0,15.0,8.0,9.0,10.0,11.0,7.0,6.0,5.0,4.0,3.0,2.0,0.0,1.0,15.0,13.0,12.0,14.0,9.0,8.0,11.0,10.0,8.0,9.0,10.0,11.0,12.0,13.0,14.0,15.0,0.0,1.0,2.0,3.0,4.0,5.0,6.0,7.0,9.0,8.0,11.0,10.0,13.0,12.0,15.0,14.0,1.0,0.0,3.0,2.0,5.0,4.0,7.0,6.0,10.0,11.0,9.0,8.0,14.0,15.0,13.0,12.0,2.0,3.0,1.0,0.0,6.0,7.0,5.0,4.0,11.0,10.0,8.0,9.0,15.0,14.0,12.0,13.0,3.0,2.0,0.0,1.0,7.0,6.0,4.0,5.0,12.0,14.0,13.0,15.0,11.0,8.0,10.0,9.0,4.0,5.0,6.0,7.0,3.0,2.0,0.0,1.0,13.0,15.0,12.0,14.0,10.0,9.0,11.0,8.0,5.0,4.0,7.0,6.0,2.0,3.0,1.0,0.0,14.0,12.0,15.0,13.0,8.0,11.0,9.0,10.0,6.0,7.0,5.0,4.0,0.0,1.0,2.0,3.0,15.0,13.0,14.0,12.0,9.0,10.0,8.0,11.0,7.0,6.0,4.0,5.0,1.0,0.0,3.0,2.0
303106,64507,13,multi_Transversal_12_2025-06-08_22_23_26_632280_2,1749421766,5,1,5,249.2969,251.886591,0,1000000000.0,10809344.0,6524928.0,6235.0,3600000000000.0,86400000000000.0,500000000.0,1000000000.0,1749421406,604800,0,0,0,8,GenuineIntel,Intel(R) Xeon(R) CPU E5-2695 v2 @ 2.40GHz [Family 6 Model 62 Stepping 4],1000000000.0,1000000000.0,1000000000.0,Microsoft Windows 10,"Enterprise LTSB x64 Edition, (10.00.19044.00)",17171070976.0,262144.0,19721207808.0,47715450880.0,12161384448.0,47854504.0,0.0,14603537759.36,60997332.301195,14493303.268338,0.0,1.0,0.0,0.931104,0,0.0,0.0,1.0,2.0,3.0,4.0,5.0,6.0,7.0,8.0,9.0,10.0,11.0,12.0,13.0,14.0,15.0,1.0,0.0,3.0,2.0,5.0,4.0,7.0,6.0,9.0,8.0,11.0,10.0,13.0,12.0,15.0,14.0,2.0,3.0,1.0,0.0,7.0,6.0,4.0,5.0,10.0,11.0,9.0,8.0,14.0,15.0,13.0,12.0,3.0,2.0,0.0,1.0,6.0,7.0,5.0,4.0,11.0,10.0,8.0,9.0,15.0,14.0,12.0,13.0,4.0,5.0,6.0,7.0,1.0,0.0,3.0,2.0,12.0,14.0,15.0,13.0,10.0,11.0,8.0,9.0,5.0,4.0,7.0,6.0,0.0,1.0,2.0,3.0,13.0,15.0,14.0,12.0,11.0,10.0,9.0,8.0,6.0,7.0,4.0,5.0,2.0,3.0,1.0,0.0,14.0,12.0,13.0,15.0,8.0,9.0,10.0,11.0,7.0,6.0,5.0,4.0,3.0,2.0,0.0,1.0,15.0,13.0,12.0,14.0,9.0,8.0,11.0,10.0,8.0,9.0,10.0,11.0,12.0,13.0,14.0,15.0,0.0,1.0,2.0,3.0,4.0,5.0,6.0,7.0,9.0,8.0,11.0,10.0,13.0,12.0,15.0,14.0,1.0,0.0,3.0,2.0,5.0,4.0,7.0,6.0,10.0,11.0,9.0,8.0,14.0,15.0,13.0,12.0,2.0,3.0,1.0,0.0,6.0,7.0,5.0,4.0,11.0,10.0,8.0,9.0,15.0,14.0,12.0,13.0,3.0,2.0,0.0,1.0,7.0,6.0,4.0,5.0,12.0,14.0,13.0,15.0,11.0,8.0,10.0,9.0,4.0,5.0,6.0,7.0,3.0,2.0,0.0,1.0,13.0,15.0,12.0,14.0,10.0,9.0,11.0,8.0,5.0,4.0,7.0,6.0,2.0,3.0,1.0,0.0,14.0,12.0,15.0,13.0,8.0,11.0,9.0,10.0,6.0,7.0,5.0,4.0,0.0,1.0,2.0,3.0,15.0,13.0,14.0,12.0,9.0,10.0,8.0,11.0,7.0,6.0,4.0,5.0,1.0,0.0,3.0,2.0
303107,64508,13,multi_Transversal_13_2025-06-08_22_23_26_693032_0,1749421766,5,1,5,249.0312,251.812511,0,1000000000.0,10805248.0,6529024.0,6233.0,3600000000000.0,86400000000000.0,500000000.0,1000000000.0,1749421406,604800,0,0,0,8,GenuineIntel,Intel(R) Xeon(R) CPU E5-2695 v2 @ 2.40GHz [Family 6 Model 62 Stepping 4],1000000000.0,1000000000.0,1000000000.0,Microsoft Windows 10,"Enterprise LTSB x64 Edition, (10.00.19044.00)",17171070976.0,262144.0,19721207808.0,47715450880.0,12161384448.0,47854504.0,0.0,14603537759.36,60997332.301195,14493303.268338,0.0,1.0,0.0,0.931104,0,0.0,0.0,1.0,2.0,3.0,4.0,5.0,6.0,7.0,8.0,9.0,10.0,11.0,12.0,13.0,14.0,15.0,1.0,0.0,3.0,2.0,5.0,4.0,7.0,6.0,9.0,8.0,11.0,10.0,13.0,12.0,15.0,14.0,2.0,3.0,1.0,0.0,7.0,6.0,4.0,5.0,10.0,11.0,9.0,8.0,15.0,14.0,12.0,13.0,3.0,2.0,0.0,1.0,6.0,7.0,5.0,4.0,11.0,10.0,8.0,9.0,14.0,15.0,13.0,12.0,4.0,5.0,6.0,7.0,1.0,0.0,3.0,2.0,12.0,13.0,14.0,15.0,9.0,8.0,11.0,10.0,5.0,4.0,7.0,6.0,0.0,1.0,2.0,3.0,13.0,12.0,15.0,14.0,8.0,9.0,10.0,11.0,6.0,7.0,4.0,5.0,3.0,2.0,1.0,0.0,14.0,15.0,12.0,13.0,10.0,11.0,9.0,8.0,7.0,6.0,5.0,4.0,2.0,3.0,0.0,1.0,15.0,14.0,13.0,12.0,11.0,10.0,8.0,9.0,8.0,9.0,10.0,11.0,12.0,13.0,14.0,15.0,0.0,1.0,2.0,3.0,4.0,5.0,6.0,7.0,9.0,8.0,11.0,10.0,13.0,12.0,15.0,14.0,1.0,0.0,3.0,2.0,5.0,4.0,7.0,6.0,10.0,11.0,9.0,8.0,14.0,15.0,13.0,12.0,2.0,3.0,1.0,0.0,6.0,7.0,5.0,4.0,11.0,10.0,8.0,9.0,15.0,14.0,12.0,13.0,3.0,2.0,0.0,1.0,7.0,6.0,4.0,5.0,12.0,14.0,15.0,13.0,10.0,11.0,8.0,9.0,4.0,6.0,5.0,7.0,3.0,0.0,2.0,1.0,13.0,15.0,14.0,12.0,11.0,10.0,9.0,8.0,5.0,7.0,4.0,6.0,2.0,1.0,3.0,0.0,14.0,12.0,13.0,15.0,8.0,9.0,10.0,11.0,6.0,4.0,7.0,5.0,0.0,3.0,1.0,2.0,15.0,13.0,12.0,14.0,9.0,8.0,11.0,10.0,7.0,5.0,6.0,4.0,1.0,2.0,0.0,3.0
303108,64508,13,multi_Transversal_13_2025-06-08_22_23_26_693032_1,1749421766,5,1,5,250.8125,253.843777,0,1000000000.0,10784768.0,6483968.0,6236.0,3600000000000.0,86400000000000.0,500000000.0,1000000000.0,1749421406,604800,0,0,0,8,GenuineIntel,Intel(R) Xeon(R) CPU E5-2695 v2 @ 2.40GHz [Family 6 Model 62 Stepping 4],1000000000.0,1000000000.0,1000000000.0,Microsoft Windows 10,"Enterprise LTSB x64 Edition, (10.00.19044.00)",17171070976.0,262144.0,19721207808.0,47715450880.0,12161384448.0,47854504.0,0.0,14603537759.36,60997332.301195,14493303.268338,0.0,1.0,0.0,0.931104,0,0.0,0.0,1.0,2.0,3.0,4.0,5.0,6.0,7.0,8.0,9.0,10.0,11.0,12.0,13.0,14.0,15.0,1.0,0.0,3.0,2.0,5.0,4.0,7.0,6.0,9.0,8.0,11.0,10.0,13.0,12.0,15.0,14.0,2.0,3.0,1.0,0.0,7.0,6.0,4.0,5.0,10.0,11.0,9.0,8.0,15.0,14.0,12.0,13.0,3.0,2.0,0.0,1.0,6.0,7.0,5.0,4.0,11.0,10.0,8.0,9.0,14.0,15.0,13.0,12.0,4.0,5.0,6.0,7.0,1.0,0.0,3.0,2.0,12.0,13.0,14.0,15.0,9.0,8.0,11.0,10.0,5.0,4.0,7.0,6.0,0.0,1.0,2.0,3.0,13.0,12.0,15.0,14.0,8.0,9.0,10.0,11.0,6.0,7.0,4.0,5.0,3.0,2.0,1.0,0.0,14.0,15.0,12.0,13.0,10.0,11.0,9.0,8.0,7.0,6.0,5.0,4.0,2.0,3.0,0.0,1.0,15.0,14.0,13.0,12.0,11.0,10.0,8.0,9.0,8.0,9.0,10.0,11.0,12.0,13.0,14.0,15.0,0.0,1.0,2.0,3.0,4.0,5.0,6.0,7.0,9.0,8.0,11.0,10.0,13.0,12.0,15.0,14.0,1.0,0.0,3.0,2.0,5.0,4.0,7.0,6.0,10.0,11.0,9.0,8.0,14.0,15.0,13.0,12.0,2.0,3.0,1.0,0.0,6.0,7.0,5.0,4.0,11.0,10.0,8.0,9.0,15.0,14.0,12.0,13.0,3.0,2.0,0.0,1.0,7.0,6.0,4.0,5.0,12.0,14.0,15.0,13.0,10.0,11.0,8.0,9.0,4.0,6.0,5.0,7.0,3.0,0.0,2.0,1.0,13.0,15.0,14.0,12.0,11.0,10.0,9.0,8.0,5.0,7.0,4.0,6.0,2.0,1.0,3.0,0.0,14.0,12.0,13.0,15.0,8.0,9.0,10.0,11.0,6.0,4.0,7.0,5.0,0.0,3.0,1.0,2.0,15.0,13.0,12.0,14.0,9.0,8.0,11.0,10.0,7.0,5.0,6.0,4.0,1.0,2.0,0.0,3.0
303109,64508,13,multi_Transversal_13_2025-06-08_22_23_26_693032_2,1749421766,5,1,5,245.5781,247.808519,0,1000000000.0,10809344.0,6529024.0,6235.0,3600000000000.0,86400000000000.0,500000000.0,1000000000.0,1749421406,604800,0,0,0,8,GenuineIntel,Intel(R) Xeon(R) CPU E5-2695 v2 @ 2.40GHz [Family 6 Model 62 Stepping 4],1000000000.0,1000000000.0,1000000000.0,Microsoft Windows 10,"Enterprise LTSB x64 Edition, (10.00.19044.00)",17171070976.0,262144.0,19721207808.0,47715450880.0,12161384448.0,47854504.0,0.0,14603537759.36,60997332.301195,14493303.268338,0.0,1.0,0.0,0.931104,0,0.0,0.0,1.0,2.0,3.0,4.0,5.0,6.0,7.0,8.0,9.0,10.0,11.0,12.0,13.0,14.0,15.0,1.0,0.0,3.0,2.0,5.0,4.0,7.0,6.0,9.0,8.0,11.0,10.0,13.0,12.0,15.0,14.0,2.0,3.0,1.0,0.0,7.0,6.0,4.0,5.0,10.0,11.0,9.0,8.0,15.0,14.0,12.0,13.0,3.0,2.0,0.0,1.0,6.0,7.0,5.0,4.0,11.0,10.0,8.0,9.0,14.0,15.0,13.0,12.0,4.0,5.0,6.0,7.0,1.0,0.0,3.0,2.0,12.0,13.0,14.0,15.0,9.0,8.0,11.0,10.0,5.0,4.0,7.0,6.0,0.0,1.0,2.0,3.0,13.0,12.0,15.0,14.0,8.0,9.0,10.0,11.0,6.0,7.0,4.0,5.0,3.0,2.0,1.0,0.0,14.0,15.0,12.0,13.0,10.0,11.0,9.0,8.0,7.0,6.0,5.0,4.0,2.0,3.0,0.0,1.0,15.0,14.0,13.0,12.0,11.0,10.0,8.0,9.0,8.0,9.0,10.0,11.0,12.0,13.0,14.0,15.0,0.0,1.0,2.0,3.0,4.0,5.0,6.0,7.0,9.0,8.0,11.0,10.0,13.0,12.0,15.0,14.0,1.0,0.0,3.0,2.0,5.0,4.0,7.0,6.0,10.0,11.0,9.0,8.0,14.0,15.0,13.0,12.0,2.0,3.0,1.0,0.0,6.0,7.0,5.0,4.0,11.0,10.0,8.0,9.0,15.0,14.0,12.0,13.0,3.0,2.0,0.0,1.0,7.0,6.0,4.0,5.0,12.0,14.0,15.0,13.0,10.0,11.0,8.0,9.0,4.0,6.0,5.0,7.0,3.0,0.0,2.0,1.0,13.0,15.0,14.0,12.0,11.0,10.0,9.0,8.0,5.0,7.0,4.0,6.0,2.0,1.0,3.0,0.0,14.0,12.0,13.0,15.0,8.0,9.0,10.0,11.0,6.0,4.0,7.0,5.0,0.0,3.0,1.0,2.0,15.0,13.0,12.0,14.0,9.0,8.0,11.0,10.0,7.0,5.0,6.0,4.0,1.0,2.0,0.0,3.0
303110,64509,14,multi_Transversal_14_2025-06-08_22_23_26_786272_0,1749421766,5,1,5,245.3594,248.344067,0,1000000000.0,10809344.0,6533120.0,6236.0,3600000000000.0,86400000000000.0,500000000.0,1000000000.0,1749421406,604800,0,0,0,8,GenuineIntel,Intel(R) Xeon(R) CPU E5-2695 v2 @ 2.40GHz [Family 6 Model 62 Stepping 4],1000000000.0,1000000000.0,1000000000.0,Microsoft Windows 10,"Enterprise LTSB x64 Edition, (10.00.19044.00)",17171070976.0,262144.0,19721207808.0,47715450880.0,12043943936.0,50470565.0,171008.0,14504363335.66,50555456.420003,25813395.198889,0.0,1.0,0.0,0.932014,0,0.0,0.0,1.0,2.0,3.0,4.0,5.0,6.0,7.0,8.0,9.0,10.0,11.0,12.0,13.0,14.0,15.0,1.0,0.0,3.0,2.0,5.0,4.0,7.0,6.0,9.0,8.0,11.0,10.0,13.0,12.0,15.0,14.0,2.0,3.0,1.0,0.0,7.0,6.0,4.0,5.0,10.0,11.0,9.0,8.0,15.0,14.0,12.0,13.0,3.0,2.0,0.0,1.0,6.0,7.0,5.0,4.0,11.0,10.0,8.0,9.0,14.0,15.0,13.0,12.0,4.0,5.0,6.0,7.0,1.0,0.0,3.0,2.0,12.0,13.0,14.0,15.0,9.0,8.0,11.0,10.0,5.0,4.0,7.0,6.0,0.0,1.0,2.0,3.0,13.0,12.0,15.0,14.0,8.0,9.0,10.0,11.0,6.0,7.0,5.0,4.0,2.0,3.0,1.0,0.0,14.0,15.0,12.0,13.0,11.0,10.0,9.0,8.0,7.0,6.0,4.0,5.0,3.0,2.0,0.0,1.0,15.0,14.0,13.0,12.0,10.0,11.0,8.0,9.0,8.0,9.0,10.0,11.0,12.0,13.0,14.0,15.0,0.0,1.0,2.0,3.0,4.0,5.0,6.0,7.0,9.0,8.0,11.0,10.0,13.0,12.0,15.0,14.0,1.0,0.0,3.0,2.0,5.0,4.0,7.0,6.0,10.0,11.0,9.0,8.0,15.0,14.0,12.0,13.0,2.0,3.0,1.0,0.0,6.0,7.0,5.0,4.0,11.0,10.0,8.0,9.0,14.0,15.0,13.0,12.0,3.0,2.0,0.0,1.0,7.0,6.0,4.0,5.0,12.0,13.0,14.0,15.0,9.0,8.0,11.0,10.0,4.0,6.0,7.0,5.0,2.0,3.0,0.0,1.0,13.0,12.0,15.0,14.0,8.0,9.0,10.0,11.0,5.0,7.0,6.0,4.0,3.0,2.0,1.0,0.0,14.0,15.0,12.0,13.0,10.0,11.0,9.0,8.0,6.0,4.0,5.0,7.0,0.0,1.0,2.0,3.0,15.0,14.0,13.0,12.0,11.0,10.0,8.0,9.0,7.0,5.0,4.0,6.0,1.0,0.0,3.0,2.0
303111,64509,13,multi_Transversal_14_2025-06-08_22_23_26_786272_1,1749421766,5,1,5,246.1719,248.796837,0,1000000000.0,10801152.0,6524928.0,6235.0,3600000000000.0,86400000000000.0,500000000.0,1000000000.0,1749421406,604800,0,0,0,8,GenuineIntel,Intel(R) Xeon(R) CPU E5-2695 v2 @ 2.40GHz [Family 6 Model 62 Stepping 4],1000000000.0,1000000000.0,1000000000.0,Microsoft Windows 10,"Enterprise LTSB x64 Edition, (10.00.19044.00)",17171070976.0,262144.0,19721207808.0,47715450880.0,12161384448.0,47854504.0,0.0,14603537759.36,60997332.301195,14493303.268338,0.0,1.0,0.0,0.931104,0,0.0,0.0,1.0,2.0,3.0,4.0,5.0,6.0,7.0,8.0,9.0,10.0,11.0,12.0,13.0,14.0,15.0,1.0,0.0,3.0,2.0,5.0,4.0,7.0,6.0,9.0,8.0,11.0,10.0,13.0,12.0,15.0,14.0,2.0,3.0,1.0,0.0,7.0,6.0,4.0,5.0,10.0,11.0,9.0,8.0,15.0,14.0,12.0,13.0,3.0,2.0,0.0,1.0,6.0,7.0,5.0,4.0,11.0,10.0,8.0,9.0,14.0,15.0,13.0,12.0,4.0,5.0,6.0,7.0,1.0,0.0,3.0,2.0,12.0,13.0,14.0,15.0,9.0,8.0,11.0,10.0,5.0,4.0,7.0,6.0,0.0,1.0,2.0,3.0,13.0,12.0,15.0,14.0,8.0,9.0,10.0,11.0,6.0,7.0,5.0,4.0,2.0,3.0,1.0,0.0,14.0,15.0,12.0,13.0,11.0,10.0,9.0,8.0,7.0,6.0,4.0,5.0,3.0,2.0,0.0,1.0,15.0,14.0,13.0,12.0,10.0,11.0,8.0,9.0,8.0,9.0,10.0,11.0,12.0,13.0,14.0,15.0,0.0,1.0,2.0,3.0,4.0,5.0,6.0,7.0,9.0,8.0,11.0,10.0,13.0,12.0,15.0,14.0,1.0,0.0,3.0,2.0,5.0,4.0,7.0,6.0,10.0,11.0,9.0,8.0,15.0,14.0,12.0,13.0,2.0,3.0,1.0,0.0,6.0,7.0,5.0,4.0,11.0,10.0,8.0,9.0,14.0,15.0,13.0,12.0,3.0,2.0,0.0,1.0,7.0,6.0,4.0,5.0,12.0,13.0,14.0,15.0,9.0,8.0,11.0,10.0,4.0,6.0,7.0,5.0,2.0,3.0,0.0,1.0,13.0,12.0,15.0,14.0,8.0,9.0,10.0,11.0,5.0,7.0,6.0,4.0,3.0,2.0,1.0,0.0,14.0,15.0,12.0,13.0,10.0,11.0,9.0,8.0,6.0,4.0,5.0,7.0,0.0,1.0,2.0,3.0,15.0,14.0,13.0,12.0,11.0,10.0,8.0,9.0,7.0,5.0,4.0,6.0,1.0,0.0,3.0,2.0
303112,64509,13,multi_Transversal_14_2025-06-08_22_23_26_786272_2,1749421766,5,1,5,248.5156,251.870987,0,1000000000.0,10805248.0,6524928.0,6236.0,3600000000000.0,86400000000000.0,500000000.0,1000000000.0,1749421406,604800,0,0,0,8,GenuineIntel,Intel(R) Xeon(R) CPU E5-2695 v2 @ 2.40GHz [Family 6 Model 62 Stepping 4],1000000000.0,1000000000.0,1000000000.0,Microsoft Windows 10,"Enterprise LTSB x64 Edition, (10.00.19044.00)",17171070976.0,262144.0,19721207808.0,47715450880.0,12161384448.0,47854504.0,0.0,14603537759.36,60997332.301195,14493303.268338,0.0,1.0,0.0,0.931104,0,0.0,0.0,1.0,2.0,3.0,4.0,5.0,6.0,7.0,8.0,9.0,10.0,11.0,12.0,13.0,14.0,15.0,1.0,0.0,3.0,2.0,5.0,4.0,7.0,6.0,9.0,8.0,11.0,10.0,13.0,12.0,15.0,14.0,2.0,3.0,1.0,0.0,7.0,6.0,4.0,5.0,10.0,11.0,9.0,8.0,15.0,14.0,12.0,13.0,3.0,2.0,0.0,1.0,6.0,7.0,5.0,4.0,11.0,10.0,8.0,9.0,14.0,15.0,13.0,12.0,4.0,5.0,6.0,7.0,1.0,0.0,3.0,2.0,12.0,13.0,14.0,15.0,9.0,8.0,11.0,10.0,5.0,4.0,7.0,6.0,0.0,1.0,2.0,3.0,13.0,12.0,15.0,14.0,8.0,9.0,10.0,11.0,6.0,7.0,5.0,4.0,2.0,3.0,1.0,0.0,14.0,15.0,12.0,13.0,11.0,10.0,9.0,8.0,7.0,6.0,4.0,5.0,3.0,2.0,0.0,1.0,15.0,14.0,13.0,12.0,10.0,11.0,8.0,9.0,8.0,9.0,10.0,11.0,12.0,13.0,14.0,15.0,0.0,1.0,2.0,3.0,4.0,5.0,6.0,7.0,9.0,8.0,11.0,10.0,13.0,12.0,15.0,14.0,1.0,0.0,3.0,2.0,5.0,4.0,7.0,6.0,10.0,11.0,9.0,8.0,15.0,14.0,12.0,13.0,2.0,3.0,1.0,0.0,6.0,7.0,5.0,4.0,11.0,10.0,8.0,9.0,14.0,15.0,13.0,12.0,3.0,2.0,0.0,1.0,7.0,6.0,4.0,5.0,12.0,13.0,14.0,15.0,9.0,8.0,11.0,10.0,4.0,6.0,7.0,5.0,2.0,3.0,0.0,1.0,13.0,12.0,15.0,14.0,8.0,9.0,10.0,11.0,5.0,7.0,6.0,4.0,3.0,2.0,1.0,0.0,14.0,15.0,12.0,13.0,10.0,11.0,9.0,8.0,6.0,4.0,5.0,7.0,0.0,1.0,2.0,3.0,15.0,14.0,13.0,12.0,11.0,10.0,8.0,9.0,7.0,5.0,4.0,6.0,1.0,0.0,3.0,2.0
303113,64510,13,multi_Transversal_15_2025-06-08_22_23_26_848483_0,1749421766,5,1,5,246.2969,248.824144,0,1000000000.0,10797056.0,6520832.0,6236.0,3600000000000.0,86400000000000.0,500000000.0,1000000000.0,1749421406,604800,0,0,0,8,GenuineIntel,Intel(R) Xeon(R) CPU E5-2695 v2 @ 2.40GHz [Family 6 Model 62 Stepping 4],1000000000.0,1000000000.0,1000000000.0,Microsoft Windows 10,"Enterprise LTSB x64 Edition, (10.00.19044.00)",17171070976.0,262144.0,19721207808.0,47715450880.0,12161384448.0,47854504.0,0.0,14603537759.36,60997332.301195,14493303.268338,0.0,1.0,0.0,0.931104,0,0.0,0.0,1.0,2.0,3.0,4.0,5.0,6.0,7.0,8.0,9.0,10.0,11.0,12.0,13.0,14.0,15.0,1.0,0.0,3.0,2.0,5.0,4.0,7.0,6.0,9.0,8.0,11.0,10.0,13.0,12.0,15.0,14.0,2.0,3.0,1.0,0.0,7.0,6.0,4.0,5.0,10.0,11.0,9.0,8.0,15.0,14.0,12.0,13.0,3.0,2.0,0.0,1.0,6.0,7.0,5.0,4.0,11.0,10.0,8.0,9.0,14.0,15.0,13.0,12.0,4.0,5.0,6.0,7.0,2.0,3.0,1.0,0.0,12.0,13.0,14.0,15.0,9.0,8.0,11.0,10.0,5.0,4.0,7.0,6.0,3.0,2.0,0.0,1.0,13.0,12.0,15.0,14.0,8.0,9.0,10.0,11.0,6.0,7.0,5.0,4.0,0.0,1.0,2.0,3.0,14.0,15.0,13.0,12.0,10.0,11.0,9.0,8.0,7.0,6.0,4.0,5.0,1.0,0.0,3.0,2.0,15.0,14.0,12.0,13.0,11.0,10.0,8.0,9.0,8.0,9.0,10.0,11.0,12.0,13.0,14.0,15.0,0.0,1.0,2.0,3.0,4.0,5.0,6.0,7.0,9.0,8.0,11.0,10.0,13.0,12.0,15.0,14.0,1.0,0.0,3.0,2.0,5.0,4.0,7.0,6.0,10.0,11.0,9.0,8.0,15.0,14.0,12.0,13.0,2.0,3.0,1.0,0.0,7.0,6.0,4.0,5.0,11.0,10.0,8.0,9.0,14.0,15.0,13.0,12.0,3.0,2.0,0.0,1.0,6.0,7.0,5.0,4.0,12.0,13.0,14.0,15.0,9.0,8.0,11.0,10.0,4.0,5.0,6.0,7.0,1.0,0.0,3.0,2.0,13.0,12.0,15.0,14.0,8.0,9.0,10.0,11.0,5.0,4.0,7.0,6.0,0.0,1.0,2.0,3.0,14.0,15.0,12.0,13.0,11.0,10.0,9.0,8.0,6.0,7.0,4.0,5.0,2.0,3.0,1.0,0.0,15.0,14.0,13.0,12.0,10.0,11.0,8.0,9.0,7.0,6.0,5.0,4.0,3.0,2.0,0.0,1.0
303114,64510,14,multi_Transversal_15_2025-06-08_22_23_26_848483_1,1749421766,5,1,5,244.5938,246.312496,0,1000000000.0,10817536.0,6533120.0,6236.0,3600000000000.0,86400000000000.0,500000000.0,1000000000.0,1749421406,604800,0,0,0,8,GenuineIntel,Intel(R) Xeon(R) CPU E5-2695 v2 @ 2.40GHz [Family 6 Model 62 Stepping 4],1000000000.0,1000000000.0,1000000000.0,Microsoft Windows 10,"Enterprise LTSB x64 Edition, (10.00.19044.00)",17171070976.0,262144.0,19721207808.0,47715450880.0,12043943936.0,50470565.0,171008.0,14504363335.66,50555456.420003,25813395.198889,0.0,1.0,0.0,0.932014,0,0.0,0.0,1.0,2.0,3.0,4.0,5.0,6.0,7.0,8.0,9.0,10.0,11.0,12.0,13.0,14.0,15.0,1.0,0.0,3.0,2.0,5.0,4.0,7.0,6.0,9.0,8.0,11.0,10.0,13.0,12.0,15.0,14.0,2.0,3.0,1.0,0.0,7.0,6.0,4.0,5.0,10.0,11.0,9.0,8.0,15.0,14.0,12.0,13.0,3.0,2.0,0.0,1.0,6.0,7.0,5.0,4.0,11.0,10.0,8.0,9.0,14.0,15.0,13.0,12.0,4.0,5.0,6.0,7.0,2.0,3.0,1.0,0.0,12.0,13.0,14.0,15.0,9.0,8.0,11.0,10.0,5.0,4.0,7.0,6.0,3.0,2.0,0.0,1.0,13.0,12.0,15.0,14.0,8.0,9.0,10.0,11.0,6.0,7.0,5.0,4.0,0.0,1.0,2.0,3.0,14.0,15.0,13.0,12.0,10.0,11.0,9.0,8.0,7.0,6.0,4.0,5.0,1.0,0.0,3.0,2.0,15.0,14.0,12.0,13.0,11.0,10.0,8.0,9.0,8.0,9.0,10.0,11.0,12.0,13.0,14.0,15.0,0.0,1.0,2.0,3.0,4.0,5.0,6.0,7.0,9.0,8.0,11.0,10.0,13.0,12.0,15.0,14.0,1.0,0.0,3.0,2.0,5.0,4.0,7.0,6.0,10.0,11.0,9.0,8.0,15.0,14.0,12.0,13.0,2.0,3.0,1.0,0.0,7.0,6.0,4.0,5.0,11.0,10.0,8.0,9.0,14.0,15.0,13.0,12.0,3.0,2.0,0.0,1.0,6.0,7.0,5.0,4.0,12.0,13.0,14.0,15.0,9.0,8.0,11.0,10.0,4.0,5.0,6.0,7.0,1.0,0.0,3.0,2.0,13.0,12.0,15.0,14.0,8.0,9.0,10.0,11.0,5.0,4.0,7.0,6.0,0.0,1.0,2.0,3.0,14.0,15.0,12.0,13.0,11.0,10.0,9.0,8.0,6.0,7.0,4.0,5.0,2.0,3.0,1.0,0.0,15.0,14.0,13.0,12.0,10.0,11.0,8.0,9.0,7.0,6.0,5.0,4.0,3.0,2.0,0.0,1.0
303115,64510,14,multi_Transversal_15_2025-06-08_22_23_26_848483_2,1749421766,5,1,5,245.6562,248.954807,0,1000000000.0,10813440.0,6524928.0,6236.0,3600000000000.0,86400000000000.0,500000000.0,1000000000.0,1749421406,604800,0,0,0,8,GenuineIntel,Intel(R) Xeon(R) CPU E5-2695 v2 @ 2.40GHz [Family 6 Model 62 Stepping 4],1000000000.0,1000000000.0,1000000000.0,Microsoft Windows 10,"Enterprise LTSB x64 Edition, (10.00.19044.00)",17171070976.0,262144.0,19721207808.0,47715450880.0,12043943936.0,50470565.0,171008.0,14504363335.66,50555456.420003,25813395.198889,0.0,1.0,0.0,0.932014,0,0.0,0.0,1.0,2.0,3.0,4.0,5.0,6.0,7.0,8.0,9.0,10.0,11.0,12.0,13.0,14.0,15.0,1.0,0.0,3.0,2.0,5.0,4.0,7.0,6.0,9.0,8.0,11.0,10.0,13.0,12.0,15.0,14.0,2.0,3.0,1.0,0.0,7.0,6.0,4.0,5.0,10.0,11.0,9.0,8.0,15.0,14.0,12.0,13.0,3.0,2.0,0.0,1.0,6.0,7.0,5.0,4.0,11.0,10.0,8.0,9.0,14.0,15.0,13.0,12.0,4.0,5.0,6.0,7.0,2.0,3.0,1.0,0.0,12.0,13.0,14.0,15.0,9.0,8.0,11.0,10.0,5.0,4.0,7.0,6.0,3.0,2.0,0.0,1.0,13.0,12.0,15.0,14.0,8.0,9.0,10.0,11.0,6.0,7.0,5.0,4.0,0.0,1.0,2.0,3.0,14.0,15.0,13.0,12.0,10.0,11.0,9.0,8.0,7.0,6.0,4.0,5.0,1.0,0.0,3.0,2.0,15.0,14.0,12.0,13.0,11.0,10.0,8.0,9.0,8.0,9.0,10.0,11.0,12.0,13.0,14.0,15.0,0.0,1.0,2.0,3.0,4.0,5.0,6.0,7.0,9.0,8.0,11.0,10.0,13.0,12.0,15.0,14.0,1.0,0.0,3.0,2.0,5.0,4.0,7.0,6.0,10.0,11.0,9.0,8.0,15.0,14.0,12.0,13.0,2.0,3.0,1.0,0.0,7.0,6.0,4.0,5.0,11.0,10.0,8.0,9.0,14.0,15.0,13.0,12.0,3.0,2.0,0.0,1.0,6.0,7.0,5.0,4.0,12.0,13.0,14.0,15.0,9.0,8.0,11.0,10.0,4.0,5.0,6.0,7.0,1.0,0.0,3.0,2.0,13.0,12.0,15.0,14.0,8.0,9.0,10.0,11.0,5.0,4.0,7.0,6.0,0.0,1.0,2.0,3.0,14.0,15.0,12.0,13.0,11.0,10.0,9.0,8.0,6.0,7.0,4.0,5.0,2.0,3.0,1.0,0.0,15.0,14.0,13.0,12.0,10.0,11.0,8.0,9.0,7.0,6.0,5.0,4.0,3.0,2.0,0.0,1.0
303116,64511,14,multi_Transversal_16_2025-06-08_22_23_26_998641_0,1749421766,5,1,5,244.9531,247.297195,0,1000000000.0,10809344.0,6533120.0,6235.0,3600000000000.0,86400000000000.0,500000000.0,1000000000.0,1749421407,604800,0,0,0,8,GenuineIntel,Intel(R) Xeon(R) CPU E5-2695 v2 @ 2.40GHz [Family 6 Model 62 Stepping 4],1000000000.0,1000000000.0,1000000000.0,Microsoft Windows 10,"Enterprise LTSB x64 Edition, (10.00.19044.00)",17171070976.0,262144.0,19721207808.0,47715450880.0,12043943936.0,50470565.0,171008.0,14504363335.66,50555456.420003,25813395.198889,0.0,1.0,0.0,0.932014,0,0.0,0.0,1.0,2.0,3.0,4.0,5.0,6.0,7.0,8.0,9.0,10.0,11.0,12.0,13.0,14.0,15.0,1.0,0.0,3.0,2.0,5.0,4.0,7.0,6.0,9.0,8.0,11.0,10.0,13.0,12.0,15.0,14.0,2.0,3.0,1.0,0.0,7.0,6.0,5.0,4.0,10.0,11.0,9.0,8.0,15.0,14.0,12.0,13.0,3.0,2.0,0.0,1.0,6.0,7.0,4.0,5.0,11.0,10.0,8.0,9.0,14.0,15.0,13.0,12.0,4.0,5.0,6.0,7.0,1.0,0.0,2.0,3.0,12.0,13.0,14.0,15.0,10.0,11.0,9.0,8.0,5.0,4.0,7.0,6.0,0.0,1.0,3.0,2.0,13.0,12.0,15.0,14.0,11.0,10.0,8.0,9.0,6.0,7.0,4.0,5.0,3.0,2.0,0.0,1.0,14.0,15.0,13.0,12.0,8.0,9.0,10.0,11.0,7.0,6.0,5.0,4.0,2.0,3.0,1.0,0.0,15.0,14.0,12.0,13.0,9.0,8.0,11.0,10.0,8.0,9.0,10.0,11.0,12.0,13.0,14.0,15.0,0.0,1.0,2.0,3.0,4.0,5.0,6.0,7.0,9.0,8.0,11.0,10.0,13.0,12.0,15.0,14.0,1.0,0.0,3.0,2.0,5.0,4.0,7.0,6.0,10.0,11.0,9.0,8.0,15.0,14.0,12.0,13.0,2.0,3.0,1.0,0.0,7.0,6.0,4.0,5.0,11.0,10.0,8.0,9.0,14.0,15.0,13.0,12.0,3.0,2.0,0.0,1.0,6.0,7.0,5.0,4.0,12.0,13.0,14.0,15.0,9.0,8.0,11.0,10.0,4.0,5.0,6.0,7.0,1.0,0.0,3.0,2.0,13.0,12.0,15.0,14.0,8.0,9.0,10.0,11.0,5.0,4.0,7.0,6.0,0.0,1.0,2.0,3.0,14.0,15.0,13.0,12.0,10.0,11.0,9.0,8.0,6.0,7.0,4.0,5.0,3.0,2.0,1.0,0.0,15.0,14.0,12.0,13.0,11.0,10.0,8.0,9.0,7.0,6.0,5.0,4.0,2.0,3.0,0.0,1.0
303117,64511,14,multi_Transversal_16_2025-06-08_22_23_26_998641_1,1749421766,5,1,5,243.4688,246.923555,0,1000000000.0,10829824.0,6524928.0,6236.0,3600000000000.0,86400000000000.0,500000000.0,1000000000.0,1749421407,604800,0,0,0,8,GenuineIntel,Intel(R) Xeon(R) CPU E5-2695 v2 @ 2.40GHz [Family 6 Model 62 Stepping 4],1000000000.0,1000000000.0,1000000000.0,Microsoft Windows 10,"Enterprise LTSB x64 Edition, (10.00.19044.00)",17171070976.0,262144.0,19721207808.0,47715450880.0,12043943936.0,50470565.0,171008.0,14504363335.66,50555456.420003,25813395.198889,0.0,1.0,0.0,0.932014,0,0.0,0.0,1.0,2.0,3.0,4.0,5.0,6.0,7.0,8.0,9.0,10.0,11.0,12.0,13.0,14.0,15.0,1.0,0.0,3.0,2.0,5.0,4.0,7.0,6.0,9.0,8.0,11.0,10.0,13.0,12.0,15.0,14.0,2.0,3.0,1.0,0.0,7.0,6.0,5.0,4.0,10.0,11.0,9.0,8.0,15.0,14.0,12.0,13.0,3.0,2.0,0.0,1.0,6.0,7.0,4.0,5.0,11.0,10.0,8.0,9.0,14.0,15.0,13.0,12.0,4.0,5.0,6.0,7.0,1.0,0.0,2.0,3.0,12.0,13.0,14.0,15.0,10.0,11.0,9.0,8.0,5.0,4.0,7.0,6.0,0.0,1.0,3.0,2.0,13.0,12.0,15.0,14.0,11.0,10.0,8.0,9.0,6.0,7.0,4.0,5.0,3.0,2.0,0.0,1.0,14.0,15.0,13.0,12.0,8.0,9.0,10.0,11.0,7.0,6.0,5.0,4.0,2.0,3.0,1.0,0.0,15.0,14.0,12.0,13.0,9.0,8.0,11.0,10.0,8.0,9.0,10.0,11.0,12.0,13.0,14.0,15.0,0.0,1.0,2.0,3.0,4.0,5.0,6.0,7.0,9.0,8.0,11.0,10.0,13.0,12.0,15.0,14.0,1.0,0.0,3.0,2.0,5.0,4.0,7.0,6.0,10.0,11.0,9.0,8.0,15.0,14.0,12.0,13.0,2.0,3.0,1.0,0.0,7.0,6.0,4.0,5.0,11.0,10.0,8.0,9.0,14.0,15.0,13.0,12.0,3.0,2.0,0.0,1.0,6.0,7.0,5.0,4.0,12.0,13.0,14.0,15.0,9.0,8.0,11.0,10.0,4.0,5.0,6.0,7.0,1.0,0.0,3.0,2.0,13.0,12.0,15.0,14.0,8.0,9.0,10.0,11.0,5.0,4.0,7.0,6.0,0.0,1.0,2.0,3.0,14.0,15.0,13.0,12.0,10.0,11.0,9.0,8.0,6.0,7.0,4.0,5.0,3.0,2.0,1.0,0.0,15.0,14.0,12.0,13.0,11.0,10.0,8.0,9.0,7.0,6.0,5.0,4.0,2.0,3.0,0.0,1.0
303118,64511,15,multi_Transversal_16_2025-06-08_22_23_26_998641_2,1749421766,5,1,5,237.8594,239.718611,0,1000000000.0,10829824.0,6520832.0,6233.0,3600000000000.0,86400000000000.0,500000000.0,1000000000.0,1749421407,604800,0,0,0,8,GenuineIntel,Intel(R) Xeon(R) CPU E5-2630 v3 @ 2.40GHz [Family 6 Model 63 Stepping 2],1000000000.0,1000000000.0,1000000000.0,Microsoft Windows 10,"Enterprise LTSB x64 Edition, (10.00.19044.00)",17171070976.0,262144.0,19721207808.0,47715450880.0,12169773056.0,41069893.0,0.0,14931112898.46,74228947.62302,14098642.125756,0.0,1.0,0.0,0.923155,0,0.0,0.0,1.0,2.0,3.0,4.0,5.0,6.0,7.0,8.0,9.0,10.0,11.0,12.0,13.0,14.0,15.0,1.0,0.0,3.0,2.0,5.0,4.0,7.0,6.0,9.0,8.0,11.0,10.0,13.0,12.0,15.0,14.0,2.0,3.0,1.0,0.0,7.0,6.0,5.0,4.0,10.0,11.0,9.0,8.0,15.0,14.0,12.0,13.0,3.0,2.0,0.0,1.0,6.0,7.0,4.0,5.0,11.0,10.0,8.0,9.0,14.0,15.0,13.0,12.0,4.0,5.0,6.0,7.0,1.0,0.0,2.0,3.0,12.0,13.0,14.0,15.0,10.0,11.0,9.0,8.0,5.0,4.0,7.0,6.0,0.0,1.0,3.0,2.0,13.0,12.0,15.0,14.0,11.0,10.0,8.0,9.0,6.0,7.0,4.0,5.0,3.0,2.0,0.0,1.0,14.0,15.0,13.0,12.0,8.0,9.0,10.0,11.0,7.0,6.0,5.0,4.0,2.0,3.0,1.0,0.0,15.0,14.0,12.0,13.0,9.0,8.0,11.0,10.0,8.0,9.0,10.0,11.0,12.0,13.0,14.0,15.0,0.0,1.0,2.0,3.0,4.0,5.0,6.0,7.0,9.0,8.0,11.0,10.0,13.0,12.0,15.0,14.0,1.0,0.0,3.0,2.0,5.0,4.0,7.0,6.0,10.0,11.0,9.0,8.0,15.0,14.0,12.0,13.0,2.0,3.0,1.0,0.0,7.0,6.0,4.0,5.0,11.0,10.0,8.0,9.0,14.0,15.0,13.0,12.0,3.0,2.0,0.0,1.0,6.0,7.0,5.0,4.0,12.0,13.0,14.0,15.0,9.0,8.0,11.0,10.0,4.0,5.0,6.0,7.0,1.0,0.0,3.0,2.0,13.0,12.0,15.0,14.0,8.0,9.0,10.0,11.0,5.0,4.0,7.0,6.0,0.0,1.0,2.0,3.0,14.0,15.0,13.0,12.0,10.0,11.0,9.0,8.0,6.0,7.0,4.0,5.0,3.0,2.0,1.0,0.0,15.0,14.0,12.0,13.0,11.0,10.0,8.0,9.0,7.0,6.0,5.0,4.0,2.0,3.0,0.0,1.0
303119,64512,14,multi_Transversal_17_2025-06-08_22_23_27_151836_0,1749421766,5,1,5,244.4062,247.923256,0,1000000000.0,10821632.0,6524928.0,6235.0,3600000000000.0,86400000000000.0,500000000.0,1000000000.0,1749421407,604800,0,0,0,8,GenuineIntel,Intel(R) Xeon(R) CPU E5-2695 v2 @ 2.40GHz [Family 6 Model 62 Stepping 4],1000000000.0,1000000000.0,1000000000.0,Microsoft Windows 10,"Enterprise LTSB x64 Edition, (10.00.19044.00)",17171070976.0,262144.0,19721207808.0,47715450880.0,12043943936.0,50470565.0,171008.0,14504363335.66,50555456.420003,25813395.198889,0.0,1.0,0.0,0.932014,0,0.0,0.0,1.0,2.0,3.0,4.0,5.0,6.0,7.0,8.0,9.0,10.0,11.0,12.0,13.0,14.0,15.0,1.0,0.0,3.0,2.0,5.0,4.0,7.0,6.0,9.0,8.0,11.0,10.0,13.0,12.0,15.0,14.0,2.0,3.0,1.0,0.0,7.0,6.0,5.0,4.0,10.0,11.0,9.0,8.0,15.0,14.0,13.0,12.0,3.0,2.0,0.0,1.0,6.0,7.0,4.0,5.0,11.0,10.0,8.0,9.0,14.0,15.0,12.0,13.0,4.0,5.0,7.0,6.0,1.0,0.0,3.0,2.0,12.0,13.0,14.0,15.0,9.0,8.0,10.0,11.0,5.0,4.0,6.0,7.0,0.0,1.0,2.0,3.0,13.0,12.0,15.0,14.0,8.0,9.0,11.0,10.0,6.0,7.0,5.0,4.0,3.0,2.0,1.0,0.0,14.0,15.0,12.0,13.0,11.0,10.0,8.0,9.0,7.0,6.0,4.0,5.0,2.0,3.0,0.0,1.0,15.0,14.0,13.0,12.0,10.0,11.0,9.0,8.0,8.0,9.0,10.0,11.0,12.0,13.0,14.0,15.0,0.0,1.0,2.0,3.0,4.0,5.0,6.0,7.0,9.0,8.0,11.0,10.0,13.0,12.0,15.0,14.0,1.0,0.0,3.0,2.0,5.0,4.0,7.0,6.0,10.0,11.0,9.0,8.0,15.0,14.0,12.0,13.0,2.0,3.0,1.0,0.0,7.0,6.0,4.0,5.0,11.0,10.0,8.0,9.0,14.0,15.0,13.0,12.0,3.0,2.0,0.0,1.0,6.0,7.0,5.0,4.0,12.0,13.0,14.0,15.0,10.0,11.0,9.0,8.0,4.0,5.0,6.0,7.0,1.0,0.0,3.0,2.0,13.0,12.0,15.0,14.0,11.0,10.0,8.0,9.0,5.0,4.0,7.0,6.0,0.0,1.0,2.0,3.0,14.0,15.0,13.0,12.0,8.0,9.0,10.0,11.0,6.0,7.0,5.0,4.0,2.0,3.0,1.0,0.0,15.0,14.0,12.0,13.0,9.0,8.0,11.0,10.0,7.0,6.0,4.0,5.0,3.0,2.0,0.0,1.0
303120,64512,14,multi_Transversal_17_2025-06-08_22_23_27_151836_1,1749421766,5,1,5,245.4062,248.344067,0,1000000000.0,10813440.0,6533120.0,6236.0,3600000000000.0,86400000000000.0,500000000.0,1000000000.0,1749421407,604800,0,0,0,8,GenuineIntel,Intel(R) Xeon(R) CPU E5-2695 v2 @ 2.40GHz [Family 6 Model 62 Stepping 4],1000000000.0,1000000000.0,1000000000.0,Microsoft Windows 10,"Enterprise LTSB x64 Edition, (10.00.19044.00)",17171070976.0,262144.0,19721207808.0,47715450880.0,12043943936.0,50470565.0,171008.0,14504363335.66,50555456.420003,25813395.198889,0.0,1.0,0.0,0.932014,0,0.0,0.0,1.0,2.0,3.0,4.0,5.0,6.0,7.0,8.0,9.0,10.0,11.0,12.0,13.0,14.0,15.0,1.0,0.0,3.0,2.0,5.0,4.0,7.0,6.0,9.0,8.0,11.0,10.0,13.0,12.0,15.0,14.0,2.0,3.0,1.0,0.0,7.0,6.0,5.0,4.0,10.0,11.0,9.0,8.0,15.0,14.0,13.0,12.0,3.0,2.0,0.0,1.0,6.0,7.0,4.0,5.0,11.0,10.0,8.0,9.0,14.0,15.0,12.0,13.0,4.0,5.0,7.0,6.0,1.0,0.0,3.0,2.0,12.0,13.0,14.0,15.0,9.0,8.0,10.0,11.0,5.0,4.0,6.0,7.0,0.0,1.0,2.0,3.0,13.0,12.0,15.0,14.0,8.0,9.0,11.0,10.0,6.0,7.0,5.0,4.0,3.0,2.0,1.0,0.0,14.0,15.0,12.0,13.0,11.0,10.0,8.0,9.0,7.0,6.0,4.0,5.0,2.0,3.0,0.0,1.0,15.0,14.0,13.0,12.0,10.0,11.0,9.0,8.0,8.0,9.0,10.0,11.0,12.0,13.0,14.0,15.0,0.0,1.0,2.0,3.0,4.0,5.0,6.0,7.0,9.0,8.0,11.0,10.0,13.0,12.0,15.0,14.0,1.0,0.0,3.0,2.0,5.0,4.0,7.0,6.0,10.0,11.0,9.0,8.0,15.0,14.0,12.0,13.0,2.0,3.0,1.0,0.0,7.0,6.0,4.0,5.0,11.0,10.0,8.0,9.0,14.0,15.0,13.0,12.0,3.0,2.0,0.0,1.0,6.0,7.0,5.0,4.0,12.0,13.0,14.0,15.0,10.0,11.0,9.0,8.0,4.0,5.0,6.0,7.0,1.0,0.0,3.0,2.0,13.0,12.0,15.0,14.0,11.0,10.0,8.0,9.0,5.0,4.0,7.0,6.0,0.0,1.0,2.0,3.0,14.0,15.0,13.0,12.0,8.0,9.0,10.0,11.0,6.0,7.0,5.0,4.0,2.0,3.0,1.0,0.0,15.0,14.0,12.0,13.0,9.0,8.0,11.0,10.0,7.0,6.0,4.0,5.0,3.0,2.0,0.0,1.0
303121,64512,15,multi_Transversal_17_2025-06-08_22_23_27_151836_2,1749421766,5,1,5,241.4531,243.906054,0,1000000000.0,10809344.0,6516736.0,6232.0,3600000000000.0,86400000000000.0,500000000.0,1000000000.0,1749421407,604800,0,0,0,8,GenuineIntel,Intel(R) Xeon(R) CPU E5-2630 v3 @ 2.40GHz [Family 6 Model 63 Stepping 2],1000000000.0,1000000000.0,1000000000.0,Microsoft Windows 10,"Enterprise LTSB x64 Edition, (10.00.19044.00)",17171070976.0,262144.0,19721207808.0,47715450880.0,12169773056.0,41069893.0,0.0,14931112898.46,74228947.62302,14098642.125756,0.0,1.0,0.0,0.923155,0,0.0,0.0,1.0,2.0,3.0,4.0,5.0,6.0,7.0,8.0,9.0,10.0,11.0,12.0,13.0,14.0,15.0,1.0,0.0,3.0,2.0,5.0,4.0,7.0,6.0,9.0,8.0,11.0,10.0,13.0,12.0,15.0,14.0,2.0,3.0,1.0,0.0,7.0,6.0,5.0,4.0,10.0,11.0,9.0,8.0,15.0,14.0,13.0,12.0,3.0,2.0,0.0,1.0,6.0,7.0,4.0,5.0,11.0,10.0,8.0,9.0,14.0,15.0,12.0,13.0,4.0,5.0,7.0,6.0,1.0,0.0,3.0,2.0,12.0,13.0,14.0,15.0,9.0,8.0,10.0,11.0,5.0,4.0,6.0,7.0,0.0,1.0,2.0,3.0,13.0,12.0,15.0,14.0,8.0,9.0,11.0,10.0,6.0,7.0,5.0,4.0,3.0,2.0,1.0,0.0,14.0,15.0,12.0,13.0,11.0,10.0,8.0,9.0,7.0,6.0,4.0,5.0,2.0,3.0,0.0,1.0,15.0,14.0,13.0,12.0,10.0,11.0,9.0,8.0,8.0,9.0,10.0,11.0,12.0,13.0,14.0,15.0,0.0,1.0,2.0,3.0,4.0,5.0,6.0,7.0,9.0,8.0,11.0,10.0,13.0,12.0,15.0,14.0,1.0,0.0,3.0,2.0,5.0,4.0,7.0,6.0,10.0,11.0,9.0,8.0,15.0,14.0,12.0,13.0,2.0,3.0,1.0,0.0,7.0,6.0,4.0,5.0,11.0,10.0,8.0,9.0,14.0,15.0,13.0,12.0,3.0,2.0,0.0,1.0,6.0,7.0,5.0,4.0,12.0,13.0,14.0,15.0,10.0,11.0,9.0,8.0,4.0,5.0,6.0,7.0,1.0,0.0,3.0,2.0,13.0,12.0,15.0,14.0,11.0,10.0,8.0,9.0,5.0,4.0,7.0,6.0,0.0,1.0,2.0,3.0,14.0,15.0,13.0,12.0,8.0,9.0,10.0,11.0,6.0,7.0,5.0,4.0,2.0,3.0,1.0,0.0,15.0,14.0,12.0,13.0,9.0,8.0,11.0,10.0,7.0,6.0,4.0,5.0,3.0,2.0,0.0,1.0
303122,64513,15,multi_Transversal_18_2025-06-08_22_23_27_247729_0,1749421766,5,1,5,238.25,239.703293,0,1000000000.0,10813440.0,6520832.0,6233.0,3600000000000.0,86400000000000.0,500000000.0,1000000000.0,1749421407,604800,0,0,0,8,GenuineIntel,Intel(R) Xeon(R) CPU E5-2630 v3 @ 2.40GHz [Family 6 Model 63 Stepping 2],1000000000.0,1000000000.0,1000000000.0,Microsoft Windows 10,"Enterprise LTSB x64 Edition, (10.00.19044.00)",17171070976.0,262144.0,19721207808.0,47715450880.0,12169773056.0,41069893.0,0.0,14931112898.46,74228947.62302,14098642.125756,0.0,1.0,0.0,0.923155,0,0.0,0.0,1.0,2.0,3.0,4.0,5.0,6.0,7.0,8.0,9.0,10.0,11.0,12.0,13.0,14.0,15.0,1.0,0.0,3.0,2.0,5.0,4.0,7.0,6.0,9.0,8.0,11.0,10.0,13.0,12.0,15.0,14.0,2.0,3.0,1.0,0.0,7.0,6.0,5.0,4.0,10.0,11.0,9.0,8.0,15.0,14.0,13.0,12.0,3.0,2.0,0.0,1.0,6.0,7.0,4.0,5.0,11.0,10.0,8.0,9.0,14.0,15.0,12.0,13.0,4.0,5.0,7.0,6.0,3.0,2.0,1.0,0.0,12.0,13.0,15.0,14.0,9.0,8.0,11.0,10.0,5.0,4.0,6.0,7.0,2.0,3.0,0.0,1.0,13.0,12.0,14.0,15.0,8.0,9.0,10.0,11.0,6.0,7.0,5.0,4.0,0.0,1.0,2.0,3.0,14.0,15.0,13.0,12.0,11.0,10.0,9.0,8.0,7.0,6.0,4.0,5.0,1.0,0.0,3.0,2.0,15.0,14.0,12.0,13.0,10.0,11.0,8.0,9.0,8.0,9.0,10.0,11.0,12.0,13.0,14.0,15.0,0.0,1.0,2.0,3.0,4.0,5.0,6.0,7.0,9.0,8.0,11.0,10.0,13.0,12.0,15.0,14.0,1.0,0.0,3.0,2.0,5.0,4.0,7.0,6.0,10.0,11.0,9.0,8.0,15.0,14.0,13.0,12.0,2.0,3.0,1.0,0.0,7.0,6.0,4.0,5.0,11.0,10.0,8.0,9.0,14.0,15.0,12.0,13.0,3.0,2.0,0.0,1.0,6.0,7.0,5.0,4.0,12.0,13.0,14.0,15.0,9.0,8.0,10.0,11.0,4.0,5.0,6.0,7.0,2.0,3.0,1.0,0.0,13.0,12.0,15.0,14.0,8.0,9.0,11.0,10.0,5.0,4.0,7.0,6.0,3.0,2.0,0.0,1.0,14.0,15.0,12.0,13.0,11.0,10.0,8.0,9.0,6.0,7.0,5.0,4.0,0.0,1.0,2.0,3.0,15.0,14.0,13.0,12.0,10.0,11.0,9.0,8.0,7.0,6.0,4.0,5.0,1.0,0.0,3.0,2.0
303123,64513,15,multi_Transversal_18_2025-06-08_22_23_27_247729_1,1749421766,5,1,5,239.7188,240.703508,0,1000000000.0,10829824.0,6516736.0,6232.0,3600000000000.0,86400000000000.0,500000000.0,1000000000.0,1749421407,604800,0,0,0,8,GenuineIntel,Intel(R) Xeon(R) CPU E5-2630 v3 @ 2.40GHz [Family 6 Model 63 Stepping 2],1000000000.0,1000000000.0,1000000000.0,Microsoft Windows 10,"Enterprise LTSB x64 Edition, (10.00.19044.00)",17171070976.0,262144.0,19721207808.0,47715450880.0,12169773056.0,41069893.0,0.0,14931112898.46,74228947.62302,14098642.125756,0.0,1.0,0.0,0.923155,0,0.0,0.0,1.0,2.0,3.0,4.0,5.0,6.0,7.0,8.0,9.0,10.0,11.0,12.0,13.0,14.0,15.0,1.0,0.0,3.0,2.0,5.0,4.0,7.0,6.0,9.0,8.0,11.0,10.0,13.0,12.0,15.0,14.0,2.0,3.0,1.0,0.0,7.0,6.0,5.0,4.0,10.0,11.0,9.0,8.0,15.0,14.0,13.0,12.0,3.0,2.0,0.0,1.0,6.0,7.0,4.0,5.0,11.0,10.0,8.0,9.0,14.0,15.0,12.0,13.0,4.0,5.0,7.0,6.0,3.0,2.0,1.0,0.0,12.0,13.0,15.0,14.0,9.0,8.0,11.0,10.0,5.0,4.0,6.0,7.0,2.0,3.0,0.0,1.0,13.0,12.0,14.0,15.0,8.0,9.0,10.0,11.0,6.0,7.0,5.0,4.0,0.0,1.0,2.0,3.0,14.0,15.0,13.0,12.0,11.0,10.0,9.0,8.0,7.0,6.0,4.0,5.0,1.0,0.0,3.0,2.0,15.0,14.0,12.0,13.0,10.0,11.0,8.0,9.0,8.0,9.0,10.0,11.0,12.0,13.0,14.0,15.0,0.0,1.0,2.0,3.0,4.0,5.0,6.0,7.0,9.0,8.0,11.0,10.0,13.0,12.0,15.0,14.0,1.0,0.0,3.0,2.0,5.0,4.0,7.0,6.0,10.0,11.0,9.0,8.0,15.0,14.0,13.0,12.0,2.0,3.0,1.0,0.0,7.0,6.0,4.0,5.0,11.0,10.0,8.0,9.0,14.0,15.0,12.0,13.0,3.0,2.0,0.0,1.0,6.0,7.0,5.0,4.0,12.0,13.0,14.0,15.0,9.0,8.0,10.0,11.0,4.0,5.0,6.0,7.0,2.0,3.0,1.0,0.0,13.0,12.0,15.0,14.0,8.0,9.0,11.0,10.0,5.0,4.0,7.0,6.0,3.0,2.0,0.0,1.0,14.0,15.0,12.0,13.0,11.0,10.0,8.0,9.0,6.0,7.0,5.0,4.0,0.0,1.0,2.0,3.0,15.0,14.0,13.0,12.0,10.0,11.0,9.0,8.0,7.0,6.0,4.0,5.0,1.0,0.0,3.0,2.0
303124,64513,15,multi_Transversal_18_2025-06-08_22_23_27_247729_2,1749421766,5,1,5,244.4375,246.921915,0,1000000000.0,10813440.0,6537216.0,6233.0,3600000000000.0,86400000000000.0,500000000.0,1000000000.0,1749421407,604800,0,0,0,8,GenuineIntel,Intel(R) Xeon(R) CPU E5-2630 v3 @ 2.40GHz [Family 6 Model 63 Stepping 2],1000000000.0,1000000000.0,1000000000.0,Microsoft Windows 10,"Enterprise LTSB x64 Edition, (10.00.19044.00)",17171070976.0,262144.0,19721207808.0,47715450880.0,12169773056.0,41069893.0,0.0,14931112898.46,74228947.62302,14098642.125756,0.0,1.0,0.0,0.923155,0,0.0,0.0,1.0,2.0,3.0,4.0,5.0,6.0,7.0,8.0,9.0,10.0,11.0,12.0,13.0,14.0,15.0,1.0,0.0,3.0,2.0,5.0,4.0,7.0,6.0,9.0,8.0,11.0,10.0,13.0,12.0,15.0,14.0,2.0,3.0,1.0,0.0,7.0,6.0,5.0,4.0,10.0,11.0,9.0,8.0,15.0,14.0,13.0,12.0,3.0,2.0,0.0,1.0,6.0,7.0,4.0,5.0,11.0,10.0,8.0,9.0,14.0,15.0,12.0,13.0,4.0,5.0,7.0,6.0,3.0,2.0,1.0,0.0,12.0,13.0,15.0,14.0,9.0,8.0,11.0,10.0,5.0,4.0,6.0,7.0,2.0,3.0,0.0,1.0,13.0,12.0,14.0,15.0,8.0,9.0,10.0,11.0,6.0,7.0,5.0,4.0,0.0,1.0,2.0,3.0,14.0,15.0,13.0,12.0,11.0,10.0,9.0,8.0,7.0,6.0,4.0,5.0,1.0,0.0,3.0,2.0,15.0,14.0,12.0,13.0,10.0,11.0,8.0,9.0,8.0,9.0,10.0,11.0,12.0,13.0,14.0,15.0,0.0,1.0,2.0,3.0,4.0,5.0,6.0,7.0,9.0,8.0,11.0,10.0,13.0,12.0,15.0,14.0,1.0,0.0,3.0,2.0,5.0,4.0,7.0,6.0,10.0,11.0,9.0,8.0,15.0,14.0,13.0,12.0,2.0,3.0,1.0,0.0,7.0,6.0,4.0,5.0,11.0,10.0,8.0,9.0,14.0,15.0,12.0,13.0,3.0,2.0,0.0,1.0,6.0,7.0,5.0,4.0,12.0,13.0,14.0,15.0,9.0,8.0,10.0,11.0,4.0,5.0,6.0,7.0,2.0,3.0,1.0,0.0,13.0,12.0,15.0,14.0,8.0,9.0,11.0,10.0,5.0,4.0,7.0,6.0,3.0,2.0,0.0,1.0,14.0,15.0,12.0,13.0,11.0,10.0,8.0,9.0,6.0,7.0,5.0,4.0,0.0,1.0,2.0,3.0,15.0,14.0,13.0,12.0,10.0,11.0,9.0,8.0,7.0,6.0,4.0,5.0,1.0,0.0,3.0,2.0
303125,64514,15,multi_Transversal_19_2025-06-08_22_23_27_313860_0,1749421766,5,1,5,237.4688,239.703293,0,1000000000.0,10809344.0,6524928.0,6233.0,3600000000000.0,86400000000000.0,500000000.0,1000000000.0,1749421407,604800,0,0,0,8,GenuineIntel,Intel(R) Xeon(R) CPU E5-2630 v3 @ 2.40GHz [Family 6 Model 63 Stepping 2],1000000000.0,1000000000.0,1000000000.0,Microsoft Windows 10,"Enterprise LTSB x64 Edition, (10.00.19044.00)",17171070976.0,262144.0,19721207808.0,47715450880.0,12169773056.0,41069893.0,0.0,14931112898.46,74228947.62302,14098642.125756,0.0,1.0,0.0,0.923155,0,0.0,0.0,1.0,2.0,3.0,4.0,5.0,6.0,7.0,8.0,9.0,10.0,11.0,12.0,13.0,14.0,15.0,1.0,0.0,3.0,2.0,5.0,4.0,7.0,6.0,9.0,8.0,11.0,10.0,13.0,12.0,15.0,14.0,2.0,3.0,1.0,0.0,7.0,6.0,5.0,4.0,10.0,11.0,9.0,8.0,15.0,14.0,13.0,12.0,3.0,2.0,0.0,1.0,6.0,7.0,4.0,5.0,11.0,10.0,8.0,9.0,14.0,15.0,12.0,13.0,4.0,6.0,5.0,7.0,0.0,3.0,2.0,1.0,12.0,13.0,15.0,14.0,11.0,10.0,9.0,8.0,5.0,7.0,4.0,6.0,1.0,2.0,3.0,0.0,13.0,12.0,14.0,15.0,10.0,11.0,8.0,9.0,6.0,4.0,7.0,5.0,3.0,0.0,1.0,2.0,14.0,15.0,13.0,12.0,8.0,9.0,10.0,11.0,7.0,5.0,6.0,4.0,2.0,1.0,0.0,3.0,15.0,14.0,12.0,13.0,9.0,8.0,11.0,10.0,8.0,9.0,10.0,11.0,12.0,13.0,14.0,15.0,0.0,1.0,2.0,3.0,4.0,5.0,6.0,7.0,9.0,8.0,11.0,10.0,13.0,12.0,15.0,14.0,1.0,0.0,3.0,2.0,5.0,4.0,7.0,6.0,10.0,11.0,9.0,8.0,15.0,14.0,13.0,12.0,2.0,3.0,1.0,0.0,7.0,6.0,5.0,4.0,11.0,10.0,8.0,9.0,14.0,15.0,12.0,13.0,3.0,2.0,0.0,1.0,6.0,7.0,4.0,5.0,12.0,13.0,15.0,14.0,9.0,8.0,11.0,10.0,4.0,5.0,6.0,7.0,1.0,0.0,2.0,3.0,13.0,12.0,14.0,15.0,8.0,9.0,10.0,11.0,5.0,4.0,7.0,6.0,0.0,1.0,3.0,2.0,14.0,15.0,13.0,12.0,11.0,10.0,9.0,8.0,6.0,7.0,4.0,5.0,3.0,2.0,0.0,1.0,15.0,14.0,12.0,13.0,10.0,11.0,8.0,9.0,7.0,6.0,5.0,4.0,2.0,3.0,1.0,0.0
303126,64514,15,multi_Transversal_19_2025-06-08_22_23_27_313860_1,1749421766,5,1,5,244.5781,246.921915,0,1000000000.0,10809344.0,6524928.0,6233.0,3600000000000.0,86400000000000.0,500000000.0,1000000000.0,1749421407,604800,0,0,0,8,GenuineIntel,Intel(R) Xeon(R) CPU E5-2630 v3 @ 2.40GHz [Family 6 Model 63 Stepping 2],1000000000.0,1000000000.0,1000000000.0,Microsoft Windows 10,"Enterprise LTSB x64 Edition, (10.00.19044.00)",17171070976.0,262144.0,19721207808.0,47715450880.0,12169773056.0,41069893.0,0.0,14931112898.46,74228947.62302,14098642.125756,0.0,1.0,0.0,0.923155,0,0.0,0.0,1.0,2.0,3.0,4.0,5.0,6.0,7.0,8.0,9.0,10.0,11.0,12.0,13.0,14.0,15.0,1.0,0.0,3.0,2.0,5.0,4.0,7.0,6.0,9.0,8.0,11.0,10.0,13.0,12.0,15.0,14.0,2.0,3.0,1.0,0.0,7.0,6.0,5.0,4.0,10.0,11.0,9.0,8.0,15.0,14.0,13.0,12.0,3.0,2.0,0.0,1.0,6.0,7.0,4.0,5.0,11.0,10.0,8.0,9.0,14.0,15.0,12.0,13.0,4.0,6.0,5.0,7.0,0.0,3.0,2.0,1.0,12.0,13.0,15.0,14.0,11.0,10.0,9.0,8.0,5.0,7.0,4.0,6.0,1.0,2.0,3.0,0.0,13.0,12.0,14.0,15.0,10.0,11.0,8.0,9.0,6.0,4.0,7.0,5.0,3.0,0.0,1.0,2.0,14.0,15.0,13.0,12.0,8.0,9.0,10.0,11.0,7.0,5.0,6.0,4.0,2.0,1.0,0.0,3.0,15.0,14.0,12.0,13.0,9.0,8.0,11.0,10.0,8.0,9.0,10.0,11.0,12.0,13.0,14.0,15.0,0.0,1.0,2.0,3.0,4.0,5.0,6.0,7.0,9.0,8.0,11.0,10.0,13.0,12.0,15.0,14.0,1.0,0.0,3.0,2.0,5.0,4.0,7.0,6.0,10.0,11.0,9.0,8.0,15.0,14.0,13.0,12.0,2.0,3.0,1.0,0.0,7.0,6.0,5.0,4.0,11.0,10.0,8.0,9.0,14.0,15.0,12.0,13.0,3.0,2.0,0.0,1.0,6.0,7.0,4.0,5.0,12.0,13.0,15.0,14.0,9.0,8.0,11.0,10.0,4.0,5.0,6.0,7.0,1.0,0.0,2.0,3.0,13.0,12.0,14.0,15.0,8.0,9.0,10.0,11.0,5.0,4.0,7.0,6.0,0.0,1.0,3.0,2.0,14.0,15.0,13.0,12.0,11.0,10.0,9.0,8.0,6.0,7.0,4.0,5.0,3.0,2.0,0.0,1.0,15.0,14.0,12.0,13.0,10.0,11.0,8.0,9.0,7.0,6.0,5.0,4.0,2.0,3.0,1.0,0.0
303127,64514,15,multi_Transversal_19_2025-06-08_22_23_27_313860_2,1749421766,5,1,5,237.6719,239.703293,0,1000000000.0,10809344.0,6524928.0,6233.0,3600000000000.0,86400000000000.0,500000000.0,1000000000.0,1749421407,604800,0,0,0,8,GenuineIntel,Intel(R) Xeon(R) CPU E5-2630 v3 @ 2.40GHz [Family 6 Model 63 Stepping 2],1000000000.0,1000000000.0,1000000000.0,Microsoft Windows 10,"Enterprise LTSB x64 Edition, (10.00.19044.00)",17171070976.0,262144.0,19721207808.0,47715450880.0,12169773056.0,41069893.0,0.0,14931112898.46,74228947.62302,14098642.125756,0.0,1.0,0.0,0.923155,0,0.0,0.0,1.0,2.0,3.0,4.0,5.0,6.0,7.0,8.0,9.0,10.0,11.0,12.0,13.0,14.0,15.0,1.0,0.0,3.0,2.0,5.0,4.0,7.0,6.0,9.0,8.0,11.0,10.0,13.0,12.0,15.0,14.0,2.0,3.0,1.0,0.0,7.0,6.0,5.0,4.0,10.0,11.0,9.0,8.0,15.0,14.0,13.0,12.0,3.0,2.0,0.0,1.0,6.0,7.0,4.0,5.0,11.0,10.0,8.0,9.0,14.0,15.0,12.0,13.0,4.0,6.0,5.0,7.0,0.0,3.0,2.0,1.0,12.0,13.0,15.0,14.0,11.0,10.0,9.0,8.0,5.0,7.0,4.0,6.0,1.0,2.0,3.0,0.0,13.0,12.0,14.0,15.0,10.0,11.0,8.0,9.0,6.0,4.0,7.0,5.0,3.0,0.0,1.0,2.0,14.0,15.0,13.0,12.0,8.0,9.0,10.0,11.0,7.0,5.0,6.0,4.0,2.0,1.0,0.0,3.0,15.0,14.0,12.0,13.0,9.0,8.0,11.0,10.0,8.0,9.0,10.0,11.0,12.0,13.0,14.0,15.0,0.0,1.0,2.0,3.0,4.0,5.0,6.0,7.0,9.0,8.0,11.0,10.0,13.0,12.0,15.0,14.0,1.0,0.0,3.0,2.0,5.0,4.0,7.0,6.0,10.0,11.0,9.0,8.0,15.0,14.0,13.0,12.0,2.0,3.0,1.0,0.0,7.0,6.0,5.0,4.0,11.0,10.0,8.0,9.0,14.0,15.0,12.0,13.0,3.0,2.0,0.0,1.0,6.0,7.0,4.0,5.0,12.0,13.0,15.0,14.0,9.0,8.0,11.0,10.0,4.0,5.0,6.0,7.0,1.0,0.0,2.0,3.0,13.0,12.0,14.0,15.0,8.0,9.0,10.0,11.0,5.0,4.0,7.0,6.0,0.0,1.0,3.0,2.0,14.0,15.0,13.0,12.0,11.0,10.0,9.0,8.0,6.0,7.0,4.0,5.0,3.0,2.0,0.0,1.0,15.0,14.0,12.0,13.0,10.0,11.0,8.0,9.0,7.0,6.0,5.0,4.0,2.0,3.0,1.0,0.0
303128,64515,15,multi_Transversal_20_2025-06-08_22_23_27_408800_0,1749421766,5,1,5,239.8125,241.734241,0,1000000000.0,10809344.0,6524928.0,6233.0,3600000000000.0,86400000000000.0,500000000.0,1000000000.0,1749421407,604800,0,0,0,8,GenuineIntel,Intel(R) Xeon(R) CPU E5-2630 v3 @ 2.40GHz [Family 6 Model 63 Stepping 2],1000000000.0,1000000000.0,1000000000.0,Microsoft Windows 10,"Enterprise LTSB x64 Edition, (10.00.19044.00)",17171070976.0,262144.0,19721207808.0,47715450880.0,12169773056.0,41069893.0,0.0,14931112898.46,74228947.62302,14098642.125756,0.0,1.0,0.0,0.923155,0,0.0,0.0,1.0,2.0,3.0,4.0,5.0,6.0,7.0,8.0,9.0,10.0,11.0,12.0,13.0,14.0,15.0,1.0,0.0,3.0,2.0,5.0,4.0,7.0,6.0,9.0,8.0,11.0,10.0,13.0,12.0,15.0,14.0,2.0,3.0,1.0,4.0,6.0,7.0,0.0,5.0,10.0,11.0,9.0,8.0,15.0,14.0,13.0,12.0,3.0,2.0,4.0,1.0,7.0,6.0,5.0,0.0,11.0,10.0,8.0,9.0,14.0,15.0,12.0,13.0,4.0,5.0,6.0,7.0,2.0,0.0,1.0,3.0,12.0,14.0,13.0,15.0,8.0,11.0,10.0,9.0,5.0,4.0,7.0,6.0,0.0,2.0,3.0,1.0,13.0,15.0,12.0,14.0,9.0,10.0,11.0,8.0,6.0,7.0,0.0,5.0,1.0,3.0,2.0,4.0,14.0,12.0,15.0,13.0,11.0,8.0,9.0,10.0,7.0,6.0,5.0,0.0,3.0,1.0,4.0,2.0,15.0,13.0,14.0,12.0,10.0,9.0,8.0,11.0,8.0,9.0,10.0,11.0,12.0,13.0,14.0,15.0,0.0,1.0,2.0,3.0,4.0,5.0,6.0,7.0,9.0,8.0,11.0,10.0,13.0,12.0,15.0,14.0,1.0,0.0,3.0,2.0,5.0,4.0,7.0,6.0,10.0,11.0,9.0,8.0,15.0,14.0,13.0,12.0,2.0,3.0,1.0,0.0,7.0,6.0,5.0,4.0,11.0,10.0,8.0,9.0,14.0,15.0,12.0,13.0,3.0,2.0,0.0,1.0,6.0,7.0,4.0,5.0,12.0,13.0,15.0,14.0,11.0,10.0,9.0,8.0,4.0,5.0,7.0,6.0,1.0,0.0,3.0,2.0,13.0,12.0,14.0,15.0,10.0,11.0,8.0,9.0,5.0,4.0,6.0,7.0,0.0,1.0,2.0,3.0,14.0,15.0,13.0,12.0,8.0,9.0,10.0,11.0,6.0,7.0,5.0,4.0,3.0,2.0,1.0,0.0,15.0,14.0,12.0,13.0,9.0,8.0,11.0,10.0,7.0,6.0,4.0,5.0,2.0,3.0,0.0,1.0
303129,64515,15,multi_Transversal_20_2025-06-08_22_23_27_408800_1,1749421766,5,1,5,237.9375,240.734026,0,1000000000.0,10821632.0,6529024.0,6233.0,3600000000000.0,86400000000000.0,500000000.0,1000000000.0,1749421407,604800,0,0,0,8,GenuineIntel,Intel(R) Xeon(R) CPU E5-2630 v3 @ 2.40GHz [Family 6 Model 63 Stepping 2],1000000000.0,1000000000.0,1000000000.0,Microsoft Windows 10,"Enterprise LTSB x64 Edition, (10.00.19044.00)",17171070976.0,262144.0,19721207808.0,47715450880.0,12169773056.0,41069893.0,0.0,14931112898.46,74228947.62302,14098642.125756,0.0,1.0,0.0,0.923155,0,0.0,0.0,1.0,2.0,3.0,4.0,5.0,6.0,7.0,8.0,9.0,10.0,11.0,12.0,13.0,14.0,15.0,1.0,0.0,3.0,2.0,5.0,4.0,7.0,6.0,9.0,8.0,11.0,10.0,13.0,12.0,15.0,14.0,2.0,3.0,1.0,4.0,6.0,7.0,0.0,5.0,10.0,11.0,9.0,8.0,15.0,14.0,13.0,12.0,3.0,2.0,4.0,1.0,7.0,6.0,5.0,0.0,11.0,10.0,8.0,9.0,14.0,15.0,12.0,13.0,4.0,5.0,6.0,7.0,2.0,0.0,1.0,3.0,12.0,14.0,13.0,15.0,8.0,11.0,10.0,9.0,5.0,4.0,7.0,6.0,0.0,2.0,3.0,1.0,13.0,15.0,12.0,14.0,9.0,10.0,11.0,8.0,6.0,7.0,0.0,5.0,1.0,3.0,2.0,4.0,14.0,12.0,15.0,13.0,11.0,8.0,9.0,10.0,7.0,6.0,5.0,0.0,3.0,1.0,4.0,2.0,15.0,13.0,14.0,12.0,10.0,9.0,8.0,11.0,8.0,9.0,10.0,11.0,12.0,13.0,14.0,15.0,0.0,1.0,2.0,3.0,4.0,5.0,6.0,7.0,9.0,8.0,11.0,10.0,13.0,12.0,15.0,14.0,1.0,0.0,3.0,2.0,5.0,4.0,7.0,6.0,10.0,11.0,9.0,8.0,15.0,14.0,13.0,12.0,2.0,3.0,1.0,0.0,7.0,6.0,5.0,4.0,11.0,10.0,8.0,9.0,14.0,15.0,12.0,13.0,3.0,2.0,0.0,1.0,6.0,7.0,4.0,5.0,12.0,13.0,15.0,14.0,11.0,10.0,9.0,8.0,4.0,5.0,7.0,6.0,1.0,0.0,3.0,2.0,13.0,12.0,14.0,15.0,10.0,11.0,8.0,9.0,5.0,4.0,6.0,7.0,0.0,1.0,2.0,3.0,14.0,15.0,13.0,12.0,8.0,9.0,10.0,11.0,6.0,7.0,5.0,4.0,3.0,2.0,1.0,0.0,15.0,14.0,12.0,13.0,9.0,8.0,11.0,10.0,7.0,6.0,4.0,5.0,2.0,3.0,0.0,1.0
303130,64515,15,multi_Transversal_20_2025-06-08_22_23_27_408800_2,1749421766,5,1,5,237.3125,239.718611,0,1000000000.0,10813440.0,6524928.0,6233.0,3600000000000.0,86400000000000.0,500000000.0,1000000000.0,1749421407,604800,0,0,0,8,GenuineIntel,Intel(R) Xeon(R) CPU E5-2630 v3 @ 2.40GHz [Family 6 Model 63 Stepping 2],1000000000.0,1000000000.0,1000000000.0,Microsoft Windows 10,"Enterprise LTSB x64 Edition, (10.00.19044.00)",17171070976.0,262144.0,19721207808.0,47715450880.0,12169773056.0,41069893.0,0.0,14931112898.46,74228947.62302,14098642.125756,0.0,1.0,0.0,0.923155,0,0.0,0.0,1.0,2.0,3.0,4.0,5.0,6.0,7.0,8.0,9.0,10.0,11.0,12.0,13.0,14.0,15.0,1.0,0.0,3.0,2.0,5.0,4.0,7.0,6.0,9.0,8.0,11.0,10.0,13.0,12.0,15.0,14.0,2.0,3.0,1.0,4.0,6.0,7.0,0.0,5.0,10.0,11.0,9.0,8.0,15.0,14.0,13.0,12.0,3.0,2.0,4.0,1.0,7.0,6.0,5.0,0.0,11.0,10.0,8.0,9.0,14.0,15.0,12.0,13.0,4.0,5.0,6.0,7.0,2.0,0.0,1.0,3.0,12.0,14.0,13.0,15.0,8.0,11.0,10.0,9.0,5.0,4.0,7.0,6.0,0.0,2.0,3.0,1.0,13.0,15.0,12.0,14.0,9.0,10.0,11.0,8.0,6.0,7.0,0.0,5.0,1.0,3.0,2.0,4.0,14.0,12.0,15.0,13.0,11.0,8.0,9.0,10.0,7.0,6.0,5.0,0.0,3.0,1.0,4.0,2.0,15.0,13.0,14.0,12.0,10.0,9.0,8.0,11.0,8.0,9.0,10.0,11.0,12.0,13.0,14.0,15.0,0.0,1.0,2.0,3.0,4.0,5.0,6.0,7.0,9.0,8.0,11.0,10.0,13.0,12.0,15.0,14.0,1.0,0.0,3.0,2.0,5.0,4.0,7.0,6.0,10.0,11.0,9.0,8.0,15.0,14.0,13.0,12.0,2.0,3.0,1.0,0.0,7.0,6.0,5.0,4.0,11.0,10.0,8.0,9.0,14.0,15.0,12.0,13.0,3.0,2.0,0.0,1.0,6.0,7.0,4.0,5.0,12.0,13.0,15.0,14.0,11.0,10.0,9.0,8.0,4.0,5.0,7.0,6.0,1.0,0.0,3.0,2.0,13.0,12.0,14.0,15.0,10.0,11.0,8.0,9.0,5.0,4.0,6.0,7.0,0.0,1.0,2.0,3.0,14.0,15.0,13.0,12.0,8.0,9.0,10.0,11.0,6.0,7.0,5.0,4.0,3.0,2.0,1.0,0.0,15.0,14.0,12.0,13.0,9.0,8.0,11.0,10.0,7.0,6.0,4.0,5.0,2.0,3.0,0.0,1.0
303131,64516,14,multi_Transversal_21_2025-06-08_22_23_27_456622_0,1749421766,5,1,5,246.5156,249.0,0,1000000000.0,10805248.0,6520832.0,6236.0,3600000000000.0,86400000000000.0,500000000.0,1000000000.0,1749421407,604800,0,0,0,8,GenuineIntel,Intel(R) Xeon(R) CPU E5-2695 v2 @ 2.40GHz [Family 6 Model 62 Stepping 4],1000000000.0,1000000000.0,1000000000.0,Microsoft Windows 10,"Enterprise LTSB x64 Edition, (10.00.19044.00)",17171070976.0,262144.0,19721207808.0,47715450880.0,12043943936.0,50470565.0,171008.0,14504363335.66,50555456.420003,25813395.198889,0.0,1.0,0.0,0.932014,0,0.0,0.0,1.0,2.0,3.0,4.0,5.0,6.0,7.0,8.0,9.0,10.0,11.0,12.0,13.0,14.0,15.0,1.0,0.0,3.0,2.0,5.0,4.0,7.0,6.0,9.0,8.0,11.0,10.0,13.0,12.0,15.0,14.0,2.0,3.0,1.0,4.0,6.0,7.0,5.0,0.0,10.0,11.0,9.0,12.0,14.0,15.0,8.0,13.0,3.0,2.0,4.0,1.0,7.0,6.0,0.0,5.0,11.0,10.0,12.0,9.0,15.0,14.0,13.0,8.0,4.0,5.0,6.0,7.0,2.0,0.0,1.0,3.0,12.0,13.0,14.0,15.0,10.0,8.0,9.0,11.0,5.0,4.0,7.0,6.0,0.0,2.0,3.0,1.0,13.0,12.0,15.0,14.0,8.0,10.0,11.0,9.0,6.0,7.0,0.0,5.0,3.0,1.0,4.0,2.0,14.0,15.0,8.0,13.0,9.0,11.0,10.0,12.0,7.0,6.0,5.0,0.0,1.0,3.0,2.0,4.0,15.0,14.0,13.0,8.0,11.0,9.0,12.0,10.0,8.0,9.0,10.0,11.0,12.0,13.0,14.0,15.0,0.0,1.0,2.0,3.0,4.0,5.0,6.0,7.0,9.0,8.0,11.0,10.0,13.0,12.0,15.0,14.0,1.0,0.0,3.0,2.0,5.0,4.0,7.0,6.0,10.0,11.0,9.0,8.0,15.0,14.0,13.0,12.0,2.0,3.0,1.0,0.0,7.0,6.0,5.0,4.0,11.0,10.0,8.0,9.0,14.0,15.0,12.0,13.0,3.0,2.0,0.0,1.0,6.0,7.0,4.0,5.0,12.0,14.0,13.0,15.0,8.0,11.0,10.0,9.0,4.0,5.0,7.0,6.0,3.0,2.0,1.0,0.0,13.0,15.0,12.0,14.0,9.0,10.0,11.0,8.0,5.0,4.0,6.0,7.0,2.0,3.0,0.0,1.0,14.0,12.0,15.0,13.0,11.0,8.0,9.0,10.0,6.0,7.0,5.0,4.0,0.0,1.0,2.0,3.0,15.0,13.0,14.0,12.0,10.0,9.0,8.0,11.0,7.0,6.0,4.0,5.0,1.0,0.0,3.0,2.0
303132,64516,14,multi_Transversal_21_2025-06-08_22_23_27_456622_1,1749421766,5,1,5,247.6094,250.015604,0,1000000000.0,10817536.0,6529024.0,6235.0,3600000000000.0,86400000000000.0,500000000.0,1000000000.0,1749421407,604800,0,0,0,8,GenuineIntel,Intel(R) Xeon(R) CPU E5-2695 v2 @ 2.40GHz [Family 6 Model 62 Stepping 4],1000000000.0,1000000000.0,1000000000.0,Microsoft Windows 10,"Enterprise LTSB x64 Edition, (10.00.19044.00)",17171070976.0,262144.0,19721207808.0,47715450880.0,12043943936.0,50470565.0,171008.0,14504363335.66,50555456.420003,25813395.198889,0.0,1.0,0.0,0.932014,0,0.0,0.0,1.0,2.0,3.0,4.0,5.0,6.0,7.0,8.0,9.0,10.0,11.0,12.0,13.0,14.0,15.0,1.0,0.0,3.0,2.0,5.0,4.0,7.0,6.0,9.0,8.0,11.0,10.0,13.0,12.0,15.0,14.0,2.0,3.0,1.0,4.0,6.0,7.0,5.0,0.0,10.0,11.0,9.0,12.0,14.0,15.0,8.0,13.0,3.0,2.0,4.0,1.0,7.0,6.0,0.0,5.0,11.0,10.0,12.0,9.0,15.0,14.0,13.0,8.0,4.0,5.0,6.0,7.0,2.0,0.0,1.0,3.0,12.0,13.0,14.0,15.0,10.0,8.0,9.0,11.0,5.0,4.0,7.0,6.0,0.0,2.0,3.0,1.0,13.0,12.0,15.0,14.0,8.0,10.0,11.0,9.0,6.0,7.0,0.0,5.0,3.0,1.0,4.0,2.0,14.0,15.0,8.0,13.0,9.0,11.0,10.0,12.0,7.0,6.0,5.0,0.0,1.0,3.0,2.0,4.0,15.0,14.0,13.0,8.0,11.0,9.0,12.0,10.0,8.0,9.0,10.0,11.0,12.0,13.0,14.0,15.0,0.0,1.0,2.0,3.0,4.0,5.0,6.0,7.0,9.0,8.0,11.0,10.0,13.0,12.0,15.0,14.0,1.0,0.0,3.0,2.0,5.0,4.0,7.0,6.0,10.0,11.0,9.0,8.0,15.0,14.0,13.0,12.0,2.0,3.0,1.0,0.0,7.0,6.0,5.0,4.0,11.0,10.0,8.0,9.0,14.0,15.0,12.0,13.0,3.0,2.0,0.0,1.0,6.0,7.0,4.0,5.0,12.0,14.0,13.0,15.0,8.0,11.0,10.0,9.0,4.0,5.0,7.0,6.0,3.0,2.0,1.0,0.0,13.0,15.0,12.0,14.0,9.0,10.0,11.0,8.0,5.0,4.0,6.0,7.0,2.0,3.0,0.0,1.0,14.0,12.0,15.0,13.0,11.0,8.0,9.0,10.0,6.0,7.0,5.0,4.0,0.0,1.0,2.0,3.0,15.0,13.0,14.0,12.0,10.0,9.0,8.0,11.0,7.0,6.0,4.0,5.0,1.0,0.0,3.0,2.0
303133,64516,5,multi_Transversal_21_2025-06-08_22_23_27_456622_2,1749421766,5,1,5,698.73,700.59761,0,3469655309.512298,4456448.0,6959104.0,14763.0,3600000000000.0,86400000000000.0,500000000.0,1000000000.0,1749421407,604800,0,0,0,2,GenuineIntel,Intel Xeon Processor (Icelake) [Family 6 Model 106 Stepping 0],3469655309.512298,61153511188.58783,1000000000.0,Linux Ubuntu,Ubuntu 24.04.2 LTS [6.8.0-59-generic|libc 2.39],2062311424.0,16777216.0,0.0,20105105408.0,16922484736.0,3227648.0,688128.0,18743965532.16,62172879.874603,27986277.102115,0.0,1.0,0.0,0.886615,0,0.0,0.0,1.0,2.0,3.0,4.0,5.0,6.0,7.0,8.0,9.0,10.0,11.0,12.0,13.0,14.0,15.0,1.0,0.0,3.0,2.0,5.0,4.0,7.0,6.0,9.0,8.0,11.0,10.0,13.0,12.0,15.0,14.0,2.0,3.0,1.0,4.0,6.0,7.0,5.0,0.0,10.0,11.0,9.0,12.0,14.0,15.0,8.0,13.0,3.0,2.0,4.0,1.0,7.0,6.0,0.0,5.0,11.0,10.0,12.0,9.0,15.0,14.0,13.0,8.0,4.0,5.0,6.0,7.0,2.0,0.0,1.0,3.0,12.0,13.0,14.0,15.0,10.0,8.0,9.0,11.0,5.0,4.0,7.0,6.0,0.0,2.0,3.0,1.0,13.0,12.0,15.0,14.0,8.0,10.0,11.0,9.0,6.0,7.0,0.0,5.0,3.0,1.0,4.0,2.0,14.0,15.0,8.0,13.0,9.0,11.0,10.0,12.0,7.0,6.0,5.0,0.0,1.0,3.0,2.0,4.0,15.0,14.0,13.0,8.0,11.0,9.0,12.0,10.0,8.0,9.0,10.0,11.0,12.0,13.0,14.0,15.0,0.0,1.0,2.0,3.0,4.0,5.0,6.0,7.0,9.0,8.0,11.0,10.0,13.0,12.0,15.0,14.0,1.0,0.0,3.0,2.0,5.0,4.0,7.0,6.0,10.0,11.0,9.0,8.0,15.0,14.0,13.0,12.0,2.0,3.0,1.0,0.0,7.0,6.0,5.0,4.0,11.0,10.0,8.0,9.0,14.0,15.0,12.0,13.0,3.0,2.0,0.0,1.0,6.0,7.0,4.0,5.0,12.0,14.0,13.0,15.0,8.0,11.0,10.0,9.0,4.0,5.0,7.0,6.0,3.0,2.0,1.0,0.0,13.0,15.0,12.0,14.0,9.0,10.0,11.0,8.0,5.0,4.0,6.0,7.0,2.0,3.0,0.0,1.0,14.0,12.0,15.0,13.0,11.0,8.0,9.0,10.0,6.0,7.0,5.0,4.0,0.0,1.0,2.0,3.0,15.0,13.0,14.0,12.0,10.0,9.0,8.0,11.0,7.0,6.0,4.0,5.0,1.0,0.0,3.0,2.0
303134,64517,5,multi_Transversal_22_2025-06-08_22_23_27_512067_0,1749421766,5,1,5,698.4046,702.686805,0,3469655309.512298,4456448.0,6959104.0,14762.0,3600000000000.0,86400000000000.0,500000000.0,1000000000.0,1749421407,604800,0,0,0,2,GenuineIntel,Intel Xeon Processor (Icelake) [Family 6 Model 106 Stepping 0],3469655309.512298,61153511188.58783,1000000000.0,Linux Ubuntu,Ubuntu 24.04.2 LTS [6.8.0-59-generic|libc 2.39],2062311424.0,16777216.0,0.0,20105105408.0,16922484736.0,3227648.0,688128.0,18743965532.16,62172879.874603,27986277.102115,0.0,1.0,0.0,0.886615,0,0.0,0.0,1.0,2.0,3.0,4.0,5.0,6.0,7.0,8.0,9.0,10.0,11.0,12.0,13.0,14.0,15.0,1.0,0.0,3.0,2.0,5.0,4.0,7.0,6.0,9.0,8.0,11.0,10.0,13.0,12.0,15.0,14.0,2.0,3.0,1.0,5.0,6.0,7.0,0.0,4.0,10.0,11.0,9.0,12.0,14.0,15.0,13.0,8.0,3.0,2.0,5.0,1.0,7.0,6.0,4.0,0.0,11.0,10.0,12.0,9.0,15.0,14.0,8.0,13.0,4.0,5.0,7.0,6.0,3.0,0.0,2.0,1.0,12.0,13.0,14.0,15.0,10.0,8.0,9.0,11.0,5.0,4.0,6.0,7.0,0.0,3.0,1.0,2.0,13.0,12.0,15.0,14.0,8.0,10.0,11.0,9.0,6.0,7.0,4.0,0.0,1.0,2.0,5.0,3.0,14.0,15.0,8.0,13.0,11.0,9.0,12.0,10.0,7.0,6.0,0.0,4.0,2.0,1.0,3.0,5.0,15.0,14.0,13.0,8.0,9.0,11.0,10.0,12.0,8.0,9.0,10.0,11.0,12.0,13.0,14.0,15.0,0.0,1.0,2.0,3.0,4.0,5.0,6.0,7.0,9.0,8.0,11.0,10.0,13.0,12.0,15.0,14.0,1.0,0.0,3.0,2.0,5.0,4.0,7.0,6.0,10.0,11.0,9.0,12.0,14.0,15.0,8.0,13.0,2.0,3.0,1.0,0.0,7.0,6.0,5.0,4.0,11.0,10.0,12.0,9.0,15.0,14.0,13.0,8.0,3.0,2.0,0.0,1.0,6.0,7.0,4.0,5.0,12.0,13.0,14.0,15.0,10.0,8.0,9.0,11.0,4.0,6.0,5.0,7.0,0.0,3.0,2.0,1.0,13.0,12.0,15.0,14.0,8.0,10.0,11.0,9.0,5.0,7.0,4.0,6.0,1.0,2.0,3.0,0.0,14.0,15.0,8.0,13.0,9.0,11.0,10.0,12.0,6.0,4.0,7.0,5.0,3.0,0.0,1.0,2.0,15.0,14.0,13.0,8.0,11.0,9.0,12.0,10.0,7.0,5.0,6.0,4.0,2.0,1.0,0.0,3.0
303135,64517,5,multi_Transversal_22_2025-06-08_22_23_27_512067_1,1749421766,5,1,5,700.3063,704.596962,0,3469655309.512298,4325376.0,6959104.0,14762.0,3600000000000.0,86400000000000.0,500000000.0,1000000000.0,1749421407,604800,0,0,0,2,GenuineIntel,Intel Xeon Processor (Icelake) [Family 6 Model 106 Stepping 0],3469655309.512298,61153511188.58783,1000000000.0,Linux Ubuntu,Ubuntu 24.04.2 LTS [6.8.0-59-generic|libc 2.39],2062311424.0,16777216.0,0.0,20105105408.0,16922484736.0,3227648.0,688128.0,18743965532.16,62172879.874603,27986277.102115,0.0,1.0,0.0,0.886615,0,0.0,0.0,1.0,2.0,3.0,4.0,5.0,6.0,7.0,8.0,9.0,10.0,11.0,12.0,13.0,14.0,15.0,1.0,0.0,3.0,2.0,5.0,4.0,7.0,6.0,9.0,8.0,11.0,10.0,13.0,12.0,15.0,14.0,2.0,3.0,1.0,5.0,6.0,7.0,0.0,4.0,10.0,11.0,9.0,12.0,14.0,15.0,13.0,8.0,3.0,2.0,5.0,1.0,7.0,6.0,4.0,0.0,11.0,10.0,12.0,9.0,15.0,14.0,8.0,13.0,4.0,5.0,7.0,6.0,3.0,0.0,2.0,1.0,12.0,13.0,14.0,15.0,10.0,8.0,9.0,11.0,5.0,4.0,6.0,7.0,0.0,3.0,1.0,2.0,13.0,12.0,15.0,14.0,8.0,10.0,11.0,9.0,6.0,7.0,4.0,0.0,1.0,2.0,5.0,3.0,14.0,15.0,8.0,13.0,11.0,9.0,12.0,10.0,7.0,6.0,0.0,4.0,2.0,1.0,3.0,5.0,15.0,14.0,13.0,8.0,9.0,11.0,10.0,12.0,8.0,9.0,10.0,11.0,12.0,13.0,14.0,15.0,0.0,1.0,2.0,3.0,4.0,5.0,6.0,7.0,9.0,8.0,11.0,10.0,13.0,12.0,15.0,14.0,1.0,0.0,3.0,2.0,5.0,4.0,7.0,6.0,10.0,11.0,9.0,12.0,14.0,15.0,8.0,13.0,2.0,3.0,1.0,0.0,7.0,6.0,5.0,4.0,11.0,10.0,12.0,9.0,15.0,14.0,13.0,8.0,3.0,2.0,0.0,1.0,6.0,7.0,4.0,5.0,12.0,13.0,14.0,15.0,10.0,8.0,9.0,11.0,4.0,6.0,5.0,7.0,0.0,3.0,2.0,1.0,13.0,12.0,15.0,14.0,8.0,10.0,11.0,9.0,5.0,7.0,4.0,6.0,1.0,2.0,3.0,0.0,14.0,15.0,8.0,13.0,9.0,11.0,10.0,12.0,6.0,4.0,7.0,5.0,3.0,0.0,1.0,2.0,15.0,14.0,13.0,8.0,11.0,9.0,12.0,10.0,7.0,5.0,6.0,4.0,2.0,1.0,0.0,3.0
303136,64517,5,multi_Transversal_22_2025-06-08_22_23_27_512067_2,1749421766,5,1,5,703.8832,708.627129,0,3469655309.512298,4456448.0,6959104.0,14762.0,3600000000000.0,86400000000000.0,500000000.0,1000000000.0,1749421407,604800,0,0,0,2,GenuineIntel,Intel Xeon Processor (Icelake) [Family 6 Model 106 Stepping 0],3469655309.512298,61153511188.58783,1000000000.0,Linux Ubuntu,Ubuntu 24.04.2 LTS [6.8.0-59-generic|libc 2.39],2062311424.0,16777216.0,0.0,20105105408.0,16922484736.0,3227648.0,688128.0,18743965532.16,62172879.874603,27986277.102115,0.0,1.0,0.0,0.886615,0,0.0,0.0,1.0,2.0,3.0,4.0,5.0,6.0,7.0,8.0,9.0,10.0,11.0,12.0,13.0,14.0,15.0,1.0,0.0,3.0,2.0,5.0,4.0,7.0,6.0,9.0,8.0,11.0,10.0,13.0,12.0,15.0,14.0,2.0,3.0,1.0,5.0,6.0,7.0,0.0,4.0,10.0,11.0,9.0,12.0,14.0,15.0,13.0,8.0,3.0,2.0,5.0,1.0,7.0,6.0,4.0,0.0,11.0,10.0,12.0,9.0,15.0,14.0,8.0,13.0,4.0,5.0,7.0,6.0,3.0,0.0,2.0,1.0,12.0,13.0,14.0,15.0,10.0,8.0,9.0,11.0,5.0,4.0,6.0,7.0,0.0,3.0,1.0,2.0,13.0,12.0,15.0,14.0,8.0,10.0,11.0,9.0,6.0,7.0,4.0,0.0,1.0,2.0,5.0,3.0,14.0,15.0,8.0,13.0,11.0,9.0,12.0,10.0,7.0,6.0,0.0,4.0,2.0,1.0,3.0,5.0,15.0,14.0,13.0,8.0,9.0,11.0,10.0,12.0,8.0,9.0,10.0,11.0,12.0,13.0,14.0,15.0,0.0,1.0,2.0,3.0,4.0,5.0,6.0,7.0,9.0,8.0,11.0,10.0,13.0,12.0,15.0,14.0,1.0,0.0,3.0,2.0,5.0,4.0,7.0,6.0,10.0,11.0,9.0,12.0,14.0,15.0,8.0,13.0,2.0,3.0,1.0,0.0,7.0,6.0,5.0,4.0,11.0,10.0,12.0,9.0,15.0,14.0,13.0,8.0,3.0,2.0,0.0,1.0,6.0,7.0,4.0,5.0,12.0,13.0,14.0,15.0,10.0,8.0,9.0,11.0,4.0,6.0,5.0,7.0,0.0,3.0,2.0,1.0,13.0,12.0,15.0,14.0,8.0,10.0,11.0,9.0,5.0,7.0,4.0,6.0,1.0,2.0,3.0,0.0,14.0,15.0,8.0,13.0,9.0,11.0,10.0,12.0,6.0,4.0,7.0,5.0,3.0,0.0,1.0,2.0,15.0,14.0,13.0,8.0,11.0,9.0,12.0,10.0,7.0,5.0,6.0,4.0,2.0,1.0,0.0,3.0
303137,64518,5,multi_Transversal_23_2025-06-08_22_23_27_578419_0,1749421766,5,1,5,699.1479,702.695389,0,3469655309.512298,4456448.0,6959104.0,14763.0,3600000000000.0,86400000000000.0,500000000.0,1000000000.0,1749421407,604800,0,0,0,2,GenuineIntel,Intel Xeon Processor (Icelake) [Family 6 Model 106 Stepping 0],3469655309.512298,61153511188.58783,1000000000.0,Linux Ubuntu,Ubuntu 24.04.2 LTS [6.8.0-59-generic|libc 2.39],2062311424.0,16777216.0,0.0,20105105408.0,16922484736.0,3227648.0,688128.0,18743965532.16,62172879.874603,27986277.102115,0.0,1.0,0.0,0.886615,0,0.0,0.0,1.0,2.0,3.0,4.0,5.0,6.0,7.0,8.0,9.0,10.0,11.0,12.0,13.0,14.0,15.0,1.0,0.0,3.0,2.0,5.0,4.0,7.0,6.0,9.0,8.0,11.0,10.0,13.0,12.0,15.0,14.0,2.0,3.0,1.0,6.0,0.0,7.0,5.0,4.0,10.0,11.0,9.0,13.0,14.0,15.0,8.0,12.0,3.0,2.0,0.0,7.0,1.0,6.0,4.0,5.0,11.0,10.0,13.0,9.0,15.0,14.0,12.0,8.0,4.0,7.0,5.0,1.0,6.0,3.0,2.0,0.0,12.0,13.0,15.0,14.0,11.0,8.0,10.0,9.0,5.0,6.0,4.0,0.0,7.0,2.0,3.0,1.0,13.0,12.0,14.0,15.0,8.0,11.0,9.0,10.0,6.0,4.0,7.0,5.0,2.0,0.0,1.0,3.0,14.0,15.0,12.0,8.0,9.0,10.0,13.0,11.0,7.0,5.0,6.0,4.0,3.0,1.0,0.0,2.0,15.0,14.0,8.0,12.0,10.0,9.0,11.0,13.0,8.0,9.0,10.0,11.0,12.0,13.0,14.0,15.0,0.0,1.0,2.0,3.0,4.0,5.0,6.0,7.0,9.0,8.0,11.0,10.0,13.0,12.0,15.0,14.0,1.0,0.0,3.0,2.0,5.0,4.0,7.0,6.0,10.0,11.0,9.0,12.0,14.0,15.0,13.0,8.0,2.0,3.0,1.0,4.0,6.0,7.0,0.0,5.0,11.0,10.0,12.0,9.0,15.0,14.0,8.0,13.0,3.0,2.0,4.0,1.0,7.0,6.0,5.0,0.0,12.0,13.0,14.0,15.0,10.0,8.0,9.0,11.0,4.0,5.0,6.0,7.0,2.0,0.0,1.0,3.0,13.0,12.0,15.0,14.0,8.0,10.0,11.0,9.0,5.0,4.0,7.0,6.0,0.0,2.0,3.0,1.0,14.0,15.0,8.0,13.0,11.0,9.0,12.0,10.0,6.0,7.0,0.0,5.0,1.0,3.0,2.0,4.0,15.0,14.0,13.0,8.0,9.0,11.0,10.0,12.0,7.0,6.0,5.0,0.0,3.0,1.0,4.0,2.0
303138,64518,5,multi_Transversal_23_2025-06-08_22_23_27_578419_1,1749421766,5,1,5,696.8608,700.572658,0,3469655309.512298,4456448.0,6959104.0,14762.0,3600000000000.0,86400000000000.0,500000000.0,1000000000.0,1749421407,604800,0,0,0,2,GenuineIntel,Intel Xeon Processor (Icelake) [Family 6 Model 106 Stepping 0],3469655309.512298,61153511188.58783,1000000000.0,Linux Ubuntu,Ubuntu 24.04.2 LTS [6.8.0-59-generic|libc 2.39],2062311424.0,16777216.0,0.0,20105105408.0,16922484736.0,3227648.0,688128.0,18743965532.16,62172879.874603,27986277.102115,0.0,1.0,0.0,0.886615,0,0.0,0.0,1.0,2.0,3.0,4.0,5.0,6.0,7.0,8.0,9.0,10.0,11.0,12.0,13.0,14.0,15.0,1.0,0.0,3.0,2.0,5.0,4.0,7.0,6.0,9.0,8.0,11.0,10.0,13.0,12.0,15.0,14.0,2.0,3.0,1.0,6.0,0.0,7.0,5.0,4.0,10.0,11.0,9.0,13.0,14.0,15.0,8.0,12.0,3.0,2.0,0.0,7.0,1.0,6.0,4.0,5.0,11.0,10.0,13.0,9.0,15.0,14.0,12.0,8.0,4.0,7.0,5.0,1.0,6.0,3.0,2.0,0.0,12.0,13.0,15.0,14.0,11.0,8.0,10.0,9.0,5.0,6.0,4.0,0.0,7.0,2.0,3.0,1.0,13.0,12.0,14.0,15.0,8.0,11.0,9.0,10.0,6.0,4.0,7.0,5.0,2.0,0.0,1.0,3.0,14.0,15.0,12.0,8.0,9.0,10.0,13.0,11.0,7.0,5.0,6.0,4.0,3.0,1.0,0.0,2.0,15.0,14.0,8.0,12.0,10.0,9.0,11.0,13.0,8.0,9.0,10.0,11.0,12.0,13.0,14.0,15.0,0.0,1.0,2.0,3.0,4.0,5.0,6.0,7.0,9.0,8.0,11.0,10.0,13.0,12.0,15.0,14.0,1.0,0.0,3.0,2.0,5.0,4.0,7.0,6.0,10.0,11.0,9.0,12.0,14.0,15.0,13.0,8.0,2.0,3.0,1.0,4.0,6.0,7.0,0.0,5.0,11.0,10.0,12.0,9.0,15.0,14.0,8.0,13.0,3.0,2.0,4.0,1.0,7.0,6.0,5.0,0.0,12.0,13.0,14.0,15.0,10.0,8.0,9.0,11.0,4.0,5.0,6.0,7.0,2.0,0.0,1.0,3.0,13.0,12.0,15.0,14.0,8.0,10.0,11.0,9.0,5.0,4.0,7.0,6.0,0.0,2.0,3.0,1.0,14.0,15.0,8.0,13.0,11.0,9.0,12.0,10.0,6.0,7.0,0.0,5.0,1.0,3.0,2.0,4.0,15.0,14.0,13.0,8.0,9.0,11.0,10.0,12.0,7.0,6.0,5.0,0.0,3.0,1.0,4.0,2.0
303139,64518,5,multi_Transversal_23_2025-06-08_22_23_27_578419_2,1749421766,5,1,5,702.041,705.625464,0,3469655309.512298,4325376.0,6959104.0,14762.0,3600000000000.0,86400000000000.0,500000000.0,1000000000.0,1749421407,604800,0,0,0,2,GenuineIntel,Intel Xeon Processor (Icelake) [Family 6 Model 106 Stepping 0],3469655309.512298,61153511188.58783,1000000000.0,Linux Ubuntu,Ubuntu 24.04.2 LTS [6.8.0-59-generic|libc 2.39],2062311424.0,16777216.0,0.0,20105105408.0,16922484736.0,3227648.0,688128.0,18743965532.16,62172879.874603,27986277.102115,0.0,1.0,0.0,0.886615,0,0.0,0.0,1.0,2.0,3.0,4.0,5.0,6.0,7.0,8.0,9.0,10.0,11.0,12.0,13.0,14.0,15.0,1.0,0.0,3.0,2.0,5.0,4.0,7.0,6.0,9.0,8.0,11.0,10.0,13.0,12.0,15.0,14.0,2.0,3.0,1.0,6.0,0.0,7.0,5.0,4.0,10.0,11.0,9.0,13.0,14.0,15.0,8.0,12.0,3.0,2.0,0.0,7.0,1.0,6.0,4.0,5.0,11.0,10.0,13.0,9.0,15.0,14.0,12.0,8.0,4.0,7.0,5.0,1.0,6.0,3.0,2.0,0.0,12.0,13.0,15.0,14.0,11.0,8.0,10.0,9.0,5.0,6.0,4.0,0.0,7.0,2.0,3.0,1.0,13.0,12.0,14.0,15.0,8.0,11.0,9.0,10.0,6.0,4.0,7.0,5.0,2.0,0.0,1.0,3.0,14.0,15.0,12.0,8.0,9.0,10.0,13.0,11.0,7.0,5.0,6.0,4.0,3.0,1.0,0.0,2.0,15.0,14.0,8.0,12.0,10.0,9.0,11.0,13.0,8.0,9.0,10.0,11.0,12.0,13.0,14.0,15.0,0.0,1.0,2.0,3.0,4.0,5.0,6.0,7.0,9.0,8.0,11.0,10.0,13.0,12.0,15.0,14.0,1.0,0.0,3.0,2.0,5.0,4.0,7.0,6.0,10.0,11.0,9.0,12.0,14.0,15.0,13.0,8.0,2.0,3.0,1.0,4.0,6.0,7.0,0.0,5.0,11.0,10.0,12.0,9.0,15.0,14.0,8.0,13.0,3.0,2.0,4.0,1.0,7.0,6.0,5.0,0.0,12.0,13.0,14.0,15.0,10.0,8.0,9.0,11.0,4.0,5.0,6.0,7.0,2.0,0.0,1.0,3.0,13.0,12.0,15.0,14.0,8.0,10.0,11.0,9.0,5.0,4.0,7.0,6.0,0.0,2.0,3.0,1.0,14.0,15.0,8.0,13.0,11.0,9.0,12.0,10.0,6.0,7.0,0.0,5.0,1.0,3.0,2.0,4.0,15.0,14.0,13.0,8.0,9.0,11.0,10.0,12.0,7.0,6.0,5.0,0.0,3.0,1.0,4.0,2.0
303140,64519,5,multi_Transversal_24_2025-06-08_22_23_27_637853_0,1749421766,5,1,5,704.4515,707.650699,0,3469655309.512298,4456448.0,6959104.0,14763.0,3600000000000.0,86400000000000.0,500000000.0,1000000000.0,1749421407,604800,0,0,0,2,GenuineIntel,Intel Xeon Processor (Icelake) [Family 6 Model 106 Stepping 0],3469655309.512298,61153511188.58783,1000000000.0,Linux Ubuntu,Ubuntu 24.04.2 LTS [6.8.0-59-generic|libc 2.39],2062311424.0,16777216.0,0.0,20105105408.0,16922484736.0,3227648.0,688128.0,18743965532.16,62172879.874603,27986277.102115,0.0,1.0,0.0,0.886615,0,0.0,0.0,1.0,2.0,3.0,4.0,5.0,6.0,7.0,8.0,9.0,10.0,11.0,12.0,13.0,14.0,15.0,1.0,0.0,3.0,2.0,5.0,4.0,7.0,6.0,9.0,8.0,11.0,10.0,13.0,12.0,15.0,14.0,2.0,3.0,4.0,0.0,6.0,7.0,1.0,5.0,10.0,11.0,9.0,14.0,8.0,15.0,13.0,12.0,3.0,2.0,0.0,7.0,1.0,6.0,5.0,4.0,11.0,10.0,8.0,15.0,9.0,14.0,12.0,13.0,4.0,6.0,5.0,1.0,7.0,2.0,0.0,3.0,12.0,15.0,13.0,9.0,14.0,11.0,10.0,8.0,5.0,7.0,1.0,6.0,0.0,3.0,4.0,2.0,13.0,14.0,12.0,8.0,15.0,10.0,11.0,9.0,6.0,4.0,7.0,5.0,2.0,1.0,3.0,0.0,14.0,12.0,15.0,13.0,10.0,8.0,9.0,11.0,7.0,5.0,6.0,4.0,3.0,0.0,2.0,1.0,15.0,13.0,14.0,12.0,11.0,9.0,8.0,10.0,8.0,9.0,10.0,11.0,12.0,13.0,14.0,15.0,0.0,1.0,2.0,3.0,4.0,5.0,6.0,7.0,9.0,8.0,11.0,10.0,13.0,12.0,15.0,14.0,1.0,0.0,3.0,2.0,5.0,4.0,7.0,6.0,10.0,11.0,9.0,13.0,14.0,15.0,8.0,12.0,2.0,3.0,1.0,4.0,6.0,7.0,5.0,0.0,11.0,10.0,13.0,9.0,15.0,14.0,12.0,8.0,3.0,2.0,4.0,1.0,7.0,6.0,0.0,5.0,12.0,13.0,15.0,14.0,11.0,8.0,10.0,9.0,4.0,5.0,6.0,7.0,2.0,0.0,1.0,3.0,13.0,12.0,14.0,15.0,8.0,11.0,9.0,10.0,5.0,4.0,7.0,6.0,0.0,2.0,3.0,1.0,14.0,15.0,12.0,8.0,9.0,10.0,13.0,11.0,6.0,7.0,0.0,5.0,3.0,1.0,4.0,2.0,15.0,14.0,8.0,12.0,10.0,9.0,11.0,13.0,7.0,6.0,5.0,0.0,1.0,3.0,2.0,4.0
303141,64519,5,multi_Transversal_24_2025-06-08_22_23_27_637853_1,1749421766,5,1,5,711.5142,715.765804,0,3469655309.512298,4456448.0,6959104.0,14763.0,3600000000000.0,86400000000000.0,500000000.0,1000000000.0,1749421407,604800,0,0,0,2,GenuineIntel,Intel Xeon Processor (Icelake) [Family 6 Model 106 Stepping 0],3469655309.512298,61153511188.58783,1000000000.0,Linux Ubuntu,Ubuntu 24.04.2 LTS [6.8.0-59-generic|libc 2.39],2062311424.0,16777216.0,0.0,20105105408.0,16922484736.0,3227648.0,688128.0,18743965532.16,62172879.874603,27986277.102115,0.0,1.0,0.0,0.886615,0,0.0,0.0,1.0,2.0,3.0,4.0,5.0,6.0,7.0,8.0,9.0,10.0,11.0,12.0,13.0,14.0,15.0,1.0,0.0,3.0,2.0,5.0,4.0,7.0,6.0,9.0,8.0,11.0,10.0,13.0,12.0,15.0,14.0,2.0,3.0,4.0,0.0,6.0,7.0,1.0,5.0,10.0,11.0,9.0,14.0,8.0,15.0,13.0,12.0,3.0,2.0,0.0,7.0,1.0,6.0,5.0,4.0,11.0,10.0,8.0,15.0,9.0,14.0,12.0,13.0,4.0,6.0,5.0,1.0,7.0,2.0,0.0,3.0,12.0,15.0,13.0,9.0,14.0,11.0,10.0,8.0,5.0,7.0,1.0,6.0,0.0,3.0,4.0,2.0,13.0,14.0,12.0,8.0,15.0,10.0,11.0,9.0,6.0,4.0,7.0,5.0,2.0,1.0,3.0,0.0,14.0,12.0,15.0,13.0,10.0,8.0,9.0,11.0,7.0,5.0,6.0,4.0,3.0,0.0,2.0,1.0,15.0,13.0,14.0,12.0,11.0,9.0,8.0,10.0,8.0,9.0,10.0,11.0,12.0,13.0,14.0,15.0,0.0,1.0,2.0,3.0,4.0,5.0,6.0,7.0,9.0,8.0,11.0,10.0,13.0,12.0,15.0,14.0,1.0,0.0,3.0,2.0,5.0,4.0,7.0,6.0,10.0,11.0,9.0,13.0,14.0,15.0,8.0,12.0,2.0,3.0,1.0,4.0,6.0,7.0,5.0,0.0,11.0,10.0,13.0,9.0,15.0,14.0,12.0,8.0,3.0,2.0,4.0,1.0,7.0,6.0,0.0,5.0,12.0,13.0,15.0,14.0,11.0,8.0,10.0,9.0,4.0,5.0,6.0,7.0,2.0,0.0,1.0,3.0,13.0,12.0,14.0,15.0,8.0,11.0,9.0,10.0,5.0,4.0,7.0,6.0,0.0,2.0,3.0,1.0,14.0,15.0,12.0,8.0,9.0,10.0,13.0,11.0,6.0,7.0,0.0,5.0,3.0,1.0,4.0,2.0,15.0,14.0,8.0,12.0,10.0,9.0,11.0,13.0,7.0,6.0,5.0,0.0,1.0,3.0,2.0,4.0
303142,64519,5,multi_Transversal_24_2025-06-08_22_23_27_637853_2,1749421766,5,1,5,712.4397,716.660504,0,3469655309.512298,4456448.0,6959104.0,14763.0,3600000000000.0,86400000000000.0,500000000.0,1000000000.0,1749421407,604800,0,0,0,2,GenuineIntel,Intel Xeon Processor (Icelake) [Family 6 Model 106 Stepping 0],3469655309.512298,61153511188.58783,1000000000.0,Linux Ubuntu,Ubuntu 24.04.2 LTS [6.8.0-59-generic|libc 2.39],2062311424.0,16777216.0,0.0,20105105408.0,16922484736.0,3227648.0,688128.0,18743965532.16,62172879.874603,27986277.102115,0.0,1.0,0.0,0.886615,0,0.0,0.0,1.0,2.0,3.0,4.0,5.0,6.0,7.0,8.0,9.0,10.0,11.0,12.0,13.0,14.0,15.0,1.0,0.0,3.0,2.0,5.0,4.0,7.0,6.0,9.0,8.0,11.0,10.0,13.0,12.0,15.0,14.0,2.0,3.0,4.0,0.0,6.0,7.0,1.0,5.0,10.0,11.0,9.0,14.0,8.0,15.0,13.0,12.0,3.0,2.0,0.0,7.0,1.0,6.0,5.0,4.0,11.0,10.0,8.0,15.0,9.0,14.0,12.0,13.0,4.0,6.0,5.0,1.0,7.0,2.0,0.0,3.0,12.0,15.0,13.0,9.0,14.0,11.0,10.0,8.0,5.0,7.0,1.0,6.0,0.0,3.0,4.0,2.0,13.0,14.0,12.0,8.0,15.0,10.0,11.0,9.0,6.0,4.0,7.0,5.0,2.0,1.0,3.0,0.0,14.0,12.0,15.0,13.0,10.0,8.0,9.0,11.0,7.0,5.0,6.0,4.0,3.0,0.0,2.0,1.0,15.0,13.0,14.0,12.0,11.0,9.0,8.0,10.0,8.0,9.0,10.0,11.0,12.0,13.0,14.0,15.0,0.0,1.0,2.0,3.0,4.0,5.0,6.0,7.0,9.0,8.0,11.0,10.0,13.0,12.0,15.0,14.0,1.0,0.0,3.0,2.0,5.0,4.0,7.0,6.0,10.0,11.0,9.0,13.0,14.0,15.0,8.0,12.0,2.0,3.0,1.0,4.0,6.0,7.0,5.0,0.0,11.0,10.0,13.0,9.0,15.0,14.0,12.0,8.0,3.0,2.0,4.0,1.0,7.0,6.0,0.0,5.0,12.0,13.0,15.0,14.0,11.0,8.0,10.0,9.0,4.0,5.0,6.0,7.0,2.0,0.0,1.0,3.0,13.0,12.0,14.0,15.0,8.0,11.0,9.0,10.0,5.0,4.0,7.0,6.0,0.0,2.0,3.0,1.0,14.0,15.0,12.0,8.0,9.0,10.0,13.0,11.0,6.0,7.0,0.0,5.0,3.0,1.0,4.0,2.0,15.0,14.0,8.0,12.0,10.0,9.0,11.0,13.0,7.0,6.0,5.0,0.0,1.0,3.0,2.0,4.0
303143,64520,11,multi_Transversal_25_2025-06-08_22_23_27_692871_0,1749421766,5,1,5,253.9219,257.140213,0,1000000000.0,10870784.0,6549504.0,6237.0,3600000000000.0,86400000000000.0,500000000.0,1000000000.0,1749421407,604800,0,0,0,8,GenuineIntel,Intel(R) Xeon(R) CPU E5-2695 v2 @ 2.40GHz [Family 6 Model 62 Stepping 4],1000000000.0,1000000000.0,1000000000.0,Microsoft Windows 10,"Enterprise LTSB x64 Edition, (10.00.19044.00)",17171070976.0,262144.0,19721207808.0,47715450880.0,12050235392.0,48026194.0,171008.0,31952040963.26,55829988.834023,31583643.413455,0.0,1.0,0.0,0.931986,0,0.0,0.0,1.0,2.0,3.0,4.0,5.0,6.0,7.0,8.0,9.0,10.0,11.0,12.0,13.0,14.0,15.0,1.0,0.0,3.0,2.0,5.0,4.0,7.0,6.0,9.0,8.0,11.0,10.0,13.0,12.0,15.0,14.0,2.0,3.0,4.0,0.0,6.0,7.0,1.0,5.0,10.0,11.0,12.0,8.0,14.0,15.0,9.0,13.0,3.0,2.0,0.0,7.0,1.0,6.0,5.0,4.0,11.0,10.0,8.0,15.0,9.0,14.0,13.0,12.0,4.0,6.0,5.0,1.0,7.0,3.0,0.0,2.0,12.0,14.0,13.0,9.0,15.0,10.0,8.0,11.0,5.0,7.0,1.0,6.0,0.0,2.0,4.0,3.0,13.0,15.0,9.0,14.0,8.0,11.0,12.0,10.0,6.0,4.0,7.0,5.0,3.0,1.0,2.0,0.0,14.0,12.0,15.0,13.0,10.0,9.0,11.0,8.0,7.0,5.0,6.0,4.0,2.0,0.0,3.0,1.0,15.0,13.0,14.0,12.0,11.0,8.0,10.0,9.0,8.0,9.0,10.0,11.0,12.0,13.0,14.0,15.0,0.0,1.0,2.0,3.0,4.0,5.0,6.0,7.0,9.0,8.0,11.0,10.0,13.0,12.0,15.0,14.0,1.0,0.0,3.0,2.0,5.0,4.0,7.0,6.0,10.0,11.0,9.0,14.0,8.0,15.0,13.0,12.0,2.0,3.0,1.0,5.0,6.0,7.0,0.0,4.0,11.0,10.0,8.0,15.0,9.0,14.0,12.0,13.0,3.0,2.0,5.0,1.0,7.0,6.0,4.0,0.0,12.0,15.0,13.0,9.0,14.0,11.0,10.0,8.0,4.0,5.0,7.0,6.0,3.0,0.0,2.0,1.0,13.0,14.0,12.0,8.0,15.0,10.0,11.0,9.0,5.0,4.0,6.0,7.0,0.0,3.0,1.0,2.0,14.0,12.0,15.0,13.0,10.0,8.0,9.0,11.0,6.0,7.0,4.0,0.0,1.0,2.0,5.0,3.0,15.0,13.0,14.0,12.0,11.0,9.0,8.0,10.0,7.0,6.0,0.0,4.0,2.0,1.0,3.0,5.0
303144,64520,12,multi_Transversal_25_2025-06-08_22_23_27_692871_1,1749421766,5,1,5,246.8125,248.999958,0,1000000000.0,11046912.0,6520832.0,6235.0,3600000000000.0,86400000000000.0,500000000.0,1000000000.0,1749421407,604800,0,0,0,8,GenuineIntel,Intel(R) Xeon(R) CPU E5-2695 v2 @ 2.40GHz [Family 6 Model 62 Stepping 4],1000000000.0,1000000000.0,1000000000.0,Microsoft Windows 10,"Enterprise LTSB x64 Edition, (10.00.19044.00)",25761005568.0,262144.0,29519101952.0,47715450880.0,9854517248.0,50332470.0,0.0,13190576267.66,47277768.885526,29243555.256756,0.0,1.0,0.0,0.926923,0,0.0,0.0,1.0,2.0,3.0,4.0,5.0,6.0,7.0,8.0,9.0,10.0,11.0,12.0,13.0,14.0,15.0,1.0,0.0,3.0,2.0,5.0,4.0,7.0,6.0,9.0,8.0,11.0,10.0,13.0,12.0,15.0,14.0,2.0,3.0,4.0,0.0,6.0,7.0,1.0,5.0,10.0,11.0,12.0,8.0,14.0,15.0,9.0,13.0,3.0,2.0,0.0,7.0,1.0,6.0,5.0,4.0,11.0,10.0,8.0,15.0,9.0,14.0,13.0,12.0,4.0,6.0,5.0,1.0,7.0,3.0,0.0,2.0,12.0,14.0,13.0,9.0,15.0,10.0,8.0,11.0,5.0,7.0,1.0,6.0,0.0,2.0,4.0,3.0,13.0,15.0,9.0,14.0,8.0,11.0,12.0,10.0,6.0,4.0,7.0,5.0,3.0,1.0,2.0,0.0,14.0,12.0,15.0,13.0,10.0,9.0,11.0,8.0,7.0,5.0,6.0,4.0,2.0,0.0,3.0,1.0,15.0,13.0,14.0,12.0,11.0,8.0,10.0,9.0,8.0,9.0,10.0,11.0,12.0,13.0,14.0,15.0,0.0,1.0,2.0,3.0,4.0,5.0,6.0,7.0,9.0,8.0,11.0,10.0,13.0,12.0,15.0,14.0,1.0,0.0,3.0,2.0,5.0,4.0,7.0,6.0,10.0,11.0,9.0,14.0,8.0,15.0,13.0,12.0,2.0,3.0,1.0,5.0,6.0,7.0,0.0,4.0,11.0,10.0,8.0,15.0,9.0,14.0,12.0,13.0,3.0,2.0,5.0,1.0,7.0,6.0,4.0,0.0,12.0,15.0,13.0,9.0,14.0,11.0,10.0,8.0,4.0,5.0,7.0,6.0,3.0,0.0,2.0,1.0,13.0,14.0,12.0,8.0,15.0,10.0,11.0,9.0,5.0,4.0,6.0,7.0,0.0,3.0,1.0,2.0,14.0,12.0,15.0,13.0,10.0,8.0,9.0,11.0,6.0,7.0,4.0,0.0,1.0,2.0,5.0,3.0,15.0,13.0,14.0,12.0,11.0,9.0,8.0,10.0,7.0,6.0,0.0,4.0,2.0,1.0,3.0,5.0
303145,64520,12,multi_Transversal_25_2025-06-08_22_23_27_692871_2,1749421766,5,1,5,246.4688,249.14123,0,1000000000.0,11042816.0,6504448.0,6233.0,3600000000000.0,86400000000000.0,500000000.0,1000000000.0,1749421407,604800,0,0,0,8,GenuineIntel,Intel(R) Xeon(R) CPU E5-2695 v2 @ 2.40GHz [Family 6 Model 62 Stepping 4],1000000000.0,1000000000.0,1000000000.0,Microsoft Windows 10,"Enterprise LTSB x64 Edition, (10.00.19044.00)",25761005568.0,262144.0,29519101952.0,47715450880.0,9854517248.0,50332470.0,0.0,13190576267.66,47277768.885526,29243555.256756,0.0,1.0,0.0,0.926923,0,0.0,0.0,1.0,2.0,3.0,4.0,5.0,6.0,7.0,8.0,9.0,10.0,11.0,12.0,13.0,14.0,15.0,1.0,0.0,3.0,2.0,5.0,4.0,7.0,6.0,9.0,8.0,11.0,10.0,13.0,12.0,15.0,14.0,2.0,3.0,4.0,0.0,6.0,7.0,1.0,5.0,10.0,11.0,12.0,8.0,14.0,15.0,9.0,13.0,3.0,2.0,0.0,7.0,1.0,6.0,5.0,4.0,11.0,10.0,8.0,15.0,9.0,14.0,13.0,12.0,4.0,6.0,5.0,1.0,7.0,3.0,0.0,2.0,12.0,14.0,13.0,9.0,15.0,10.0,8.0,11.0,5.0,7.0,1.0,6.0,0.0,2.0,4.0,3.0,13.0,15.0,9.0,14.0,8.0,11.0,12.0,10.0,6.0,4.0,7.0,5.0,3.0,1.0,2.0,0.0,14.0,12.0,15.0,13.0,10.0,9.0,11.0,8.0,7.0,5.0,6.0,4.0,2.0,0.0,3.0,1.0,15.0,13.0,14.0,12.0,11.0,8.0,10.0,9.0,8.0,9.0,10.0,11.0,12.0,13.0,14.0,15.0,0.0,1.0,2.0,3.0,4.0,5.0,6.0,7.0,9.0,8.0,11.0,10.0,13.0,12.0,15.0,14.0,1.0,0.0,3.0,2.0,5.0,4.0,7.0,6.0,10.0,11.0,9.0,14.0,8.0,15.0,13.0,12.0,2.0,3.0,1.0,5.0,6.0,7.0,0.0,4.0,11.0,10.0,8.0,15.0,9.0,14.0,12.0,13.0,3.0,2.0,5.0,1.0,7.0,6.0,4.0,0.0,12.0,15.0,13.0,9.0,14.0,11.0,10.0,8.0,4.0,5.0,7.0,6.0,3.0,0.0,2.0,1.0,13.0,14.0,12.0,8.0,15.0,10.0,11.0,9.0,5.0,4.0,6.0,7.0,0.0,3.0,1.0,2.0,14.0,12.0,15.0,13.0,10.0,8.0,9.0,11.0,6.0,7.0,4.0,0.0,1.0,2.0,5.0,3.0,15.0,13.0,14.0,12.0,11.0,9.0,8.0,10.0,7.0,6.0,0.0,4.0,2.0,1.0,3.0,5.0
303146,64521,11,multi_Transversal_26_2025-06-08_22_23_27_745051_0,1749421767,5,1,5,253.5312,257.124622,0,1000000000.0,10862592.0,6533120.0,6237.0,3600000000000.0,86400000000000.0,500000000.0,1000000000.0,1749421407,604800,0,0,0,8,GenuineIntel,Intel(R) Xeon(R) CPU E5-2695 v2 @ 2.40GHz [Family 6 Model 62 Stepping 4],1000000000.0,1000000000.0,1000000000.0,Microsoft Windows 10,"Enterprise LTSB x64 Edition, (10.00.19044.00)",17171070976.0,262144.0,19721207808.0,47715450880.0,12050235392.0,48026194.0,171008.0,31952040963.26,55829988.834023,31583643.413455,0.0,1.0,0.0,0.931986,0,0.0,0.0,1.0,2.0,3.0,4.0,5.0,6.0,7.0,8.0,9.0,10.0,11.0,12.0,13.0,14.0,15.0,1.0,0.0,3.0,2.0,5.0,4.0,7.0,6.0,9.0,8.0,11.0,10.0,13.0,12.0,15.0,14.0,2.0,3.0,4.0,0.0,6.0,7.0,5.0,1.0,10.0,11.0,12.0,8.0,14.0,15.0,9.0,13.0,3.0,2.0,5.0,1.0,7.0,6.0,4.0,0.0,11.0,10.0,8.0,15.0,9.0,14.0,13.0,12.0,4.0,6.0,7.0,5.0,1.0,3.0,0.0,2.0,12.0,14.0,13.0,9.0,15.0,11.0,8.0,10.0,5.0,7.0,6.0,4.0,0.0,2.0,1.0,3.0,13.0,15.0,9.0,14.0,8.0,10.0,12.0,11.0,6.0,5.0,1.0,7.0,2.0,0.0,3.0,4.0,14.0,12.0,15.0,13.0,11.0,9.0,10.0,8.0,7.0,4.0,0.0,6.0,3.0,1.0,2.0,5.0,15.0,13.0,14.0,12.0,10.0,8.0,11.0,9.0,8.0,9.0,10.0,11.0,12.0,13.0,14.0,15.0,0.0,1.0,2.0,3.0,4.0,5.0,6.0,7.0,9.0,8.0,11.0,10.0,13.0,12.0,15.0,14.0,1.0,0.0,3.0,2.0,5.0,4.0,7.0,6.0,10.0,11.0,12.0,8.0,14.0,15.0,9.0,13.0,2.0,3.0,1.0,6.0,0.0,7.0,5.0,4.0,11.0,10.0,8.0,15.0,9.0,14.0,13.0,12.0,3.0,2.0,0.0,7.0,1.0,6.0,4.0,5.0,12.0,14.0,13.0,9.0,15.0,10.0,8.0,11.0,4.0,7.0,5.0,1.0,6.0,3.0,2.0,0.0,13.0,15.0,9.0,14.0,8.0,11.0,12.0,10.0,5.0,6.0,4.0,0.0,7.0,2.0,3.0,1.0,14.0,12.0,15.0,13.0,10.0,9.0,11.0,8.0,6.0,4.0,7.0,5.0,2.0,0.0,1.0,3.0,15.0,13.0,14.0,12.0,11.0,8.0,10.0,9.0,7.0,5.0,6.0,4.0,3.0,1.0,0.0,2.0
303147,64521,11,multi_Transversal_26_2025-06-08_22_23_27_745051_1,1749421767,5,1,5,247.5312,249.901846,0,1000000000.0,10862592.0,6533120.0,6238.0,3600000000000.0,86400000000000.0,500000000.0,1000000000.0,1749421407,604800,0,0,0,8,GenuineIntel,Intel(R) Xeon(R) CPU E5-2695 v2 @ 2.40GHz [Family 6 Model 62 Stepping 4],1000000000.0,1000000000.0,1000000000.0,Microsoft Windows 10,"Enterprise LTSB x64 Edition, (10.00.19044.00)",17171070976.0,262144.0,19721207808.0,47715450880.0,12050235392.0,48026194.0,171008.0,31952040963.26,55829988.834023,31583643.413455,0.0,1.0,0.0,0.931986,0,0.0,0.0,1.0,2.0,3.0,4.0,5.0,6.0,7.0,8.0,9.0,10.0,11.0,12.0,13.0,14.0,15.0,1.0,0.0,3.0,2.0,5.0,4.0,7.0,6.0,9.0,8.0,11.0,10.0,13.0,12.0,15.0,14.0,2.0,3.0,4.0,0.0,6.0,7.0,5.0,1.0,10.0,11.0,12.0,8.0,14.0,15.0,9.0,13.0,3.0,2.0,5.0,1.0,7.0,6.0,4.0,0.0,11.0,10.0,8.0,15.0,9.0,14.0,13.0,12.0,4.0,6.0,7.0,5.0,1.0,3.0,0.0,2.0,12.0,14.0,13.0,9.0,15.0,11.0,8.0,10.0,5.0,7.0,6.0,4.0,0.0,2.0,1.0,3.0,13.0,15.0,9.0,14.0,8.0,10.0,12.0,11.0,6.0,5.0,1.0,7.0,2.0,0.0,3.0,4.0,14.0,12.0,15.0,13.0,11.0,9.0,10.0,8.0,7.0,4.0,0.0,6.0,3.0,1.0,2.0,5.0,15.0,13.0,14.0,12.0,10.0,8.0,11.0,9.0,8.0,9.0,10.0,11.0,12.0,13.0,14.0,15.0,0.0,1.0,2.0,3.0,4.0,5.0,6.0,7.0,9.0,8.0,11.0,10.0,13.0,12.0,15.0,14.0,1.0,0.0,3.0,2.0,5.0,4.0,7.0,6.0,10.0,11.0,12.0,8.0,14.0,15.0,9.0,13.0,2.0,3.0,1.0,6.0,0.0,7.0,5.0,4.0,11.0,10.0,8.0,15.0,9.0,14.0,13.0,12.0,3.0,2.0,0.0,7.0,1.0,6.0,4.0,5.0,12.0,14.0,13.0,9.0,15.0,10.0,8.0,11.0,4.0,7.0,5.0,1.0,6.0,3.0,2.0,0.0,13.0,15.0,9.0,14.0,8.0,11.0,12.0,10.0,5.0,6.0,4.0,0.0,7.0,2.0,3.0,1.0,14.0,12.0,15.0,13.0,10.0,9.0,11.0,8.0,6.0,4.0,7.0,5.0,2.0,0.0,1.0,3.0,15.0,13.0,14.0,12.0,11.0,8.0,10.0,9.0,7.0,5.0,6.0,4.0,3.0,1.0,0.0,2.0
303148,64521,11,multi_Transversal_26_2025-06-08_22_23_27_745051_2,1749421767,5,1,5,253.4688,257.124622,0,1000000000.0,10866688.0,6529024.0,6238.0,3600000000000.0,86400000000000.0,500000000.0,1000000000.0,1749421407,604800,0,0,0,8,GenuineIntel,Intel(R) Xeon(R) CPU E5-2695 v2 @ 2.40GHz [Family 6 Model 62 Stepping 4],1000000000.0,1000000000.0,1000000000.0,Microsoft Windows 10,"Enterprise LTSB x64 Edition, (10.00.19044.00)",17171070976.0,262144.0,19721207808.0,47715450880.0,12050235392.0,48026194.0,171008.0,31952040963.26,55829988.834023,31583643.413455,0.0,1.0,0.0,0.931986,0,0.0,0.0,1.0,2.0,3.0,4.0,5.0,6.0,7.0,8.0,9.0,10.0,11.0,12.0,13.0,14.0,15.0,1.0,0.0,3.0,2.0,5.0,4.0,7.0,6.0,9.0,8.0,11.0,10.0,13.0,12.0,15.0,14.0,2.0,3.0,4.0,0.0,6.0,7.0,5.0,1.0,10.0,11.0,12.0,8.0,14.0,15.0,9.0,13.0,3.0,2.0,5.0,1.0,7.0,6.0,4.0,0.0,11.0,10.0,8.0,15.0,9.0,14.0,13.0,12.0,4.0,6.0,7.0,5.0,1.0,3.0,0.0,2.0,12.0,14.0,13.0,9.0,15.0,11.0,8.0,10.0,5.0,7.0,6.0,4.0,0.0,2.0,1.0,3.0,13.0,15.0,9.0,14.0,8.0,10.0,12.0,11.0,6.0,5.0,1.0,7.0,2.0,0.0,3.0,4.0,14.0,12.0,15.0,13.0,11.0,9.0,10.0,8.0,7.0,4.0,0.0,6.0,3.0,1.0,2.0,5.0,15.0,13.0,14.0,12.0,10.0,8.0,11.0,9.0,8.0,9.0,10.0,11.0,12.0,13.0,14.0,15.0,0.0,1.0,2.0,3.0,4.0,5.0,6.0,7.0,9.0,8.0,11.0,10.0,13.0,12.0,15.0,14.0,1.0,0.0,3.0,2.0,5.0,4.0,7.0,6.0,10.0,11.0,12.0,8.0,14.0,15.0,9.0,13.0,2.0,3.0,1.0,6.0,0.0,7.0,5.0,4.0,11.0,10.0,8.0,15.0,9.0,14.0,13.0,12.0,3.0,2.0,0.0,7.0,1.0,6.0,4.0,5.0,12.0,14.0,13.0,9.0,15.0,10.0,8.0,11.0,4.0,7.0,5.0,1.0,6.0,3.0,2.0,0.0,13.0,15.0,9.0,14.0,8.0,11.0,12.0,10.0,5.0,6.0,4.0,0.0,7.0,2.0,3.0,1.0,14.0,12.0,15.0,13.0,10.0,9.0,11.0,8.0,6.0,4.0,7.0,5.0,2.0,0.0,1.0,3.0,15.0,13.0,14.0,12.0,11.0,8.0,10.0,9.0,7.0,5.0,6.0,4.0,3.0,1.0,0.0,2.0
303149,64522,12,multi_Transversal_27_2025-06-08_22_23_27_814814_0,1749421767,5,1,5,248.6094,252.078093,0,1000000000.0,11046912.0,6516736.0,6235.0,3600000000000.0,86400000000000.0,500000000.0,1000000000.0,1749421407,604800,0,0,0,8,GenuineIntel,Intel(R) Xeon(R) CPU E5-2695 v2 @ 2.40GHz [Family 6 Model 62 Stepping 4],1000000000.0,1000000000.0,1000000000.0,Microsoft Windows 10,"Enterprise LTSB x64 Edition, (10.00.19044.00)",25761005568.0,262144.0,29519101952.0,47715450880.0,9854517248.0,50332470.0,0.0,13190576267.66,47277768.885526,29243555.256756,0.0,1.0,0.0,0.926923,0,0.0,0.0,1.0,2.0,3.0,4.0,5.0,6.0,7.0,8.0,9.0,10.0,11.0,12.0,13.0,14.0,15.0,1.0,0.0,3.0,2.0,5.0,4.0,7.0,6.0,9.0,8.0,11.0,10.0,13.0,12.0,15.0,14.0,2.0,3.0,4.0,5.0,7.0,6.0,1.0,0.0,10.0,11.0,12.0,8.0,14.0,15.0,13.0,9.0,3.0,2.0,5.0,4.0,6.0,7.0,0.0,1.0,11.0,10.0,13.0,9.0,15.0,14.0,12.0,8.0,4.0,6.0,0.0,7.0,1.0,2.0,3.0,5.0,12.0,14.0,15.0,13.0,9.0,11.0,8.0,10.0,5.0,7.0,1.0,6.0,0.0,3.0,2.0,4.0,13.0,15.0,14.0,12.0,8.0,10.0,9.0,11.0,6.0,4.0,7.0,0.0,2.0,1.0,5.0,3.0,14.0,13.0,9.0,15.0,10.0,8.0,11.0,12.0,7.0,5.0,6.0,1.0,3.0,0.0,4.0,2.0,15.0,12.0,8.0,14.0,11.0,9.0,10.0,13.0,8.0,9.0,10.0,11.0,12.0,13.0,14.0,15.0,0.0,1.0,2.0,3.0,4.0,5.0,6.0,7.0,9.0,8.0,11.0,10.0,13.0,12.0,15.0,14.0,1.0,0.0,3.0,2.0,5.0,4.0,7.0,6.0,10.0,11.0,12.0,8.0,14.0,15.0,9.0,13.0,2.0,3.0,4.0,0.0,6.0,7.0,1.0,5.0,11.0,10.0,8.0,15.0,9.0,14.0,13.0,12.0,3.0,2.0,0.0,7.0,1.0,6.0,5.0,4.0,12.0,14.0,13.0,9.0,15.0,11.0,8.0,10.0,4.0,6.0,5.0,1.0,7.0,2.0,0.0,3.0,13.0,15.0,9.0,14.0,8.0,10.0,12.0,11.0,5.0,7.0,1.0,6.0,0.0,3.0,4.0,2.0,14.0,12.0,15.0,13.0,11.0,9.0,10.0,8.0,6.0,4.0,7.0,5.0,2.0,1.0,3.0,0.0,15.0,13.0,14.0,12.0,10.0,8.0,11.0,9.0,7.0,5.0,6.0,4.0,3.0,0.0,2.0,1.0
303150,64522,12,multi_Transversal_27_2025-06-08_22_23_27_814814_1,1749421767,5,1,5,248.5781,252.078093,0,1000000000.0,11042816.0,6504448.0,6235.0,3600000000000.0,86400000000000.0,500000000.0,1000000000.0,1749421407,604800,0,0,0,8,GenuineIntel,Intel(R) Xeon(R) CPU E5-2695 v2 @ 2.40GHz [Family 6 Model 62 Stepping 4],1000000000.0,1000000000.0,1000000000.0,Microsoft Windows 10,"Enterprise LTSB x64 Edition, (10.00.19044.00)",25761005568.0,262144.0,29519101952.0,47715450880.0,9854517248.0,50332470.0,0.0,13190576267.66,47277768.885526,29243555.256756,0.0,1.0,0.0,0.926923,0,0.0,0.0,1.0,2.0,3.0,4.0,5.0,6.0,7.0,8.0,9.0,10.0,11.0,12.0,13.0,14.0,15.0,1.0,0.0,3.0,2.0,5.0,4.0,7.0,6.0,9.0,8.0,11.0,10.0,13.0,12.0,15.0,14.0,2.0,3.0,4.0,5.0,7.0,6.0,1.0,0.0,10.0,11.0,12.0,8.0,14.0,15.0,13.0,9.0,3.0,2.0,5.0,4.0,6.0,7.0,0.0,1.0,11.0,10.0,13.0,9.0,15.0,14.0,12.0,8.0,4.0,6.0,0.0,7.0,1.0,2.0,3.0,5.0,12.0,14.0,15.0,13.0,9.0,11.0,8.0,10.0,5.0,7.0,1.0,6.0,0.0,3.0,2.0,4.0,13.0,15.0,14.0,12.0,8.0,10.0,9.0,11.0,6.0,4.0,7.0,0.0,2.0,1.0,5.0,3.0,14.0,13.0,9.0,15.0,10.0,8.0,11.0,12.0,7.0,5.0,6.0,1.0,3.0,0.0,4.0,2.0,15.0,12.0,8.0,14.0,11.0,9.0,10.0,13.0,8.0,9.0,10.0,11.0,12.0,13.0,14.0,15.0,0.0,1.0,2.0,3.0,4.0,5.0,6.0,7.0,9.0,8.0,11.0,10.0,13.0,12.0,15.0,14.0,1.0,0.0,3.0,2.0,5.0,4.0,7.0,6.0,10.0,11.0,12.0,8.0,14.0,15.0,9.0,13.0,2.0,3.0,4.0,0.0,6.0,7.0,1.0,5.0,11.0,10.0,8.0,15.0,9.0,14.0,13.0,12.0,3.0,2.0,0.0,7.0,1.0,6.0,5.0,4.0,12.0,14.0,13.0,9.0,15.0,11.0,8.0,10.0,4.0,6.0,5.0,1.0,7.0,2.0,0.0,3.0,13.0,15.0,9.0,14.0,8.0,10.0,12.0,11.0,5.0,7.0,1.0,6.0,0.0,3.0,4.0,2.0,14.0,12.0,15.0,13.0,11.0,9.0,10.0,8.0,6.0,4.0,7.0,5.0,2.0,1.0,3.0,0.0,15.0,13.0,14.0,12.0,10.0,8.0,11.0,9.0,7.0,5.0,6.0,4.0,3.0,0.0,2.0,1.0
303151,64522,12,multi_Transversal_27_2025-06-08_22_23_27_814814_2,1749421767,5,1,5,247.2812,251.078072,0,1000000000.0,11042816.0,6516736.0,6235.0,3600000000000.0,86400000000000.0,500000000.0,1000000000.0,1749421407,604800,0,0,0,8,GenuineIntel,Intel(R) Xeon(R) CPU E5-2695 v2 @ 2.40GHz [Family 6 Model 62 Stepping 4],1000000000.0,1000000000.0,1000000000.0,Microsoft Windows 10,"Enterprise LTSB x64 Edition, (10.00.19044.00)",25761005568.0,262144.0,29519101952.0,47715450880.0,9854517248.0,50332470.0,0.0,13190576267.66,47277768.885526,29243555.256756,0.0,1.0,0.0,0.926923,0,0.0,0.0,1.0,2.0,3.0,4.0,5.0,6.0,7.0,8.0,9.0,10.0,11.0,12.0,13.0,14.0,15.0,1.0,0.0,3.0,2.0,5.0,4.0,7.0,6.0,9.0,8.0,11.0,10.0,13.0,12.0,15.0,14.0,2.0,3.0,4.0,5.0,7.0,6.0,1.0,0.0,10.0,11.0,12.0,8.0,14.0,15.0,13.0,9.0,3.0,2.0,5.0,4.0,6.0,7.0,0.0,1.0,11.0,10.0,13.0,9.0,15.0,14.0,12.0,8.0,4.0,6.0,0.0,7.0,1.0,2.0,3.0,5.0,12.0,14.0,15.0,13.0,9.0,11.0,8.0,10.0,5.0,7.0,1.0,6.0,0.0,3.0,2.0,4.0,13.0,15.0,14.0,12.0,8.0,10.0,9.0,11.0,6.0,4.0,7.0,0.0,2.0,1.0,5.0,3.0,14.0,13.0,9.0,15.0,10.0,8.0,11.0,12.0,7.0,5.0,6.0,1.0,3.0,0.0,4.0,2.0,15.0,12.0,8.0,14.0,11.0,9.0,10.0,13.0,8.0,9.0,10.0,11.0,12.0,13.0,14.0,15.0,0.0,1.0,2.0,3.0,4.0,5.0,6.0,7.0,9.0,8.0,11.0,10.0,13.0,12.0,15.0,14.0,1.0,0.0,3.0,2.0,5.0,4.0,7.0,6.0,10.0,11.0,12.0,8.0,14.0,15.0,9.0,13.0,2.0,3.0,4.0,0.0,6.0,7.0,1.0,5.0,11.0,10.0,8.0,15.0,9.0,14.0,13.0,12.0,3.0,2.0,0.0,7.0,1.0,6.0,5.0,4.0,12.0,14.0,13.0,9.0,15.0,11.0,8.0,10.0,4.0,6.0,5.0,1.0,7.0,2.0,0.0,3.0,13.0,15.0,9.0,14.0,8.0,10.0,12.0,11.0,5.0,7.0,1.0,6.0,0.0,3.0,4.0,2.0,14.0,12.0,15.0,13.0,11.0,9.0,10.0,8.0,6.0,4.0,7.0,5.0,2.0,1.0,3.0,0.0,15.0,13.0,14.0,12.0,10.0,8.0,11.0,9.0,7.0,5.0,6.0,4.0,3.0,0.0,2.0,1.0
303152,64523,12,multi_Transversal_28_2025-06-08_22_23_27_960924_0,1749421767,5,1,5,246.9688,248.968702,0,1000000000.0,11046912.0,6512640.0,6234.0,3600000000000.0,86400000000000.0,500000000.0,1000000000.0,1749421407,604800,0,0,0,8,GenuineIntel,Intel(R) Xeon(R) CPU E5-2695 v2 @ 2.40GHz [Family 6 Model 62 Stepping 4],1000000000.0,1000000000.0,1000000000.0,Microsoft Windows 10,"Enterprise LTSB x64 Edition, (10.00.19044.00)",25761005568.0,262144.0,29519101952.0,47715450880.0,9854517248.0,50332470.0,0.0,13190576267.66,47277768.885526,29243555.256756,0.0,1.0,0.0,0.926923,0,0.0,0.0,1.0,2.0,3.0,4.0,5.0,6.0,7.0,8.0,9.0,10.0,11.0,12.0,13.0,14.0,15.0,1.0,0.0,3.0,2.0,5.0,4.0,7.0,6.0,9.0,8.0,11.0,10.0,13.0,12.0,15.0,14.0,2.0,3.0,4.0,5.0,7.0,6.0,1.0,0.0,10.0,11.0,12.0,13.0,15.0,14.0,9.0,8.0,3.0,2.0,5.0,4.0,6.0,7.0,0.0,1.0,11.0,10.0,13.0,12.0,14.0,15.0,8.0,9.0,4.0,6.0,0.0,7.0,1.0,3.0,5.0,2.0,12.0,14.0,8.0,15.0,9.0,10.0,11.0,13.0,5.0,7.0,1.0,6.0,0.0,2.0,4.0,3.0,13.0,15.0,9.0,14.0,8.0,11.0,10.0,12.0,6.0,4.0,7.0,0.0,3.0,1.0,2.0,5.0,14.0,12.0,15.0,8.0,10.0,9.0,13.0,11.0,7.0,5.0,6.0,1.0,2.0,0.0,3.0,4.0,15.0,13.0,14.0,9.0,11.0,8.0,12.0,10.0,8.0,9.0,10.0,11.0,12.0,13.0,14.0,15.0,0.0,1.0,2.0,3.0,4.0,5.0,6.0,7.0,9.0,8.0,11.0,10.0,13.0,12.0,15.0,14.0,1.0,0.0,3.0,2.0,5.0,4.0,7.0,6.0,10.0,11.0,12.0,8.0,14.0,15.0,13.0,9.0,2.0,3.0,4.0,0.0,6.0,7.0,1.0,5.0,11.0,10.0,13.0,9.0,15.0,14.0,12.0,8.0,3.0,2.0,0.0,7.0,1.0,6.0,5.0,4.0,12.0,14.0,15.0,13.0,9.0,11.0,8.0,10.0,4.0,6.0,5.0,1.0,7.0,3.0,0.0,2.0,13.0,15.0,14.0,12.0,8.0,10.0,9.0,11.0,5.0,7.0,1.0,6.0,0.0,2.0,4.0,3.0,14.0,13.0,9.0,15.0,10.0,8.0,11.0,12.0,6.0,4.0,7.0,5.0,3.0,1.0,2.0,0.0,15.0,12.0,8.0,14.0,11.0,9.0,10.0,13.0,7.0,5.0,6.0,4.0,2.0,0.0,3.0,1.0
303153,64523,12,multi_Transversal_28_2025-06-08_22_23_27_960924_1,1749421767,5,1,5,248.3125,252.078093,0,1000000000.0,11051008.0,6524928.0,6234.0,3600000000000.0,86400000000000.0,500000000.0,1000000000.0,1749421407,604800,0,0,0,8,GenuineIntel,Intel(R) Xeon(R) CPU E5-2695 v2 @ 2.40GHz [Family 6 Model 62 Stepping 4],1000000000.0,1000000000.0,1000000000.0,Microsoft Windows 10,"Enterprise LTSB x64 Edition, (10.00.19044.00)",25761005568.0,262144.0,29519101952.0,47715450880.0,9854517248.0,50332470.0,0.0,13190576267.66,47277768.885526,29243555.256756,0.0,1.0,0.0,0.926923,0,0.0,0.0,1.0,2.0,3.0,4.0,5.0,6.0,7.0,8.0,9.0,10.0,11.0,12.0,13.0,14.0,15.0,1.0,0.0,3.0,2.0,5.0,4.0,7.0,6.0,9.0,8.0,11.0,10.0,13.0,12.0,15.0,14.0,2.0,3.0,4.0,5.0,7.0,6.0,1.0,0.0,10.0,11.0,12.0,13.0,15.0,14.0,9.0,8.0,3.0,2.0,5.0,4.0,6.0,7.0,0.0,1.0,11.0,10.0,13.0,12.0,14.0,15.0,8.0,9.0,4.0,6.0,0.0,7.0,1.0,3.0,5.0,2.0,12.0,14.0,8.0,15.0,9.0,10.0,11.0,13.0,5.0,7.0,1.0,6.0,0.0,2.0,4.0,3.0,13.0,15.0,9.0,14.0,8.0,11.0,10.0,12.0,6.0,4.0,7.0,0.0,3.0,1.0,2.0,5.0,14.0,12.0,15.0,8.0,10.0,9.0,13.0,11.0,7.0,5.0,6.0,1.0,2.0,0.0,3.0,4.0,15.0,13.0,14.0,9.0,11.0,8.0,12.0,10.0,8.0,9.0,10.0,11.0,12.0,13.0,14.0,15.0,0.0,1.0,2.0,3.0,4.0,5.0,6.0,7.0,9.0,8.0,11.0,10.0,13.0,12.0,15.0,14.0,1.0,0.0,3.0,2.0,5.0,4.0,7.0,6.0,10.0,11.0,12.0,8.0,14.0,15.0,13.0,9.0,2.0,3.0,4.0,0.0,6.0,7.0,1.0,5.0,11.0,10.0,13.0,9.0,15.0,14.0,12.0,8.0,3.0,2.0,0.0,7.0,1.0,6.0,5.0,4.0,12.0,14.0,15.0,13.0,9.0,11.0,8.0,10.0,4.0,6.0,5.0,1.0,7.0,3.0,0.0,2.0,13.0,15.0,14.0,12.0,8.0,10.0,9.0,11.0,5.0,7.0,1.0,6.0,0.0,2.0,4.0,3.0,14.0,13.0,9.0,15.0,10.0,8.0,11.0,12.0,6.0,4.0,7.0,5.0,3.0,1.0,2.0,0.0,15.0,12.0,8.0,14.0,11.0,9.0,10.0,13.0,7.0,5.0,6.0,4.0,2.0,0.0,3.0,1.0
303154,64523,12,multi_Transversal_28_2025-06-08_22_23_27_960924_2,1749421767,5,1,5,247.0,248.968702,0,1000000000.0,11046912.0,6520832.0,6235.0,3600000000000.0,86400000000000.0,500000000.0,1000000000.0,1749421407,604800,0,0,0,8,GenuineIntel,Intel(R) Xeon(R) CPU E5-2695 v2 @ 2.40GHz [Family 6 Model 62 Stepping 4],1000000000.0,1000000000.0,1000000000.0,Microsoft Windows 10,"Enterprise LTSB x64 Edition, (10.00.19044.00)",25761005568.0,262144.0,29519101952.0,47715450880.0,9854517248.0,50332470.0,0.0,13190576267.66,47277768.885526,29243555.256756,0.0,1.0,0.0,0.926923,0,0.0,0.0,1.0,2.0,3.0,4.0,5.0,6.0,7.0,8.0,9.0,10.0,11.0,12.0,13.0,14.0,15.0,1.0,0.0,3.0,2.0,5.0,4.0,7.0,6.0,9.0,8.0,11.0,10.0,13.0,12.0,15.0,14.0,2.0,3.0,4.0,5.0,7.0,6.0,1.0,0.0,10.0,11.0,12.0,13.0,15.0,14.0,9.0,8.0,3.0,2.0,5.0,4.0,6.0,7.0,0.0,1.0,11.0,10.0,13.0,12.0,14.0,15.0,8.0,9.0,4.0,6.0,0.0,7.0,1.0,3.0,5.0,2.0,12.0,14.0,8.0,15.0,9.0,10.0,11.0,13.0,5.0,7.0,1.0,6.0,0.0,2.0,4.0,3.0,13.0,15.0,9.0,14.0,8.0,11.0,10.0,12.0,6.0,4.0,7.0,0.0,3.0,1.0,2.0,5.0,14.0,12.0,15.0,8.0,10.0,9.0,13.0,11.0,7.0,5.0,6.0,1.0,2.0,0.0,3.0,4.0,15.0,13.0,14.0,9.0,11.0,8.0,12.0,10.0,8.0,9.0,10.0,11.0,12.0,13.0,14.0,15.0,0.0,1.0,2.0,3.0,4.0,5.0,6.0,7.0,9.0,8.0,11.0,10.0,13.0,12.0,15.0,14.0,1.0,0.0,3.0,2.0,5.0,4.0,7.0,6.0,10.0,11.0,12.0,8.0,14.0,15.0,13.0,9.0,2.0,3.0,4.0,0.0,6.0,7.0,1.0,5.0,11.0,10.0,13.0,9.0,15.0,14.0,12.0,8.0,3.0,2.0,0.0,7.0,1.0,6.0,5.0,4.0,12.0,14.0,15.0,13.0,9.0,11.0,8.0,10.0,4.0,6.0,5.0,1.0,7.0,3.0,0.0,2.0,13.0,15.0,14.0,12.0,8.0,10.0,9.0,11.0,5.0,7.0,1.0,6.0,0.0,2.0,4.0,3.0,14.0,13.0,9.0,15.0,10.0,8.0,11.0,12.0,6.0,4.0,7.0,5.0,3.0,1.0,2.0,0.0,15.0,12.0,8.0,14.0,11.0,9.0,10.0,13.0,7.0,5.0,6.0,4.0,2.0,0.0,3.0,1.0
303155,64524,12,multi_Transversal_29_2025-06-08_22_23_28_127991_0,1749421767,5,1,5,248.0156,249.999964,0,1000000000.0,11046912.0,6512640.0,6234.0,3600000000000.0,86400000000000.0,500000000.0,1000000000.0,1749421408,604800,0,0,0,8,GenuineIntel,Intel(R) Xeon(R) CPU E5-2695 v2 @ 2.40GHz [Family 6 Model 62 Stepping 4],1000000000.0,1000000000.0,1000000000.0,Microsoft Windows 10,"Enterprise LTSB x64 Edition, (10.00.19044.00)",25761005568.0,262144.0,29519101952.0,47715450880.0,9854517248.0,50332470.0,0.0,13190576267.66,47277768.885526,29243555.256756,0.0,1.0,0.0,0.926923,0,0.0,0.0,1.0,2.0,3.0,4.0,5.0,6.0,7.0,8.0,9.0,10.0,11.0,12.0,13.0,14.0,15.0,1.0,0.0,3.0,2.0,5.0,4.0,7.0,6.0,9.0,8.0,11.0,10.0,13.0,12.0,15.0,14.0,2.0,3.0,4.0,5.0,7.0,6.0,1.0,0.0,10.0,11.0,12.0,13.0,15.0,14.0,9.0,8.0,3.0,2.0,5.0,4.0,6.0,7.0,0.0,1.0,11.0,10.0,13.0,12.0,14.0,15.0,8.0,9.0,4.0,6.0,7.0,0.0,2.0,1.0,3.0,5.0,12.0,14.0,8.0,15.0,9.0,11.0,13.0,10.0,5.0,7.0,6.0,1.0,3.0,0.0,2.0,4.0,13.0,15.0,9.0,14.0,8.0,10.0,12.0,11.0,6.0,4.0,0.0,7.0,1.0,2.0,5.0,3.0,14.0,12.0,15.0,8.0,11.0,9.0,10.0,13.0,7.0,5.0,1.0,6.0,0.0,3.0,4.0,2.0,15.0,13.0,14.0,9.0,10.0,8.0,11.0,12.0,8.0,9.0,10.0,11.0,12.0,13.0,14.0,15.0,0.0,1.0,2.0,3.0,4.0,5.0,6.0,7.0,9.0,8.0,11.0,10.0,13.0,12.0,15.0,14.0,1.0,0.0,3.0,2.0,5.0,4.0,7.0,6.0,10.0,11.0,12.0,13.0,15.0,14.0,9.0,8.0,2.0,3.0,4.0,0.0,6.0,7.0,5.0,1.0,11.0,10.0,13.0,12.0,14.0,15.0,8.0,9.0,3.0,2.0,5.0,1.0,7.0,6.0,4.0,0.0,12.0,14.0,8.0,15.0,9.0,10.0,11.0,13.0,4.0,6.0,7.0,5.0,1.0,3.0,0.0,2.0,13.0,15.0,9.0,14.0,8.0,11.0,10.0,12.0,5.0,7.0,6.0,4.0,0.0,2.0,1.0,3.0,14.0,12.0,15.0,8.0,10.0,9.0,13.0,11.0,6.0,5.0,1.0,7.0,2.0,0.0,3.0,4.0,15.0,13.0,14.0,9.0,11.0,8.0,12.0,10.0,7.0,4.0,0.0,6.0,3.0,1.0,2.0,5.0
303156,64524,12,multi_Transversal_29_2025-06-08_22_23_28_127991_1,1749421767,5,1,5,248.5938,252.125608,0,1000000000.0,11046912.0,6520832.0,6235.0,3600000000000.0,86400000000000.0,500000000.0,1000000000.0,1749421408,604800,0,0,0,8,GenuineIntel,Intel(R) Xeon(R) CPU E5-2695 v2 @ 2.40GHz [Family 6 Model 62 Stepping 4],1000000000.0,1000000000.0,1000000000.0,Microsoft Windows 10,"Enterprise LTSB x64 Edition, (10.00.19044.00)",25761005568.0,262144.0,29519101952.0,47715450880.0,9854517248.0,50332470.0,0.0,13190576267.66,47277768.885526,29243555.256756,0.0,1.0,0.0,0.926923,0,0.0,0.0,1.0,2.0,3.0,4.0,5.0,6.0,7.0,8.0,9.0,10.0,11.0,12.0,13.0,14.0,15.0,1.0,0.0,3.0,2.0,5.0,4.0,7.0,6.0,9.0,8.0,11.0,10.0,13.0,12.0,15.0,14.0,2.0,3.0,4.0,5.0,7.0,6.0,1.0,0.0,10.0,11.0,12.0,13.0,15.0,14.0,9.0,8.0,3.0,2.0,5.0,4.0,6.0,7.0,0.0,1.0,11.0,10.0,13.0,12.0,14.0,15.0,8.0,9.0,4.0,6.0,7.0,0.0,2.0,1.0,3.0,5.0,12.0,14.0,8.0,15.0,9.0,11.0,13.0,10.0,5.0,7.0,6.0,1.0,3.0,0.0,2.0,4.0,13.0,15.0,9.0,14.0,8.0,10.0,12.0,11.0,6.0,4.0,0.0,7.0,1.0,2.0,5.0,3.0,14.0,12.0,15.0,8.0,11.0,9.0,10.0,13.0,7.0,5.0,1.0,6.0,0.0,3.0,4.0,2.0,15.0,13.0,14.0,9.0,10.0,8.0,11.0,12.0,8.0,9.0,10.0,11.0,12.0,13.0,14.0,15.0,0.0,1.0,2.0,3.0,4.0,5.0,6.0,7.0,9.0,8.0,11.0,10.0,13.0,12.0,15.0,14.0,1.0,0.0,3.0,2.0,5.0,4.0,7.0,6.0,10.0,11.0,12.0,13.0,15.0,14.0,9.0,8.0,2.0,3.0,4.0,0.0,6.0,7.0,5.0,1.0,11.0,10.0,13.0,12.0,14.0,15.0,8.0,9.0,3.0,2.0,5.0,1.0,7.0,6.0,4.0,0.0,12.0,14.0,8.0,15.0,9.0,10.0,11.0,13.0,4.0,6.0,7.0,5.0,1.0,3.0,0.0,2.0,13.0,15.0,9.0,14.0,8.0,11.0,10.0,12.0,5.0,7.0,6.0,4.0,0.0,2.0,1.0,3.0,14.0,12.0,15.0,8.0,10.0,9.0,13.0,11.0,6.0,5.0,1.0,7.0,2.0,0.0,3.0,4.0,15.0,13.0,14.0,9.0,11.0,8.0,12.0,10.0,7.0,4.0,0.0,6.0,3.0,1.0,2.0,5.0
303157,64524,12,multi_Transversal_29_2025-06-08_22_23_28_127991_2,1749421767,5,1,5,248.4531,251.172485,0,1000000000.0,11042816.0,6512640.0,6234.0,3600000000000.0,86400000000000.0,500000000.0,1000000000.0,1749421408,604800,0,0,0,8,GenuineIntel,Intel(R) Xeon(R) CPU E5-2695 v2 @ 2.40GHz [Family 6 Model 62 Stepping 4],1000000000.0,1000000000.0,1000000000.0,Microsoft Windows 10,"Enterprise LTSB x64 Edition, (10.00.19044.00)",25761005568.0,262144.0,29519101952.0,47715450880.0,9854517248.0,50332470.0,0.0,13190576267.66,47277768.885526,29243555.256756,0.0,1.0,0.0,0.926923,0,0.0,0.0,1.0,2.0,3.0,4.0,5.0,6.0,7.0,8.0,9.0,10.0,11.0,12.0,13.0,14.0,15.0,1.0,0.0,3.0,2.0,5.0,4.0,7.0,6.0,9.0,8.0,11.0,10.0,13.0,12.0,15.0,14.0,2.0,3.0,4.0,5.0,7.0,6.0,1.0,0.0,10.0,11.0,12.0,13.0,15.0,14.0,9.0,8.0,3.0,2.0,5.0,4.0,6.0,7.0,0.0,1.0,11.0,10.0,13.0,12.0,14.0,15.0,8.0,9.0,4.0,6.0,7.0,0.0,2.0,1.0,3.0,5.0,12.0,14.0,8.0,15.0,9.0,11.0,13.0,10.0,5.0,7.0,6.0,1.0,3.0,0.0,2.0,4.0,13.0,15.0,9.0,14.0,8.0,10.0,12.0,11.0,6.0,4.0,0.0,7.0,1.0,2.0,5.0,3.0,14.0,12.0,15.0,8.0,11.0,9.0,10.0,13.0,7.0,5.0,1.0,6.0,0.0,3.0,4.0,2.0,15.0,13.0,14.0,9.0,10.0,8.0,11.0,12.0,8.0,9.0,10.0,11.0,12.0,13.0,14.0,15.0,0.0,1.0,2.0,3.0,4.0,5.0,6.0,7.0,9.0,8.0,11.0,10.0,13.0,12.0,15.0,14.0,1.0,0.0,3.0,2.0,5.0,4.0,7.0,6.0,10.0,11.0,12.0,13.0,15.0,14.0,9.0,8.0,2.0,3.0,4.0,0.0,6.0,7.0,5.0,1.0,11.0,10.0,13.0,12.0,14.0,15.0,8.0,9.0,3.0,2.0,5.0,1.0,7.0,6.0,4.0,0.0,12.0,14.0,8.0,15.0,9.0,10.0,11.0,13.0,4.0,6.0,7.0,5.0,1.0,3.0,0.0,2.0,13.0,15.0,9.0,14.0,8.0,11.0,10.0,12.0,5.0,7.0,6.0,4.0,0.0,2.0,1.0,3.0,14.0,12.0,15.0,8.0,10.0,9.0,13.0,11.0,6.0,5.0,1.0,7.0,2.0,0.0,3.0,4.0,15.0,13.0,14.0,9.0,11.0,8.0,12.0,10.0,7.0,4.0,0.0,6.0,3.0,1.0,2.0,5.0
303158,64525,11,multi_Transversal_30_2025-06-08_22_23_28_205655_0,1749421767,5,1,5,247.2188,248.937498,0,1000000000.0,10854400.0,6516736.0,6238.0,3600000000000.0,86400000000000.0,500000000.0,1000000000.0,1749421408,604800,0,0,0,8,GenuineIntel,Intel(R) Xeon(R) CPU E5-2695 v2 @ 2.40GHz [Family 6 Model 62 Stepping 4],1000000000.0,1000000000.0,1000000000.0,Microsoft Windows 10,"Enterprise LTSB x64 Edition, (10.00.19044.00)",17171070976.0,262144.0,19721207808.0,47715450880.0,12050235392.0,48026194.0,171008.0,31952040963.26,55829988.834023,31583643.413455,0.0,1.0,0.0,0.931986,0,0.0,0.0,1.0,2.0,3.0,4.0,5.0,6.0,7.0,8.0,9.0,10.0,11.0,12.0,13.0,14.0,15.0,1.0,0.0,3.0,2.0,5.0,4.0,7.0,6.0,9.0,8.0,11.0,10.0,13.0,12.0,15.0,14.0,2.0,3.0,4.0,5.0,7.0,6.0,1.0,0.0,10.0,11.0,12.0,13.0,15.0,14.0,9.0,8.0,3.0,2.0,5.0,4.0,6.0,7.0,0.0,1.0,11.0,10.0,13.0,12.0,14.0,15.0,8.0,9.0,4.0,7.0,0.0,6.0,1.0,2.0,5.0,3.0,12.0,14.0,15.0,8.0,10.0,9.0,11.0,13.0,5.0,6.0,1.0,7.0,0.0,3.0,4.0,2.0,13.0,15.0,14.0,9.0,11.0,8.0,10.0,12.0,6.0,5.0,7.0,1.0,3.0,0.0,2.0,4.0,14.0,12.0,8.0,15.0,9.0,10.0,13.0,11.0,7.0,4.0,6.0,0.0,2.0,1.0,3.0,5.0,15.0,13.0,9.0,14.0,8.0,11.0,12.0,10.0,8.0,9.0,10.0,11.0,12.0,13.0,14.0,15.0,0.0,1.0,2.0,3.0,4.0,5.0,6.0,7.0,9.0,8.0,11.0,10.0,13.0,12.0,15.0,14.0,1.0,0.0,3.0,2.0,5.0,4.0,7.0,6.0,10.0,11.0,12.0,13.0,15.0,14.0,9.0,8.0,2.0,3.0,4.0,5.0,7.0,6.0,1.0,0.0,11.0,10.0,13.0,12.0,14.0,15.0,8.0,9.0,3.0,2.0,5.0,4.0,6.0,7.0,0.0,1.0,12.0,14.0,8.0,15.0,9.0,11.0,13.0,10.0,4.0,6.0,0.0,7.0,1.0,2.0,3.0,5.0,13.0,15.0,9.0,14.0,8.0,10.0,12.0,11.0,5.0,7.0,1.0,6.0,0.0,3.0,2.0,4.0,14.0,12.0,15.0,8.0,11.0,9.0,10.0,13.0,6.0,4.0,7.0,0.0,2.0,1.0,5.0,3.0,15.0,13.0,14.0,9.0,10.0,8.0,11.0,12.0,7.0,5.0,6.0,1.0,3.0,0.0,4.0,2.0
303159,64525,11,multi_Transversal_30_2025-06-08_22_23_28_205655_1,1749421767,5,1,5,247.5312,249.984375,0,1000000000.0,10862592.0,6537216.0,6238.0,3600000000000.0,86400000000000.0,500000000.0,1000000000.0,1749421408,604800,0,0,0,8,GenuineIntel,Intel(R) Xeon(R) CPU E5-2695 v2 @ 2.40GHz [Family 6 Model 62 Stepping 4],1000000000.0,1000000000.0,1000000000.0,Microsoft Windows 10,"Enterprise LTSB x64 Edition, (10.00.19044.00)",17171070976.0,262144.0,19721207808.0,47715450880.0,12050235392.0,48026194.0,171008.0,31952040963.26,55829988.834023,31583643.413455,0.0,1.0,0.0,0.931986,0,0.0,0.0,1.0,2.0,3.0,4.0,5.0,6.0,7.0,8.0,9.0,10.0,11.0,12.0,13.0,14.0,15.0,1.0,0.0,3.0,2.0,5.0,4.0,7.0,6.0,9.0,8.0,11.0,10.0,13.0,12.0,15.0,14.0,2.0,3.0,4.0,5.0,7.0,6.0,1.0,0.0,10.0,11.0,12.0,13.0,15.0,14.0,9.0,8.0,3.0,2.0,5.0,4.0,6.0,7.0,0.0,1.0,11.0,10.0,13.0,12.0,14.0,15.0,8.0,9.0,4.0,7.0,0.0,6.0,1.0,2.0,5.0,3.0,12.0,14.0,15.0,8.0,10.0,9.0,11.0,13.0,5.0,6.0,1.0,7.0,0.0,3.0,4.0,2.0,13.0,15.0,14.0,9.0,11.0,8.0,10.0,12.0,6.0,5.0,7.0,1.0,3.0,0.0,2.0,4.0,14.0,12.0,8.0,15.0,9.0,10.0,13.0,11.0,7.0,4.0,6.0,0.0,2.0,1.0,3.0,5.0,15.0,13.0,9.0,14.0,8.0,11.0,12.0,10.0,8.0,9.0,10.0,11.0,12.0,13.0,14.0,15.0,0.0,1.0,2.0,3.0,4.0,5.0,6.0,7.0,9.0,8.0,11.0,10.0,13.0,12.0,15.0,14.0,1.0,0.0,3.0,2.0,5.0,4.0,7.0,6.0,10.0,11.0,12.0,13.0,15.0,14.0,9.0,8.0,2.0,3.0,4.0,5.0,7.0,6.0,1.0,0.0,11.0,10.0,13.0,12.0,14.0,15.0,8.0,9.0,3.0,2.0,5.0,4.0,6.0,7.0,0.0,1.0,12.0,14.0,8.0,15.0,9.0,11.0,13.0,10.0,4.0,6.0,0.0,7.0,1.0,2.0,3.0,5.0,13.0,15.0,9.0,14.0,8.0,10.0,12.0,11.0,5.0,7.0,1.0,6.0,0.0,3.0,2.0,4.0,14.0,12.0,15.0,8.0,11.0,9.0,10.0,13.0,6.0,4.0,7.0,0.0,2.0,1.0,5.0,3.0,15.0,13.0,14.0,9.0,10.0,8.0,11.0,12.0,7.0,5.0,6.0,1.0,3.0,0.0,4.0,2.0
303160,64525,11,multi_Transversal_30_2025-06-08_22_23_28_205655_2,1749421767,5,1,5,251.2969,253.718756,0,1000000000.0,10862592.0,6529024.0,6237.0,3600000000000.0,86400000000000.0,500000000.0,1000000000.0,1749421408,604800,0,0,0,8,GenuineIntel,Intel(R) Xeon(R) CPU E5-2695 v2 @ 2.40GHz [Family 6 Model 62 Stepping 4],1000000000.0,1000000000.0,1000000000.0,Microsoft Windows 10,"Enterprise LTSB x64 Edition, (10.00.19044.00)",17171070976.0,262144.0,19721207808.0,47715450880.0,12050235392.0,48026194.0,171008.0,31952040963.26,55829988.834023,31583643.413455,0.0,1.0,0.0,0.931986,0,0.0,0.0,1.0,2.0,3.0,4.0,5.0,6.0,7.0,8.0,9.0,10.0,11.0,12.0,13.0,14.0,15.0,1.0,0.0,3.0,2.0,5.0,4.0,7.0,6.0,9.0,8.0,11.0,10.0,13.0,12.0,15.0,14.0,2.0,3.0,4.0,5.0,7.0,6.0,1.0,0.0,10.0,11.0,12.0,13.0,15.0,14.0,9.0,8.0,3.0,2.0,5.0,4.0,6.0,7.0,0.0,1.0,11.0,10.0,13.0,12.0,14.0,15.0,8.0,9.0,4.0,7.0,0.0,6.0,1.0,2.0,5.0,3.0,12.0,14.0,15.0,8.0,10.0,9.0,11.0,13.0,5.0,6.0,1.0,7.0,0.0,3.0,4.0,2.0,13.0,15.0,14.0,9.0,11.0,8.0,10.0,12.0,6.0,5.0,7.0,1.0,3.0,0.0,2.0,4.0,14.0,12.0,8.0,15.0,9.0,10.0,13.0,11.0,7.0,4.0,6.0,0.0,2.0,1.0,3.0,5.0,15.0,13.0,9.0,14.0,8.0,11.0,12.0,10.0,8.0,9.0,10.0,11.0,12.0,13.0,14.0,15.0,0.0,1.0,2.0,3.0,4.0,5.0,6.0,7.0,9.0,8.0,11.0,10.0,13.0,12.0,15.0,14.0,1.0,0.0,3.0,2.0,5.0,4.0,7.0,6.0,10.0,11.0,12.0,13.0,15.0,14.0,9.0,8.0,2.0,3.0,4.0,5.0,7.0,6.0,1.0,0.0,11.0,10.0,13.0,12.0,14.0,15.0,8.0,9.0,3.0,2.0,5.0,4.0,6.0,7.0,0.0,1.0,12.0,14.0,8.0,15.0,9.0,11.0,13.0,10.0,4.0,6.0,0.0,7.0,1.0,2.0,3.0,5.0,13.0,15.0,9.0,14.0,8.0,10.0,12.0,11.0,5.0,7.0,1.0,6.0,0.0,3.0,2.0,4.0,14.0,12.0,15.0,8.0,11.0,9.0,10.0,13.0,6.0,4.0,7.0,0.0,2.0,1.0,5.0,3.0,15.0,13.0,14.0,9.0,10.0,8.0,11.0,12.0,7.0,5.0,6.0,1.0,3.0,0.0,4.0,2.0
303161,64526,13,multi_Transversal_31_2025-06-08_22_23_28_255025_0,1749421767,5,1,5,252.8438,254.78087,0,1000000000.0,10821632.0,6524928.0,6235.0,3600000000000.0,86400000000000.0,500000000.0,1000000000.0,1749421408,604800,0,0,0,8,GenuineIntel,Intel(R) Xeon(R) CPU E5-2695 v2 @ 2.40GHz [Family 6 Model 62 Stepping 4],1000000000.0,1000000000.0,1000000000.0,Microsoft Windows 10,"Enterprise LTSB x64 Edition, (10.00.19044.00)",17171070976.0,262144.0,19721207808.0,47715450880.0,12161384448.0,47854504.0,0.0,14603537759.36,60997332.301195,14493303.268338,0.0,1.0,0.0,0.931104,0,0.0,0.0,1.0,2.0,3.0,4.0,5.0,6.0,7.0,8.0,9.0,10.0,11.0,12.0,13.0,14.0,15.0,1.0,0.0,3.0,2.0,5.0,4.0,7.0,6.0,9.0,8.0,11.0,10.0,13.0,12.0,15.0,14.0,2.0,3.0,4.0,6.0,7.0,0.0,1.0,5.0,10.0,11.0,12.0,13.0,15.0,14.0,9.0,8.0,3.0,2.0,6.0,4.0,0.0,7.0,5.0,1.0,11.0,10.0,13.0,12.0,14.0,15.0,8.0,9.0,4.0,5.0,7.0,1.0,3.0,6.0,0.0,2.0,12.0,15.0,8.0,14.0,9.0,10.0,13.0,11.0,5.0,4.0,1.0,7.0,6.0,3.0,2.0,0.0,13.0,14.0,9.0,15.0,8.0,11.0,12.0,10.0,6.0,7.0,5.0,0.0,1.0,2.0,3.0,4.0,14.0,13.0,15.0,9.0,11.0,8.0,10.0,12.0,7.0,6.0,0.0,5.0,2.0,1.0,4.0,3.0,15.0,12.0,14.0,8.0,10.0,9.0,11.0,13.0,8.0,9.0,10.0,11.0,12.0,13.0,14.0,15.0,0.0,1.0,2.0,3.0,4.0,5.0,6.0,7.0,9.0,8.0,11.0,10.0,13.0,12.0,15.0,14.0,1.0,0.0,3.0,2.0,5.0,4.0,7.0,6.0,10.0,11.0,12.0,13.0,15.0,14.0,9.0,8.0,2.0,3.0,4.0,5.0,7.0,6.0,1.0,0.0,11.0,10.0,13.0,12.0,14.0,15.0,8.0,9.0,3.0,2.0,5.0,4.0,6.0,7.0,0.0,1.0,12.0,14.0,15.0,8.0,10.0,9.0,11.0,13.0,4.0,6.0,0.0,7.0,1.0,3.0,5.0,2.0,13.0,15.0,14.0,9.0,11.0,8.0,10.0,12.0,5.0,7.0,1.0,6.0,0.0,2.0,4.0,3.0,14.0,12.0,8.0,15.0,9.0,10.0,13.0,11.0,6.0,4.0,7.0,0.0,3.0,1.0,2.0,5.0,15.0,13.0,9.0,14.0,8.0,11.0,12.0,10.0,7.0,5.0,6.0,1.0,2.0,0.0,3.0,4.0
303162,64526,7,multi_Transversal_31_2025-06-08_22_23_28_255025_1,1749421767,5,1,5,720.2218,723.750653,0,1000000000.0,4456448.0,6959104.0,14764.0,3600000000000.0,86400000000000.0,500000000.0,1000000000.0,1749421408,604800,0,0,0,2,GenuineIntel,Intel Xeon Processor (Icelake) [Family 6 Model 106 Stepping 0],1000000000.0,1000000000.0,1000000000.0,Linux Ubuntu,Ubuntu 24.04.2 LTS [6.8.0-59-generic|libc 2.39],1006923776.0,16777216.0,0.0,20105105408.0,16966135808.0,3182592.0,688128.0,18792905359.36,49682873.433256,29201129.209936,0.0,1.0,0.0,0.844088,0,0.0,0.0,1.0,2.0,3.0,4.0,5.0,6.0,7.0,8.0,9.0,10.0,11.0,12.0,13.0,14.0,15.0,1.0,0.0,3.0,2.0,5.0,4.0,7.0,6.0,9.0,8.0,11.0,10.0,13.0,12.0,15.0,14.0,2.0,3.0,4.0,6.0,7.0,0.0,1.0,5.0,10.0,11.0,12.0,13.0,15.0,14.0,9.0,8.0,3.0,2.0,6.0,4.0,0.0,7.0,5.0,1.0,11.0,10.0,13.0,12.0,14.0,15.0,8.0,9.0,4.0,5.0,7.0,1.0,3.0,6.0,0.0,2.0,12.0,15.0,8.0,14.0,9.0,10.0,13.0,11.0,5.0,4.0,1.0,7.0,6.0,3.0,2.0,0.0,13.0,14.0,9.0,15.0,8.0,11.0,12.0,10.0,6.0,7.0,5.0,0.0,1.0,2.0,3.0,4.0,14.0,13.0,15.0,9.0,11.0,8.0,10.0,12.0,7.0,6.0,0.0,5.0,2.0,1.0,4.0,3.0,15.0,12.0,14.0,8.0,10.0,9.0,11.0,13.0,8.0,9.0,10.0,11.0,12.0,13.0,14.0,15.0,0.0,1.0,2.0,3.0,4.0,5.0,6.0,7.0,9.0,8.0,11.0,10.0,13.0,12.0,15.0,14.0,1.0,0.0,3.0,2.0,5.0,4.0,7.0,6.0,10.0,11.0,12.0,13.0,15.0,14.0,9.0,8.0,2.0,3.0,4.0,5.0,7.0,6.0,1.0,0.0,11.0,10.0,13.0,12.0,14.0,15.0,8.0,9.0,3.0,2.0,5.0,4.0,6.0,7.0,0.0,1.0,12.0,14.0,15.0,8.0,10.0,9.0,11.0,13.0,4.0,6.0,0.0,7.0,1.0,3.0,5.0,2.0,13.0,15.0,14.0,9.0,11.0,8.0,10.0,12.0,5.0,7.0,1.0,6.0,0.0,2.0,4.0,3.0,14.0,12.0,8.0,15.0,9.0,10.0,13.0,11.0,6.0,4.0,7.0,0.0,3.0,1.0,2.0,5.0,15.0,13.0,9.0,14.0,8.0,11.0,12.0,10.0,7.0,5.0,6.0,1.0,2.0,0.0,3.0,4.0
303163,64526,7,multi_Transversal_31_2025-06-08_22_23_28_255025_2,1749421767,5,1,5,721.6541,724.745313,0,1000000000.0,4456448.0,6959104.0,14764.0,3600000000000.0,86400000000000.0,500000000.0,1000000000.0,1749421408,604800,0,0,0,2,GenuineIntel,Intel Xeon Processor (Icelake) [Family 6 Model 106 Stepping 0],1000000000.0,1000000000.0,1000000000.0,Linux Ubuntu,Ubuntu 24.04.2 LTS [6.8.0-59-generic|libc 2.39],1006923776.0,16777216.0,0.0,20105105408.0,16966135808.0,3182592.0,688128.0,18792905359.36,49682873.433256,29201129.209936,0.0,1.0,0.0,0.844088,0,0.0,0.0,1.0,2.0,3.0,4.0,5.0,6.0,7.0,8.0,9.0,10.0,11.0,12.0,13.0,14.0,15.0,1.0,0.0,3.0,2.0,5.0,4.0,7.0,6.0,9.0,8.0,11.0,10.0,13.0,12.0,15.0,14.0,2.0,3.0,4.0,6.0,7.0,0.0,1.0,5.0,10.0,11.0,12.0,13.0,15.0,14.0,9.0,8.0,3.0,2.0,6.0,4.0,0.0,7.0,5.0,1.0,11.0,10.0,13.0,12.0,14.0,15.0,8.0,9.0,4.0,5.0,7.0,1.0,3.0,6.0,0.0,2.0,12.0,15.0,8.0,14.0,9.0,10.0,13.0,11.0,5.0,4.0,1.0,7.0,6.0,3.0,2.0,0.0,13.0,14.0,9.0,15.0,8.0,11.0,12.0,10.0,6.0,7.0,5.0,0.0,1.0,2.0,3.0,4.0,14.0,13.0,15.0,9.0,11.0,8.0,10.0,12.0,7.0,6.0,0.0,5.0,2.0,1.0,4.0,3.0,15.0,12.0,14.0,8.0,10.0,9.0,11.0,13.0,8.0,9.0,10.0,11.0,12.0,13.0,14.0,15.0,0.0,1.0,2.0,3.0,4.0,5.0,6.0,7.0,9.0,8.0,11.0,10.0,13.0,12.0,15.0,14.0,1.0,0.0,3.0,2.0,5.0,4.0,7.0,6.0,10.0,11.0,12.0,13.0,15.0,14.0,9.0,8.0,2.0,3.0,4.0,5.0,7.0,6.0,1.0,0.0,11.0,10.0,13.0,12.0,14.0,15.0,8.0,9.0,3.0,2.0,5.0,4.0,6.0,7.0,0.0,1.0,12.0,14.0,15.0,8.0,10.0,9.0,11.0,13.0,4.0,6.0,0.0,7.0,1.0,3.0,5.0,2.0,13.0,15.0,14.0,9.0,11.0,8.0,10.0,12.0,5.0,7.0,1.0,6.0,0.0,2.0,4.0,3.0,14.0,12.0,8.0,15.0,9.0,10.0,13.0,11.0,6.0,4.0,7.0,0.0,3.0,1.0,2.0,5.0,15.0,13.0,9.0,14.0,8.0,11.0,12.0,10.0,7.0,5.0,6.0,1.0,2.0,0.0,3.0,4.0
303164,64527,13,multi_Transversal_32_2025-06-08_22_23_28_304921_0,1749421767,5,1,5,251.5312,254.843798,0,1000000000.0,10805248.0,6524928.0,6236.0,3600000000000.0,86400000000000.0,500000000.0,1000000000.0,1749421408,604800,0,0,0,8,GenuineIntel,Intel(R) Xeon(R) CPU E5-2695 v2 @ 2.40GHz [Family 6 Model 62 Stepping 4],1000000000.0,1000000000.0,1000000000.0,Microsoft Windows 10,"Enterprise LTSB x64 Edition, (10.00.19044.00)",17171070976.0,262144.0,19721207808.0,47715450880.0,12161384448.0,47854504.0,0.0,14603537759.36,60997332.301195,14493303.268338,0.0,1.0,0.0,0.931104,0,0.0,0.0,1.0,2.0,3.0,4.0,5.0,6.0,7.0,8.0,9.0,10.0,11.0,12.0,13.0,14.0,15.0,1.0,0.0,3.0,2.0,5.0,4.0,7.0,6.0,9.0,8.0,11.0,10.0,13.0,12.0,15.0,14.0,2.0,3.0,4.0,6.0,7.0,1.0,5.0,0.0,10.0,11.0,12.0,14.0,15.0,8.0,9.0,13.0,3.0,2.0,6.0,4.0,1.0,7.0,0.0,5.0,11.0,10.0,14.0,12.0,8.0,15.0,13.0,9.0,4.0,5.0,7.0,0.0,6.0,2.0,3.0,1.0,12.0,13.0,15.0,9.0,11.0,14.0,8.0,10.0,5.0,4.0,0.0,7.0,2.0,6.0,1.0,3.0,13.0,12.0,9.0,15.0,14.0,11.0,10.0,8.0,6.0,7.0,5.0,1.0,3.0,0.0,4.0,2.0,14.0,15.0,13.0,8.0,9.0,10.0,11.0,12.0,7.0,6.0,1.0,5.0,0.0,3.0,2.0,4.0,15.0,14.0,8.0,13.0,10.0,9.0,12.0,11.0,8.0,9.0,10.0,11.0,12.0,13.0,14.0,15.0,0.0,1.0,2.0,3.0,4.0,5.0,6.0,7.0,9.0,8.0,11.0,10.0,13.0,12.0,15.0,14.0,1.0,0.0,3.0,2.0,5.0,4.0,7.0,6.0,10.0,11.0,12.0,13.0,15.0,14.0,9.0,8.0,2.0,3.0,4.0,5.0,7.0,6.0,1.0,0.0,11.0,10.0,13.0,12.0,14.0,15.0,8.0,9.0,3.0,2.0,5.0,4.0,6.0,7.0,0.0,1.0,12.0,15.0,8.0,14.0,9.0,10.0,13.0,11.0,4.0,6.0,7.0,0.0,2.0,1.0,3.0,5.0,13.0,14.0,9.0,15.0,8.0,11.0,12.0,10.0,5.0,7.0,6.0,1.0,3.0,0.0,2.0,4.0,14.0,13.0,15.0,9.0,11.0,8.0,10.0,12.0,6.0,4.0,0.0,7.0,1.0,2.0,5.0,3.0,15.0,12.0,14.0,8.0,10.0,9.0,11.0,13.0,7.0,5.0,1.0,6.0,0.0,3.0,4.0,2.0
303165,64527,13,multi_Transversal_32_2025-06-08_22_23_28_304921_1,1749421767,5,1,5,249.9219,252.734348,0,1000000000.0,10801152.0,6533120.0,6235.0,3600000000000.0,86400000000000.0,500000000.0,1000000000.0,1749421408,604800,0,0,0,8,GenuineIntel,Intel(R) Xeon(R) CPU E5-2695 v2 @ 2.40GHz [Family 6 Model 62 Stepping 4],1000000000.0,1000000000.0,1000000000.0,Microsoft Windows 10,"Enterprise LTSB x64 Edition, (10.00.19044.00)",17171070976.0,262144.0,19721207808.0,47715450880.0,12161384448.0,47854504.0,0.0,14603537759.36,60997332.301195,14493303.268338,0.0,1.0,0.0,0.931104,0,0.0,0.0,1.0,2.0,3.0,4.0,5.0,6.0,7.0,8.0,9.0,10.0,11.0,12.0,13.0,14.0,15.0,1.0,0.0,3.0,2.0,5.0,4.0,7.0,6.0,9.0,8.0,11.0,10.0,13.0,12.0,15.0,14.0,2.0,3.0,4.0,6.0,7.0,1.0,5.0,0.0,10.0,11.0,12.0,14.0,15.0,8.0,9.0,13.0,3.0,2.0,6.0,4.0,1.0,7.0,0.0,5.0,11.0,10.0,14.0,12.0,8.0,15.0,13.0,9.0,4.0,5.0,7.0,0.0,6.0,2.0,3.0,1.0,12.0,13.0,15.0,9.0,11.0,14.0,8.0,10.0,5.0,4.0,0.0,7.0,2.0,6.0,1.0,3.0,13.0,12.0,9.0,15.0,14.0,11.0,10.0,8.0,6.0,7.0,5.0,1.0,3.0,0.0,4.0,2.0,14.0,15.0,13.0,8.0,9.0,10.0,11.0,12.0,7.0,6.0,1.0,5.0,0.0,3.0,2.0,4.0,15.0,14.0,8.0,13.0,10.0,9.0,12.0,11.0,8.0,9.0,10.0,11.0,12.0,13.0,14.0,15.0,0.0,1.0,2.0,3.0,4.0,5.0,6.0,7.0,9.0,8.0,11.0,10.0,13.0,12.0,15.0,14.0,1.0,0.0,3.0,2.0,5.0,4.0,7.0,6.0,10.0,11.0,12.0,13.0,15.0,14.0,9.0,8.0,2.0,3.0,4.0,5.0,7.0,6.0,1.0,0.0,11.0,10.0,13.0,12.0,14.0,15.0,8.0,9.0,3.0,2.0,5.0,4.0,6.0,7.0,0.0,1.0,12.0,15.0,8.0,14.0,9.0,10.0,13.0,11.0,4.0,6.0,7.0,0.0,2.0,1.0,3.0,5.0,13.0,14.0,9.0,15.0,8.0,11.0,12.0,10.0,5.0,7.0,6.0,1.0,3.0,0.0,2.0,4.0,14.0,13.0,15.0,9.0,11.0,8.0,10.0,12.0,6.0,4.0,0.0,7.0,1.0,2.0,5.0,3.0,15.0,12.0,14.0,8.0,10.0,9.0,11.0,13.0,7.0,5.0,1.0,6.0,0.0,3.0,4.0,2.0
303166,64527,13,multi_Transversal_32_2025-06-08_22_23_28_304921_2,1749421767,5,1,5,250.6094,251.82811,0,1000000000.0,10809344.0,6529024.0,6235.0,3600000000000.0,86400000000000.0,500000000.0,1000000000.0,1749421408,604800,0,0,0,8,GenuineIntel,Intel(R) Xeon(R) CPU E5-2695 v2 @ 2.40GHz [Family 6 Model 62 Stepping 4],1000000000.0,1000000000.0,1000000000.0,Microsoft Windows 10,"Enterprise LTSB x64 Edition, (10.00.19044.00)",17171070976.0,262144.0,19721207808.0,47715450880.0,12161384448.0,47854504.0,0.0,14603537759.36,60997332.301195,14493303.268338,0.0,1.0,0.0,0.931104,0,0.0,0.0,1.0,2.0,3.0,4.0,5.0,6.0,7.0,8.0,9.0,10.0,11.0,12.0,13.0,14.0,15.0,1.0,0.0,3.0,2.0,5.0,4.0,7.0,6.0,9.0,8.0,11.0,10.0,13.0,12.0,15.0,14.0,2.0,3.0,4.0,6.0,7.0,1.0,5.0,0.0,10.0,11.0,12.0,14.0,15.0,8.0,9.0,13.0,3.0,2.0,6.0,4.0,1.0,7.0,0.0,5.0,11.0,10.0,14.0,12.0,8.0,15.0,13.0,9.0,4.0,5.0,7.0,0.0,6.0,2.0,3.0,1.0,12.0,13.0,15.0,9.0,11.0,14.0,8.0,10.0,5.0,4.0,0.0,7.0,2.0,6.0,1.0,3.0,13.0,12.0,9.0,15.0,14.0,11.0,10.0,8.0,6.0,7.0,5.0,1.0,3.0,0.0,4.0,2.0,14.0,15.0,13.0,8.0,9.0,10.0,11.0,12.0,7.0,6.0,1.0,5.0,0.0,3.0,2.0,4.0,15.0,14.0,8.0,13.0,10.0,9.0,12.0,11.0,8.0,9.0,10.0,11.0,12.0,13.0,14.0,15.0,0.0,1.0,2.0,3.0,4.0,5.0,6.0,7.0,9.0,8.0,11.0,10.0,13.0,12.0,15.0,14.0,1.0,0.0,3.0,2.0,5.0,4.0,7.0,6.0,10.0,11.0,12.0,13.0,15.0,14.0,9.0,8.0,2.0,3.0,4.0,5.0,7.0,6.0,1.0,0.0,11.0,10.0,13.0,12.0,14.0,15.0,8.0,9.0,3.0,2.0,5.0,4.0,6.0,7.0,0.0,1.0,12.0,15.0,8.0,14.0,9.0,10.0,13.0,11.0,4.0,6.0,7.0,0.0,2.0,1.0,3.0,5.0,13.0,14.0,9.0,15.0,8.0,11.0,12.0,10.0,5.0,7.0,6.0,1.0,3.0,0.0,2.0,4.0,14.0,13.0,15.0,9.0,11.0,8.0,10.0,12.0,6.0,4.0,0.0,7.0,1.0,2.0,5.0,3.0,15.0,12.0,14.0,8.0,10.0,9.0,11.0,13.0,7.0,5.0,1.0,6.0,0.0,3.0,4.0,2.0
303167,64528,13,multi_Transversal_33_2025-06-08_22_23_28_357673_0,1749421767,5,1,5,247.8281,249.812485,0,1000000000.0,10809344.0,6524928.0,6235.0,3600000000000.0,86400000000000.0,500000000.0,1000000000.0,1749421408,604800,0,0,0,8,GenuineIntel,Intel(R) Xeon(R) CPU E5-2695 v2 @ 2.40GHz [Family 6 Model 62 Stepping 4],1000000000.0,1000000000.0,1000000000.0,Microsoft Windows 10,"Enterprise LTSB x64 Edition, (10.00.19044.00)",17171070976.0,262144.0,19721207808.0,47715450880.0,12161384448.0,47854504.0,0.0,14603537759.36,60997332.301195,14493303.268338,0.0,1.0,0.0,0.931104,0,0.0,0.0,1.0,2.0,3.0,4.0,5.0,6.0,7.0,8.0,9.0,10.0,11.0,12.0,13.0,14.0,15.0,1.0,0.0,3.0,2.0,5.0,4.0,7.0,6.0,9.0,8.0,11.0,10.0,13.0,12.0,15.0,14.0,2.0,3.0,5.0,1.0,7.0,6.0,4.0,0.0,10.0,11.0,12.0,14.0,15.0,9.0,13.0,8.0,3.0,2.0,1.0,4.0,6.0,7.0,0.0,5.0,11.0,10.0,14.0,12.0,9.0,15.0,8.0,13.0,4.0,5.0,7.0,6.0,1.0,0.0,2.0,3.0,12.0,13.0,15.0,8.0,14.0,10.0,11.0,9.0,5.0,4.0,6.0,7.0,0.0,1.0,3.0,2.0,13.0,12.0,8.0,15.0,10.0,14.0,9.0,11.0,6.0,7.0,0.0,5.0,2.0,3.0,1.0,4.0,14.0,15.0,13.0,9.0,11.0,8.0,12.0,10.0,7.0,6.0,4.0,0.0,3.0,2.0,5.0,1.0,15.0,14.0,9.0,13.0,8.0,11.0,10.0,12.0,8.0,9.0,10.0,11.0,12.0,13.0,14.0,15.0,0.0,1.0,2.0,3.0,4.0,5.0,6.0,7.0,9.0,8.0,11.0,10.0,13.0,12.0,15.0,14.0,1.0,0.0,3.0,2.0,5.0,4.0,7.0,6.0,10.0,11.0,12.0,14.0,15.0,8.0,9.0,13.0,2.0,3.0,4.0,5.0,7.0,6.0,1.0,0.0,11.0,10.0,14.0,12.0,8.0,15.0,13.0,9.0,3.0,2.0,5.0,4.0,6.0,7.0,0.0,1.0,12.0,13.0,15.0,9.0,11.0,14.0,8.0,10.0,4.0,7.0,0.0,6.0,1.0,2.0,5.0,3.0,13.0,12.0,9.0,15.0,14.0,11.0,10.0,8.0,5.0,6.0,1.0,7.0,0.0,3.0,4.0,2.0,14.0,15.0,13.0,8.0,9.0,10.0,11.0,12.0,6.0,5.0,7.0,1.0,3.0,0.0,2.0,4.0,15.0,14.0,8.0,13.0,10.0,9.0,12.0,11.0,7.0,4.0,6.0,0.0,2.0,1.0,3.0,5.0
303168,64528,13,multi_Transversal_33_2025-06-08_22_23_28_357673_1,1749421767,5,1,5,247.375,249.937525,0,1000000000.0,10809344.0,6529024.0,6235.0,3600000000000.0,86400000000000.0,500000000.0,1000000000.0,1749421408,604800,0,0,0,8,GenuineIntel,Intel(R) Xeon(R) CPU E5-2695 v2 @ 2.40GHz [Family 6 Model 62 Stepping 4],1000000000.0,1000000000.0,1000000000.0,Microsoft Windows 10,"Enterprise LTSB x64 Edition, (10.00.19044.00)",17171070976.0,262144.0,19721207808.0,47715450880.0,12161384448.0,47854504.0,0.0,14603537759.36,60997332.301195,14493303.268338,0.0,1.0,0.0,0.931104,0,0.0,0.0,1.0,2.0,3.0,4.0,5.0,6.0,7.0,8.0,9.0,10.0,11.0,12.0,13.0,14.0,15.0,1.0,0.0,3.0,2.0,5.0,4.0,7.0,6.0,9.0,8.0,11.0,10.0,13.0,12.0,15.0,14.0,2.0,3.0,5.0,1.0,7.0,6.0,4.0,0.0,10.0,11.0,12.0,14.0,15.0,9.0,13.0,8.0,3.0,2.0,1.0,4.0,6.0,7.0,0.0,5.0,11.0,10.0,14.0,12.0,9.0,15.0,8.0,13.0,4.0,5.0,7.0,6.0,1.0,0.0,2.0,3.0,12.0,13.0,15.0,8.0,14.0,10.0,11.0,9.0,5.0,4.0,6.0,7.0,0.0,1.0,3.0,2.0,13.0,12.0,8.0,15.0,10.0,14.0,9.0,11.0,6.0,7.0,0.0,5.0,2.0,3.0,1.0,4.0,14.0,15.0,13.0,9.0,11.0,8.0,12.0,10.0,7.0,6.0,4.0,0.0,3.0,2.0,5.0,1.0,15.0,14.0,9.0,13.0,8.0,11.0,10.0,12.0,8.0,9.0,10.0,11.0,12.0,13.0,14.0,15.0,0.0,1.0,2.0,3.0,4.0,5.0,6.0,7.0,9.0,8.0,11.0,10.0,13.0,12.0,15.0,14.0,1.0,0.0,3.0,2.0,5.0,4.0,7.0,6.0,10.0,11.0,12.0,14.0,15.0,8.0,9.0,13.0,2.0,3.0,4.0,5.0,7.0,6.0,1.0,0.0,11.0,10.0,14.0,12.0,8.0,15.0,13.0,9.0,3.0,2.0,5.0,4.0,6.0,7.0,0.0,1.0,12.0,13.0,15.0,9.0,11.0,14.0,8.0,10.0,4.0,7.0,0.0,6.0,1.0,2.0,5.0,3.0,13.0,12.0,9.0,15.0,14.0,11.0,10.0,8.0,5.0,6.0,1.0,7.0,0.0,3.0,4.0,2.0,14.0,15.0,13.0,8.0,9.0,10.0,11.0,12.0,6.0,5.0,7.0,1.0,3.0,0.0,2.0,4.0,15.0,14.0,8.0,13.0,10.0,9.0,12.0,11.0,7.0,4.0,6.0,0.0,2.0,1.0,3.0,5.0
303169,64528,12,multi_Transversal_33_2025-06-08_22_23_28_357673_2,1749421767,5,1,5,247.0625,250.328119,0,1000000000.0,11046912.0,6516736.0,6234.0,3600000000000.0,86400000000000.0,500000000.0,1000000000.0,1749421408,604800,0,0,0,8,GenuineIntel,Intel(R) Xeon(R) CPU E5-2695 v2 @ 2.40GHz [Family 6 Model 62 Stepping 4],1000000000.0,1000000000.0,1000000000.0,Microsoft Windows 10,"Enterprise LTSB x64 Edition, (10.00.19044.00)",25761005568.0,262144.0,29519101952.0,47715450880.0,9854517248.0,50332470.0,0.0,13190576267.66,47277768.885526,29243555.256756,0.0,1.0,0.0,0.926923,0,0.0,0.0,1.0,2.0,3.0,4.0,5.0,6.0,7.0,8.0,9.0,10.0,11.0,12.0,13.0,14.0,15.0,1.0,0.0,3.0,2.0,5.0,4.0,7.0,6.0,9.0,8.0,11.0,10.0,13.0,12.0,15.0,14.0,2.0,3.0,5.0,1.0,7.0,6.0,4.0,0.0,10.0,11.0,12.0,14.0,15.0,9.0,13.0,8.0,3.0,2.0,1.0,4.0,6.0,7.0,0.0,5.0,11.0,10.0,14.0,12.0,9.0,15.0,8.0,13.0,4.0,5.0,7.0,6.0,1.0,0.0,2.0,3.0,12.0,13.0,15.0,8.0,14.0,10.0,11.0,9.0,5.0,4.0,6.0,7.0,0.0,1.0,3.0,2.0,13.0,12.0,8.0,15.0,10.0,14.0,9.0,11.0,6.0,7.0,0.0,5.0,2.0,3.0,1.0,4.0,14.0,15.0,13.0,9.0,11.0,8.0,12.0,10.0,7.0,6.0,4.0,0.0,3.0,2.0,5.0,1.0,15.0,14.0,9.0,13.0,8.0,11.0,10.0,12.0,8.0,9.0,10.0,11.0,12.0,13.0,14.0,15.0,0.0,1.0,2.0,3.0,4.0,5.0,6.0,7.0,9.0,8.0,11.0,10.0,13.0,12.0,15.0,14.0,1.0,0.0,3.0,2.0,5.0,4.0,7.0,6.0,10.0,11.0,12.0,14.0,15.0,8.0,9.0,13.0,2.0,3.0,4.0,5.0,7.0,6.0,1.0,0.0,11.0,10.0,14.0,12.0,8.0,15.0,13.0,9.0,3.0,2.0,5.0,4.0,6.0,7.0,0.0,1.0,12.0,13.0,15.0,9.0,11.0,14.0,8.0,10.0,4.0,7.0,0.0,6.0,1.0,2.0,5.0,3.0,13.0,12.0,9.0,15.0,14.0,11.0,10.0,8.0,5.0,6.0,1.0,7.0,0.0,3.0,4.0,2.0,14.0,15.0,13.0,8.0,9.0,10.0,11.0,12.0,6.0,5.0,7.0,1.0,3.0,0.0,2.0,4.0,15.0,14.0,8.0,13.0,10.0,9.0,12.0,11.0,7.0,4.0,6.0,0.0,2.0,1.0,3.0,5.0
303170,64529,12,multi_Transversal_34_2025-06-08_22_23_28_413399_0,1749421767,5,1,5,247.5156,251.390623,0,1000000000.0,11042816.0,6512640.0,6234.0,3600000000000.0,86400000000000.0,500000000.0,1000000000.0,1749421408,604800,0,0,0,8,GenuineIntel,Intel(R) Xeon(R) CPU E5-2695 v2 @ 2.40GHz [Family 6 Model 62 Stepping 4],1000000000.0,1000000000.0,1000000000.0,Microsoft Windows 10,"Enterprise LTSB x64 Edition, (10.00.19044.00)",25761005568.0,262144.0,29519101952.0,47715450880.0,9854517248.0,50332470.0,0.0,13190576267.66,47277768.885526,29243555.256756,0.0,1.0,0.0,0.926923,0,0.0,0.0,1.0,2.0,3.0,4.0,5.0,6.0,7.0,8.0,9.0,10.0,11.0,12.0,13.0,14.0,15.0,1.0,0.0,3.0,2.0,5.0,4.0,7.0,6.0,9.0,8.0,11.0,10.0,13.0,12.0,15.0,14.0,2.0,3.0,5.0,4.0,6.0,7.0,0.0,1.0,10.0,11.0,13.0,9.0,15.0,14.0,12.0,8.0,3.0,2.0,4.0,5.0,7.0,6.0,1.0,0.0,11.0,10.0,9.0,12.0,14.0,15.0,8.0,13.0,4.0,7.0,1.0,6.0,2.0,0.0,3.0,5.0,12.0,13.0,15.0,14.0,9.0,8.0,10.0,11.0,5.0,6.0,0.0,7.0,3.0,1.0,2.0,4.0,13.0,12.0,14.0,15.0,8.0,9.0,11.0,10.0,6.0,5.0,7.0,0.0,1.0,3.0,4.0,2.0,14.0,15.0,8.0,13.0,10.0,11.0,9.0,12.0,7.0,4.0,6.0,1.0,0.0,2.0,5.0,3.0,15.0,14.0,12.0,8.0,11.0,10.0,13.0,9.0,8.0,9.0,10.0,11.0,12.0,13.0,14.0,15.0,0.0,1.0,2.0,3.0,4.0,5.0,6.0,7.0,9.0,8.0,11.0,10.0,13.0,12.0,15.0,14.0,1.0,0.0,3.0,2.0,5.0,4.0,7.0,6.0,10.0,11.0,12.0,14.0,15.0,9.0,13.0,8.0,2.0,3.0,4.0,6.0,7.0,0.0,1.0,5.0,11.0,10.0,14.0,12.0,9.0,15.0,8.0,13.0,3.0,2.0,6.0,4.0,0.0,7.0,5.0,1.0,12.0,13.0,15.0,8.0,14.0,10.0,11.0,9.0,4.0,5.0,7.0,1.0,3.0,6.0,0.0,2.0,13.0,12.0,8.0,15.0,10.0,14.0,9.0,11.0,5.0,4.0,1.0,7.0,6.0,3.0,2.0,0.0,14.0,15.0,13.0,9.0,11.0,8.0,12.0,10.0,6.0,7.0,5.0,0.0,1.0,2.0,3.0,4.0,15.0,14.0,9.0,13.0,8.0,11.0,10.0,12.0,7.0,6.0,0.0,5.0,2.0,1.0,4.0,3.0
303171,64529,12,multi_Transversal_34_2025-06-08_22_23_28_413399_1,1749421767,5,1,5,247.2344,249.29689,0,1000000000.0,11046912.0,6520832.0,6234.0,3600000000000.0,86400000000000.0,500000000.0,1000000000.0,1749421408,604800,0,0,0,8,GenuineIntel,Intel(R) Xeon(R) CPU E5-2695 v2 @ 2.40GHz [Family 6 Model 62 Stepping 4],1000000000.0,1000000000.0,1000000000.0,Microsoft Windows 10,"Enterprise LTSB x64 Edition, (10.00.19044.00)",25761005568.0,262144.0,29519101952.0,47715450880.0,9854517248.0,50332470.0,0.0,13190576267.66,47277768.885526,29243555.256756,0.0,1.0,0.0,0.926923,0,0.0,0.0,1.0,2.0,3.0,4.0,5.0,6.0,7.0,8.0,9.0,10.0,11.0,12.0,13.0,14.0,15.0,1.0,0.0,3.0,2.0,5.0,4.0,7.0,6.0,9.0,8.0,11.0,10.0,13.0,12.0,15.0,14.0,2.0,3.0,5.0,4.0,6.0,7.0,0.0,1.0,10.0,11.0,13.0,9.0,15.0,14.0,12.0,8.0,3.0,2.0,4.0,5.0,7.0,6.0,1.0,0.0,11.0,10.0,9.0,12.0,14.0,15.0,8.0,13.0,4.0,7.0,1.0,6.0,2.0,0.0,3.0,5.0,12.0,13.0,15.0,14.0,9.0,8.0,10.0,11.0,5.0,6.0,0.0,7.0,3.0,1.0,2.0,4.0,13.0,12.0,14.0,15.0,8.0,9.0,11.0,10.0,6.0,5.0,7.0,0.0,1.0,3.0,4.0,2.0,14.0,15.0,8.0,13.0,10.0,11.0,9.0,12.0,7.0,4.0,6.0,1.0,0.0,2.0,5.0,3.0,15.0,14.0,12.0,8.0,11.0,10.0,13.0,9.0,8.0,9.0,10.0,11.0,12.0,13.0,14.0,15.0,0.0,1.0,2.0,3.0,4.0,5.0,6.0,7.0,9.0,8.0,11.0,10.0,13.0,12.0,15.0,14.0,1.0,0.0,3.0,2.0,5.0,4.0,7.0,6.0,10.0,11.0,12.0,14.0,15.0,9.0,13.0,8.0,2.0,3.0,4.0,6.0,7.0,0.0,1.0,5.0,11.0,10.0,14.0,12.0,9.0,15.0,8.0,13.0,3.0,2.0,6.0,4.0,0.0,7.0,5.0,1.0,12.0,13.0,15.0,8.0,14.0,10.0,11.0,9.0,4.0,5.0,7.0,1.0,3.0,6.0,0.0,2.0,13.0,12.0,8.0,15.0,10.0,14.0,9.0,11.0,5.0,4.0,1.0,7.0,6.0,3.0,2.0,0.0,14.0,15.0,13.0,9.0,11.0,8.0,12.0,10.0,6.0,7.0,5.0,0.0,1.0,2.0,3.0,4.0,15.0,14.0,9.0,13.0,8.0,11.0,10.0,12.0,7.0,6.0,0.0,5.0,2.0,1.0,4.0,3.0
303172,64529,15,multi_Transversal_34_2025-06-08_22_23_28_413399_2,1749421767,5,1,5,241.375,242.944078,0,1000000000.0,10805248.0,6520832.0,6232.0,3600000000000.0,86400000000000.0,500000000.0,1000000000.0,1749421408,604800,0,0,0,8,GenuineIntel,Intel(R) Xeon(R) CPU E5-2630 v3 @ 2.40GHz [Family 6 Model 63 Stepping 2],1000000000.0,1000000000.0,1000000000.0,Microsoft Windows 10,"Enterprise LTSB x64 Edition, (10.00.19044.00)",17171070976.0,262144.0,19721207808.0,47715450880.0,12169773056.0,41069893.0,0.0,14931112898.46,74228947.62302,14098642.125756,0.0,1.0,0.0,0.923155,0,0.0,0.0,1.0,2.0,3.0,4.0,5.0,6.0,7.0,8.0,9.0,10.0,11.0,12.0,13.0,14.0,15.0,1.0,0.0,3.0,2.0,5.0,4.0,7.0,6.0,9.0,8.0,11.0,10.0,13.0,12.0,15.0,14.0,2.0,3.0,5.0,4.0,6.0,7.0,0.0,1.0,10.0,11.0,13.0,9.0,15.0,14.0,12.0,8.0,3.0,2.0,4.0,5.0,7.0,6.0,1.0,0.0,11.0,10.0,9.0,12.0,14.0,15.0,8.0,13.0,4.0,7.0,1.0,6.0,2.0,0.0,3.0,5.0,12.0,13.0,15.0,14.0,9.0,8.0,10.0,11.0,5.0,6.0,0.0,7.0,3.0,1.0,2.0,4.0,13.0,12.0,14.0,15.0,8.0,9.0,11.0,10.0,6.0,5.0,7.0,0.0,1.0,3.0,4.0,2.0,14.0,15.0,8.0,13.0,10.0,11.0,9.0,12.0,7.0,4.0,6.0,1.0,0.0,2.0,5.0,3.0,15.0,14.0,12.0,8.0,11.0,10.0,13.0,9.0,8.0,9.0,10.0,11.0,12.0,13.0,14.0,15.0,0.0,1.0,2.0,3.0,4.0,5.0,6.0,7.0,9.0,8.0,11.0,10.0,13.0,12.0,15.0,14.0,1.0,0.0,3.0,2.0,5.0,4.0,7.0,6.0,10.0,11.0,12.0,14.0,15.0,9.0,13.0,8.0,2.0,3.0,4.0,6.0,7.0,0.0,1.0,5.0,11.0,10.0,14.0,12.0,9.0,15.0,8.0,13.0,3.0,2.0,6.0,4.0,0.0,7.0,5.0,1.0,12.0,13.0,15.0,8.0,14.0,10.0,11.0,9.0,4.0,5.0,7.0,1.0,3.0,6.0,0.0,2.0,13.0,12.0,8.0,15.0,10.0,14.0,9.0,11.0,5.0,4.0,1.0,7.0,6.0,3.0,2.0,0.0,14.0,15.0,13.0,9.0,11.0,8.0,12.0,10.0,6.0,7.0,5.0,0.0,1.0,2.0,3.0,4.0,15.0,14.0,9.0,13.0,8.0,11.0,10.0,12.0,7.0,6.0,0.0,5.0,2.0,1.0,4.0,3.0
303173,64530,15,multi_Transversal_35_2025-06-08_22_23_28_470400_0,1749421767,5,1,5,245.3906,247.968546,0,1000000000.0,10813440.0,6520832.0,6232.0,3600000000000.0,86400000000000.0,500000000.0,1000000000.0,1749421408,604800,0,0,0,8,GenuineIntel,Intel(R) Xeon(R) CPU E5-2630 v3 @ 2.40GHz [Family 6 Model 63 Stepping 2],1000000000.0,1000000000.0,1000000000.0,Microsoft Windows 10,"Enterprise LTSB x64 Edition, (10.00.19044.00)",17171070976.0,262144.0,19721207808.0,47715450880.0,12169773056.0,41069893.0,0.0,14931112898.46,74228947.62302,14098642.125756,0.0,1.0,0.0,0.923155,0,0.0,0.0,1.0,2.0,3.0,4.0,5.0,6.0,7.0,8.0,9.0,10.0,11.0,12.0,13.0,14.0,15.0,1.0,0.0,3.0,2.0,5.0,4.0,7.0,6.0,9.0,8.0,11.0,10.0,13.0,12.0,15.0,14.0,2.0,3.0,5.0,4.0,7.0,6.0,0.0,1.0,10.0,11.0,13.0,12.0,14.0,15.0,8.0,9.0,3.0,2.0,4.0,5.0,6.0,7.0,1.0,0.0,11.0,10.0,12.0,13.0,15.0,14.0,9.0,8.0,4.0,6.0,0.0,7.0,2.0,1.0,5.0,3.0,12.0,15.0,9.0,14.0,10.0,8.0,11.0,13.0,5.0,7.0,1.0,6.0,3.0,0.0,4.0,2.0,13.0,14.0,8.0,15.0,11.0,9.0,10.0,12.0,6.0,4.0,7.0,0.0,1.0,2.0,3.0,5.0,14.0,13.0,15.0,8.0,9.0,11.0,12.0,10.0,7.0,5.0,6.0,1.0,0.0,3.0,2.0,4.0,15.0,12.0,14.0,9.0,8.0,10.0,13.0,11.0,8.0,9.0,10.0,11.0,12.0,13.0,14.0,15.0,0.0,1.0,2.0,3.0,4.0,5.0,6.0,7.0,9.0,8.0,11.0,10.0,13.0,12.0,15.0,14.0,1.0,0.0,3.0,2.0,5.0,4.0,7.0,6.0,10.0,11.0,13.0,9.0,15.0,14.0,12.0,8.0,2.0,3.0,4.0,6.0,7.0,1.0,5.0,0.0,11.0,10.0,9.0,12.0,14.0,15.0,8.0,13.0,3.0,2.0,6.0,4.0,1.0,7.0,0.0,5.0,12.0,13.0,15.0,14.0,9.0,8.0,10.0,11.0,4.0,5.0,7.0,0.0,6.0,2.0,3.0,1.0,13.0,12.0,14.0,15.0,8.0,9.0,11.0,10.0,5.0,4.0,0.0,7.0,2.0,6.0,1.0,3.0,14.0,15.0,8.0,13.0,10.0,11.0,9.0,12.0,6.0,7.0,5.0,1.0,3.0,0.0,4.0,2.0,15.0,14.0,12.0,8.0,11.0,10.0,13.0,9.0,7.0,6.0,1.0,5.0,0.0,3.0,2.0,4.0
303174,64530,11,multi_Transversal_35_2025-06-08_22_23_28_470400_1,1749421767,5,1,5,248.7188,250.031305,0,1000000000.0,10866688.0,6533120.0,6237.0,3600000000000.0,86400000000000.0,500000000.0,1000000000.0,1749421408,604800,0,0,0,8,GenuineIntel,Intel(R) Xeon(R) CPU E5-2695 v2 @ 2.40GHz [Family 6 Model 62 Stepping 4],1000000000.0,1000000000.0,1000000000.0,Microsoft Windows 10,"Enterprise LTSB x64 Edition, (10.00.19044.00)",17171070976.0,262144.0,19721207808.0,47715450880.0,12050235392.0,48026194.0,171008.0,31952040963.26,55829988.834023,31583643.413455,0.0,1.0,0.0,0.931986,0,0.0,0.0,1.0,2.0,3.0,4.0,5.0,6.0,7.0,8.0,9.0,10.0,11.0,12.0,13.0,14.0,15.0,1.0,0.0,3.0,2.0,5.0,4.0,7.0,6.0,9.0,8.0,11.0,10.0,13.0,12.0,15.0,14.0,2.0,3.0,5.0,4.0,7.0,6.0,0.0,1.0,10.0,11.0,13.0,12.0,14.0,15.0,8.0,9.0,3.0,2.0,4.0,5.0,6.0,7.0,1.0,0.0,11.0,10.0,12.0,13.0,15.0,14.0,9.0,8.0,4.0,6.0,0.0,7.0,2.0,1.0,5.0,3.0,12.0,15.0,9.0,14.0,10.0,8.0,11.0,13.0,5.0,7.0,1.0,6.0,3.0,0.0,4.0,2.0,13.0,14.0,8.0,15.0,11.0,9.0,10.0,12.0,6.0,4.0,7.0,0.0,1.0,2.0,3.0,5.0,14.0,13.0,15.0,8.0,9.0,11.0,12.0,10.0,7.0,5.0,6.0,1.0,0.0,3.0,2.0,4.0,15.0,12.0,14.0,9.0,8.0,10.0,13.0,11.0,8.0,9.0,10.0,11.0,12.0,13.0,14.0,15.0,0.0,1.0,2.0,3.0,4.0,5.0,6.0,7.0,9.0,8.0,11.0,10.0,13.0,12.0,15.0,14.0,1.0,0.0,3.0,2.0,5.0,4.0,7.0,6.0,10.0,11.0,13.0,9.0,15.0,14.0,12.0,8.0,2.0,3.0,4.0,6.0,7.0,1.0,5.0,0.0,11.0,10.0,9.0,12.0,14.0,15.0,8.0,13.0,3.0,2.0,6.0,4.0,1.0,7.0,0.0,5.0,12.0,13.0,15.0,14.0,9.0,8.0,10.0,11.0,4.0,5.0,7.0,0.0,6.0,2.0,3.0,1.0,13.0,12.0,14.0,15.0,8.0,9.0,11.0,10.0,5.0,4.0,0.0,7.0,2.0,6.0,1.0,3.0,14.0,15.0,8.0,13.0,10.0,11.0,9.0,12.0,6.0,7.0,5.0,1.0,3.0,0.0,4.0,2.0,15.0,14.0,12.0,8.0,11.0,10.0,13.0,9.0,7.0,6.0,1.0,5.0,0.0,3.0,2.0,4.0
303175,64530,11,multi_Transversal_35_2025-06-08_22_23_28_470400_2,1749421767,5,1,5,248.5625,250.031305,0,1000000000.0,10850304.0,6520832.0,6237.0,3600000000000.0,86400000000000.0,500000000.0,1000000000.0,1749421408,604800,0,0,0,8,GenuineIntel,Intel(R) Xeon(R) CPU E5-2695 v2 @ 2.40GHz [Family 6 Model 62 Stepping 4],1000000000.0,1000000000.0,1000000000.0,Microsoft Windows 10,"Enterprise LTSB x64 Edition, (10.00.19044.00)",17171070976.0,262144.0,19721207808.0,47715450880.0,12050235392.0,48026194.0,171008.0,31952040963.26,55829988.834023,31583643.413455,0.0,1.0,0.0,0.931986,0,0.0,0.0,1.0,2.0,3.0,4.0,5.0,6.0,7.0,8.0,9.0,10.0,11.0,12.0,13.0,14.0,15.0,1.0,0.0,3.0,2.0,5.0,4.0,7.0,6.0,9.0,8.0,11.0,10.0,13.0,12.0,15.0,14.0,2.0,3.0,5.0,4.0,7.0,6.0,0.0,1.0,10.0,11.0,13.0,12.0,14.0,15.0,8.0,9.0,3.0,2.0,4.0,5.0,6.0,7.0,1.0,0.0,11.0,10.0,12.0,13.0,15.0,14.0,9.0,8.0,4.0,6.0,0.0,7.0,2.0,1.0,5.0,3.0,12.0,15.0,9.0,14.0,10.0,8.0,11.0,13.0,5.0,7.0,1.0,6.0,3.0,0.0,4.0,2.0,13.0,14.0,8.0,15.0,11.0,9.0,10.0,12.0,6.0,4.0,7.0,0.0,1.0,2.0,3.0,5.0,14.0,13.0,15.0,8.0,9.0,11.0,12.0,10.0,7.0,5.0,6.0,1.0,0.0,3.0,2.0,4.0,15.0,12.0,14.0,9.0,8.0,10.0,13.0,11.0,8.0,9.0,10.0,11.0,12.0,13.0,14.0,15.0,0.0,1.0,2.0,3.0,4.0,5.0,6.0,7.0,9.0,8.0,11.0,10.0,13.0,12.0,15.0,14.0,1.0,0.0,3.0,2.0,5.0,4.0,7.0,6.0,10.0,11.0,13.0,9.0,15.0,14.0,12.0,8.0,2.0,3.0,4.0,6.0,7.0,1.0,5.0,0.0,11.0,10.0,9.0,12.0,14.0,15.0,8.0,13.0,3.0,2.0,6.0,4.0,1.0,7.0,0.0,5.0,12.0,13.0,15.0,14.0,9.0,8.0,10.0,11.0,4.0,5.0,7.0,0.0,6.0,2.0,3.0,1.0,13.0,12.0,14.0,15.0,8.0,9.0,11.0,10.0,5.0,4.0,0.0,7.0,2.0,6.0,1.0,3.0,14.0,15.0,8.0,13.0,10.0,11.0,9.0,12.0,6.0,7.0,5.0,1.0,3.0,0.0,4.0,2.0,15.0,14.0,12.0,8.0,11.0,10.0,13.0,9.0,7.0,6.0,1.0,5.0,0.0,3.0,2.0,4.0
303176,64531,11,multi_Transversal_36_2025-06-08_22_23_28_542642_0,1749421767,5,1,5,252.5938,253.078245,0,1000000000.0,10862592.0,6529024.0,6237.0,3600000000000.0,86400000000000.0,500000000.0,1000000000.0,1749421408,604800,0,0,0,8,GenuineIntel,Intel(R) Xeon(R) CPU E5-2695 v2 @ 2.40GHz [Family 6 Model 62 Stepping 4],1000000000.0,1000000000.0,1000000000.0,Microsoft Windows 10,"Enterprise LTSB x64 Edition, (10.00.19044.00)",17171070976.0,262144.0,19721207808.0,47715450880.0,12050235392.0,48026194.0,171008.0,31952040963.26,55829988.834023,31583643.413455,0.0,1.0,0.0,0.931986,0,0.0,0.0,1.0,2.0,3.0,4.0,5.0,6.0,7.0,8.0,9.0,10.0,11.0,12.0,13.0,14.0,15.0,1.0,0.0,3.0,2.0,5.0,4.0,7.0,6.0,9.0,8.0,11.0,10.0,13.0,12.0,15.0,14.0,2.0,3.0,5.0,4.0,7.0,6.0,0.0,1.0,10.0,11.0,13.0,12.0,15.0,14.0,8.0,9.0,3.0,2.0,4.0,5.0,6.0,7.0,1.0,0.0,11.0,10.0,12.0,13.0,14.0,15.0,9.0,8.0,4.0,6.0,7.0,0.0,2.0,1.0,3.0,5.0,12.0,14.0,8.0,15.0,10.0,9.0,13.0,11.0,5.0,7.0,6.0,1.0,3.0,0.0,2.0,4.0,13.0,15.0,9.0,14.0,11.0,8.0,12.0,10.0,6.0,4.0,0.0,7.0,1.0,2.0,5.0,3.0,14.0,12.0,15.0,8.0,9.0,10.0,11.0,13.0,7.0,5.0,1.0,6.0,0.0,3.0,4.0,2.0,15.0,13.0,14.0,9.0,8.0,11.0,10.0,12.0,8.0,9.0,10.0,11.0,12.0,13.0,14.0,15.0,0.0,1.0,2.0,3.0,4.0,5.0,6.0,7.0,9.0,8.0,11.0,10.0,13.0,12.0,15.0,14.0,1.0,0.0,3.0,2.0,5.0,4.0,7.0,6.0,10.0,11.0,13.0,12.0,14.0,15.0,8.0,9.0,2.0,3.0,5.0,1.0,7.0,6.0,4.0,0.0,11.0,10.0,12.0,13.0,15.0,14.0,9.0,8.0,3.0,2.0,1.0,4.0,6.0,7.0,0.0,5.0,12.0,15.0,9.0,14.0,10.0,8.0,11.0,13.0,4.0,5.0,7.0,6.0,1.0,0.0,2.0,3.0,13.0,14.0,8.0,15.0,11.0,9.0,10.0,12.0,5.0,4.0,6.0,7.0,0.0,1.0,3.0,2.0,14.0,13.0,15.0,8.0,9.0,11.0,12.0,10.0,6.0,7.0,0.0,5.0,2.0,3.0,1.0,4.0,15.0,12.0,14.0,9.0,8.0,10.0,13.0,11.0,7.0,6.0,4.0,0.0,3.0,2.0,5.0,1.0
303177,64531,11,multi_Transversal_36_2025-06-08_22_23_28_542642_1,1749421767,5,1,5,253.6094,254.109488,0,1000000000.0,10862592.0,6529024.0,6238.0,3600000000000.0,86400000000000.0,500000000.0,1000000000.0,1749421408,604800,0,0,0,8,GenuineIntel,Intel(R) Xeon(R) CPU E5-2695 v2 @ 2.40GHz [Family 6 Model 62 Stepping 4],1000000000.0,1000000000.0,1000000000.0,Microsoft Windows 10,"Enterprise LTSB x64 Edition, (10.00.19044.00)",17171070976.0,262144.0,19721207808.0,47715450880.0,12050235392.0,48026194.0,171008.0,31952040963.26,55829988.834023,31583643.413455,0.0,1.0,0.0,0.931986,0,0.0,0.0,1.0,2.0,3.0,4.0,5.0,6.0,7.0,8.0,9.0,10.0,11.0,12.0,13.0,14.0,15.0,1.0,0.0,3.0,2.0,5.0,4.0,7.0,6.0,9.0,8.0,11.0,10.0,13.0,12.0,15.0,14.0,2.0,3.0,5.0,4.0,7.0,6.0,0.0,1.0,10.0,11.0,13.0,12.0,15.0,14.0,8.0,9.0,3.0,2.0,4.0,5.0,6.0,7.0,1.0,0.0,11.0,10.0,12.0,13.0,14.0,15.0,9.0,8.0,4.0,6.0,7.0,0.0,2.0,1.0,3.0,5.0,12.0,14.0,8.0,15.0,10.0,9.0,13.0,11.0,5.0,7.0,6.0,1.0,3.0,0.0,2.0,4.0,13.0,15.0,9.0,14.0,11.0,8.0,12.0,10.0,6.0,4.0,0.0,7.0,1.0,2.0,5.0,3.0,14.0,12.0,15.0,8.0,9.0,10.0,11.0,13.0,7.0,5.0,1.0,6.0,0.0,3.0,4.0,2.0,15.0,13.0,14.0,9.0,8.0,11.0,10.0,12.0,8.0,9.0,10.0,11.0,12.0,13.0,14.0,15.0,0.0,1.0,2.0,3.0,4.0,5.0,6.0,7.0,9.0,8.0,11.0,10.0,13.0,12.0,15.0,14.0,1.0,0.0,3.0,2.0,5.0,4.0,7.0,6.0,10.0,11.0,13.0,12.0,14.0,15.0,8.0,9.0,2.0,3.0,5.0,1.0,7.0,6.0,4.0,0.0,11.0,10.0,12.0,13.0,15.0,14.0,9.0,8.0,3.0,2.0,1.0,4.0,6.0,7.0,0.0,5.0,12.0,15.0,9.0,14.0,10.0,8.0,11.0,13.0,4.0,5.0,7.0,6.0,1.0,0.0,2.0,3.0,13.0,14.0,8.0,15.0,11.0,9.0,10.0,12.0,5.0,4.0,6.0,7.0,0.0,1.0,3.0,2.0,14.0,13.0,15.0,8.0,9.0,11.0,12.0,10.0,6.0,7.0,0.0,5.0,2.0,3.0,1.0,4.0,15.0,12.0,14.0,9.0,8.0,10.0,13.0,11.0,7.0,6.0,4.0,0.0,3.0,2.0,5.0,1.0
303178,64531,11,multi_Transversal_36_2025-06-08_22_23_28_542642_2,1749421767,5,1,5,247.5625,250.000513,0,1000000000.0,10858496.0,6529024.0,6237.0,3600000000000.0,86400000000000.0,500000000.0,1000000000.0,1749421408,604800,0,0,0,8,GenuineIntel,Intel(R) Xeon(R) CPU E5-2695 v2 @ 2.40GHz [Family 6 Model 62 Stepping 4],1000000000.0,1000000000.0,1000000000.0,Microsoft Windows 10,"Enterprise LTSB x64 Edition, (10.00.19044.00)",17171070976.0,262144.0,19721207808.0,47715450880.0,12050235392.0,48026194.0,171008.0,31952040963.26,55829988.834023,31583643.413455,0.0,1.0,0.0,0.931986,0,0.0,0.0,1.0,2.0,3.0,4.0,5.0,6.0,7.0,8.0,9.0,10.0,11.0,12.0,13.0,14.0,15.0,1.0,0.0,3.0,2.0,5.0,4.0,7.0,6.0,9.0,8.0,11.0,10.0,13.0,12.0,15.0,14.0,2.0,3.0,5.0,4.0,7.0,6.0,0.0,1.0,10.0,11.0,13.0,12.0,15.0,14.0,8.0,9.0,3.0,2.0,4.0,5.0,6.0,7.0,1.0,0.0,11.0,10.0,12.0,13.0,14.0,15.0,9.0,8.0,4.0,6.0,7.0,0.0,2.0,1.0,3.0,5.0,12.0,14.0,8.0,15.0,10.0,9.0,13.0,11.0,5.0,7.0,6.0,1.0,3.0,0.0,2.0,4.0,13.0,15.0,9.0,14.0,11.0,8.0,12.0,10.0,6.0,4.0,0.0,7.0,1.0,2.0,5.0,3.0,14.0,12.0,15.0,8.0,9.0,10.0,11.0,13.0,7.0,5.0,1.0,6.0,0.0,3.0,4.0,2.0,15.0,13.0,14.0,9.0,8.0,11.0,10.0,12.0,8.0,9.0,10.0,11.0,12.0,13.0,14.0,15.0,0.0,1.0,2.0,3.0,4.0,5.0,6.0,7.0,9.0,8.0,11.0,10.0,13.0,12.0,15.0,14.0,1.0,0.0,3.0,2.0,5.0,4.0,7.0,6.0,10.0,11.0,13.0,12.0,14.0,15.0,8.0,9.0,2.0,3.0,5.0,1.0,7.0,6.0,4.0,0.0,11.0,10.0,12.0,13.0,15.0,14.0,9.0,8.0,3.0,2.0,1.0,4.0,6.0,7.0,0.0,5.0,12.0,15.0,9.0,14.0,10.0,8.0,11.0,13.0,4.0,5.0,7.0,6.0,1.0,0.0,2.0,3.0,13.0,14.0,8.0,15.0,11.0,9.0,10.0,12.0,5.0,4.0,6.0,7.0,0.0,1.0,3.0,2.0,14.0,13.0,15.0,8.0,9.0,11.0,12.0,10.0,6.0,7.0,0.0,5.0,2.0,3.0,1.0,4.0,15.0,12.0,14.0,9.0,8.0,10.0,13.0,11.0,7.0,6.0,4.0,0.0,3.0,2.0,5.0,1.0
303179,64532,11,multi_Transversal_37_2025-06-08_22_23_28_591690_0,1749421767,5,1,5,247.5,250.000513,0,1000000000.0,10866688.0,6524928.0,6237.0,3600000000000.0,86400000000000.0,500000000.0,1000000000.0,1749421408,604800,0,0,0,8,GenuineIntel,Intel(R) Xeon(R) CPU E5-2695 v2 @ 2.40GHz [Family 6 Model 62 Stepping 4],1000000000.0,1000000000.0,1000000000.0,Microsoft Windows 10,"Enterprise LTSB x64 Edition, (10.00.19044.00)",17171070976.0,262144.0,19721207808.0,47715450880.0,12050235392.0,48026194.0,171008.0,31952040963.26,55829988.834023,31583643.413455,0.0,1.0,0.0,0.931986,0,0.0,0.0,1.0,2.0,3.0,4.0,5.0,6.0,7.0,8.0,9.0,10.0,11.0,12.0,13.0,14.0,15.0,1.0,0.0,3.0,2.0,5.0,4.0,7.0,6.0,9.0,8.0,11.0,10.0,13.0,12.0,15.0,14.0,2.0,3.0,5.0,4.0,7.0,6.0,1.0,0.0,10.0,11.0,13.0,12.0,15.0,14.0,8.0,9.0,3.0,2.0,4.0,5.0,6.0,7.0,0.0,1.0,11.0,10.0,12.0,13.0,14.0,15.0,9.0,8.0,4.0,7.0,1.0,6.0,3.0,0.0,5.0,2.0,12.0,14.0,15.0,8.0,10.0,9.0,11.0,13.0,5.0,6.0,0.0,7.0,2.0,1.0,4.0,3.0,13.0,15.0,14.0,9.0,11.0,8.0,10.0,12.0,6.0,5.0,7.0,0.0,1.0,2.0,3.0,4.0,14.0,12.0,8.0,15.0,9.0,10.0,13.0,11.0,7.0,4.0,6.0,1.0,0.0,3.0,2.0,5.0,15.0,13.0,9.0,14.0,8.0,11.0,12.0,10.0,8.0,9.0,10.0,11.0,12.0,13.0,14.0,15.0,0.0,1.0,2.0,3.0,4.0,5.0,6.0,7.0,9.0,8.0,11.0,10.0,13.0,12.0,15.0,14.0,1.0,0.0,3.0,2.0,5.0,4.0,7.0,6.0,10.0,11.0,13.0,12.0,15.0,14.0,8.0,9.0,2.0,3.0,5.0,4.0,6.0,7.0,0.0,1.0,11.0,10.0,12.0,13.0,14.0,15.0,9.0,8.0,3.0,2.0,4.0,5.0,7.0,6.0,1.0,0.0,12.0,14.0,8.0,15.0,10.0,9.0,13.0,11.0,4.0,7.0,1.0,6.0,2.0,0.0,3.0,5.0,13.0,15.0,9.0,14.0,11.0,8.0,12.0,10.0,5.0,6.0,0.0,7.0,3.0,1.0,2.0,4.0,14.0,12.0,15.0,8.0,9.0,10.0,11.0,13.0,6.0,5.0,7.0,0.0,1.0,3.0,4.0,2.0,15.0,13.0,14.0,9.0,8.0,11.0,10.0,12.0,7.0,4.0,6.0,1.0,0.0,2.0,5.0,3.0
303180,64532,11,multi_Transversal_37_2025-06-08_22_23_28_591690_1,1749421767,5,1,5,247.4375,249.000343,0,1000000000.0,10862592.0,6541312.0,6238.0,3600000000000.0,86400000000000.0,500000000.0,1000000000.0,1749421408,604800,0,0,0,8,GenuineIntel,Intel(R) Xeon(R) CPU E5-2695 v2 @ 2.40GHz [Family 6 Model 62 Stepping 4],1000000000.0,1000000000.0,1000000000.0,Microsoft Windows 10,"Enterprise LTSB x64 Edition, (10.00.19044.00)",17171070976.0,262144.0,19721207808.0,47715450880.0,12050235392.0,48026194.0,171008.0,31952040963.26,55829988.834023,31583643.413455,0.0,1.0,0.0,0.931986,0,0.0,0.0,1.0,2.0,3.0,4.0,5.0,6.0,7.0,8.0,9.0,10.0,11.0,12.0,13.0,14.0,15.0,1.0,0.0,3.0,2.0,5.0,4.0,7.0,6.0,9.0,8.0,11.0,10.0,13.0,12.0,15.0,14.0,2.0,3.0,5.0,4.0,7.0,6.0,1.0,0.0,10.0,11.0,13.0,12.0,15.0,14.0,8.0,9.0,3.0,2.0,4.0,5.0,6.0,7.0,0.0,1.0,11.0,10.0,12.0,13.0,14.0,15.0,9.0,8.0,4.0,7.0,1.0,6.0,3.0,0.0,5.0,2.0,12.0,14.0,15.0,8.0,10.0,9.0,11.0,13.0,5.0,6.0,0.0,7.0,2.0,1.0,4.0,3.0,13.0,15.0,14.0,9.0,11.0,8.0,10.0,12.0,6.0,5.0,7.0,0.0,1.0,2.0,3.0,4.0,14.0,12.0,8.0,15.0,9.0,10.0,13.0,11.0,7.0,4.0,6.0,1.0,0.0,3.0,2.0,5.0,15.0,13.0,9.0,14.0,8.0,11.0,12.0,10.0,8.0,9.0,10.0,11.0,12.0,13.0,14.0,15.0,0.0,1.0,2.0,3.0,4.0,5.0,6.0,7.0,9.0,8.0,11.0,10.0,13.0,12.0,15.0,14.0,1.0,0.0,3.0,2.0,5.0,4.0,7.0,6.0,10.0,11.0,13.0,12.0,15.0,14.0,8.0,9.0,2.0,3.0,5.0,4.0,6.0,7.0,0.0,1.0,11.0,10.0,12.0,13.0,14.0,15.0,9.0,8.0,3.0,2.0,4.0,5.0,7.0,6.0,1.0,0.0,12.0,14.0,8.0,15.0,10.0,9.0,13.0,11.0,4.0,7.0,1.0,6.0,2.0,0.0,3.0,5.0,13.0,15.0,9.0,14.0,11.0,8.0,12.0,10.0,5.0,6.0,0.0,7.0,3.0,1.0,2.0,4.0,14.0,12.0,15.0,8.0,9.0,10.0,11.0,13.0,6.0,5.0,7.0,0.0,1.0,3.0,4.0,2.0,15.0,13.0,14.0,9.0,8.0,11.0,10.0,12.0,7.0,4.0,6.0,1.0,0.0,2.0,5.0,3.0
303181,64532,11,multi_Transversal_37_2025-06-08_22_23_28_591690_2,1749421767,5,1,5,247.7188,250.000513,0,1000000000.0,10866688.0,6529024.0,6238.0,3600000000000.0,86400000000000.0,500000000.0,1000000000.0,1749421408,604800,0,0,0,8,GenuineIntel,Intel(R) Xeon(R) CPU E5-2695 v2 @ 2.40GHz [Family 6 Model 62 Stepping 4],1000000000.0,1000000000.0,1000000000.0,Microsoft Windows 10,"Enterprise LTSB x64 Edition, (10.00.19044.00)",17171070976.0,262144.0,19721207808.0,47715450880.0,12050235392.0,48026194.0,171008.0,31952040963.26,55829988.834023,31583643.413455,0.0,1.0,0.0,0.931986,0,0.0,0.0,1.0,2.0,3.0,4.0,5.0,6.0,7.0,8.0,9.0,10.0,11.0,12.0,13.0,14.0,15.0,1.0,0.0,3.0,2.0,5.0,4.0,7.0,6.0,9.0,8.0,11.0,10.0,13.0,12.0,15.0,14.0,2.0,3.0,5.0,4.0,7.0,6.0,1.0,0.0,10.0,11.0,13.0,12.0,15.0,14.0,8.0,9.0,3.0,2.0,4.0,5.0,6.0,7.0,0.0,1.0,11.0,10.0,12.0,13.0,14.0,15.0,9.0,8.0,4.0,7.0,1.0,6.0,3.0,0.0,5.0,2.0,12.0,14.0,15.0,8.0,10.0,9.0,11.0,13.0,5.0,6.0,0.0,7.0,2.0,1.0,4.0,3.0,13.0,15.0,14.0,9.0,11.0,8.0,10.0,12.0,6.0,5.0,7.0,0.0,1.0,2.0,3.0,4.0,14.0,12.0,8.0,15.0,9.0,10.0,13.0,11.0,7.0,4.0,6.0,1.0,0.0,3.0,2.0,5.0,15.0,13.0,9.0,14.0,8.0,11.0,12.0,10.0,8.0,9.0,10.0,11.0,12.0,13.0,14.0,15.0,0.0,1.0,2.0,3.0,4.0,5.0,6.0,7.0,9.0,8.0,11.0,10.0,13.0,12.0,15.0,14.0,1.0,0.0,3.0,2.0,5.0,4.0,7.0,6.0,10.0,11.0,13.0,12.0,15.0,14.0,8.0,9.0,2.0,3.0,5.0,4.0,6.0,7.0,0.0,1.0,11.0,10.0,12.0,13.0,14.0,15.0,9.0,8.0,3.0,2.0,4.0,5.0,7.0,6.0,1.0,0.0,12.0,14.0,8.0,15.0,10.0,9.0,13.0,11.0,4.0,7.0,1.0,6.0,2.0,0.0,3.0,5.0,13.0,15.0,9.0,14.0,11.0,8.0,12.0,10.0,5.0,6.0,0.0,7.0,3.0,1.0,2.0,4.0,14.0,12.0,15.0,8.0,9.0,10.0,11.0,13.0,6.0,5.0,7.0,0.0,1.0,3.0,4.0,2.0,15.0,13.0,14.0,9.0,8.0,11.0,10.0,12.0,7.0,4.0,6.0,1.0,0.0,2.0,5.0,3.0
306068,65495,11,multi_DTransversal_0_2025-06-08_22_24_46_270370_0,1749421824,5,1,5,227.6719,230.859079,0,1000000000.0,10866688.0,6520832.0,6242.0,3600000000000.0,86400000000000.0,500000000.0,1000000000.0,1749421486,604800,0,0,0,8,GenuineIntel,Intel(R) Xeon(R) CPU E5-2695 v2 @ 2.40GHz [Family 6 Model 62 Stepping 4],1000000000.0,1000000000.0,1000000000.0,Microsoft Windows 10,"Enterprise LTSB x64 Edition, (10.00.19044.00)",17171070976.0,262144.0,19721207808.0,47715450880.0,12050235392.0,48026194.0,171008.0,31952040963.26,55829988.834023,31583643.413455,0.0,1.0,0.0,0.931986,0,0.0,0.0,1.0,2.0,3.0,4.0,5.0,6.0,7.0,8.0,9.0,10.0,11.0,12.0,13.0,14.0,15.0,1.0,0.0,3.0,2.0,5.0,4.0,7.0,6.0,9.0,8.0,11.0,10.0,13.0,12.0,15.0,14.0,2.0,3.0,1.0,0.0,6.0,7.0,4.0,5.0,10.0,11.0,9.0,8.0,14.0,15.0,12.0,13.0,3.0,2.0,0.0,1.0,7.0,6.0,5.0,4.0,11.0,10.0,8.0,9.0,15.0,14.0,13.0,12.0,4.0,5.0,7.0,6.0,3.0,2.0,0.0,1.0,12.0,13.0,15.0,14.0,9.0,10.0,11.0,8.0,5.0,4.0,6.0,7.0,2.0,3.0,1.0,0.0,13.0,12.0,14.0,15.0,10.0,9.0,8.0,11.0,6.0,7.0,5.0,4.0,0.0,1.0,3.0,2.0,14.0,15.0,12.0,13.0,11.0,8.0,9.0,10.0,7.0,6.0,4.0,5.0,1.0,0.0,2.0,3.0,15.0,14.0,13.0,12.0,8.0,11.0,10.0,9.0,8.0,9.0,10.0,11.0,12.0,13.0,14.0,15.0,0.0,1.0,2.0,3.0,4.0,5.0,6.0,7.0,9.0,8.0,11.0,10.0,13.0,12.0,15.0,14.0,1.0,0.0,3.0,2.0,5.0,4.0,7.0,6.0,10.0,11.0,9.0,8.0,14.0,15.0,12.0,13.0,2.0,3.0,0.0,1.0,7.0,6.0,5.0,4.0,11.0,10.0,8.0,9.0,15.0,14.0,13.0,12.0,3.0,2.0,1.0,0.0,6.0,7.0,4.0,5.0,12.0,13.0,14.0,15.0,9.0,8.0,11.0,10.0,4.0,5.0,7.0,6.0,0.0,1.0,3.0,2.0,13.0,12.0,15.0,14.0,8.0,9.0,10.0,11.0,5.0,4.0,6.0,7.0,1.0,0.0,2.0,3.0,14.0,15.0,12.0,13.0,11.0,10.0,9.0,8.0,6.0,7.0,5.0,4.0,3.0,2.0,0.0,1.0,15.0,14.0,13.0,12.0,10.0,11.0,8.0,9.0,7.0,6.0,4.0,5.0,2.0,3.0,1.0,0.0
306069,65495,11,multi_DTransversal_0_2025-06-08_22_24_46_270370_1,1749421824,5,1,5,225.2656,227.827835,0,1000000000.0,10858496.0,6524928.0,6241.0,3600000000000.0,86400000000000.0,500000000.0,1000000000.0,1749421486,604800,0,0,0,8,GenuineIntel,Intel(R) Xeon(R) CPU E5-2695 v2 @ 2.40GHz [Family 6 Model 62 Stepping 4],1000000000.0,1000000000.0,1000000000.0,Microsoft Windows 10,"Enterprise LTSB x64 Edition, (10.00.19044.00)",17171070976.0,262144.0,19721207808.0,47715450880.0,12050235392.0,48026194.0,171008.0,31952040963.26,55829988.834023,31583643.413455,0.0,1.0,0.0,0.931986,0,0.0,0.0,1.0,2.0,3.0,4.0,5.0,6.0,7.0,8.0,9.0,10.0,11.0,12.0,13.0,14.0,15.0,1.0,0.0,3.0,2.0,5.0,4.0,7.0,6.0,9.0,8.0,11.0,10.0,13.0,12.0,15.0,14.0,2.0,3.0,1.0,0.0,6.0,7.0,4.0,5.0,10.0,11.0,9.0,8.0,14.0,15.0,12.0,13.0,3.0,2.0,0.0,1.0,7.0,6.0,5.0,4.0,11.0,10.0,8.0,9.0,15.0,14.0,13.0,12.0,4.0,5.0,7.0,6.0,3.0,2.0,0.0,1.0,12.0,13.0,15.0,14.0,9.0,10.0,11.0,8.0,5.0,4.0,6.0,7.0,2.0,3.0,1.0,0.0,13.0,12.0,14.0,15.0,10.0,9.0,8.0,11.0,6.0,7.0,5.0,4.0,0.0,1.0,3.0,2.0,14.0,15.0,12.0,13.0,11.0,8.0,9.0,10.0,7.0,6.0,4.0,5.0,1.0,0.0,2.0,3.0,15.0,14.0,13.0,12.0,8.0,11.0,10.0,9.0,8.0,9.0,10.0,11.0,12.0,13.0,14.0,15.0,0.0,1.0,2.0,3.0,4.0,5.0,6.0,7.0,9.0,8.0,11.0,10.0,13.0,12.0,15.0,14.0,1.0,0.0,3.0,2.0,5.0,4.0,7.0,6.0,10.0,11.0,9.0,8.0,14.0,15.0,12.0,13.0,2.0,3.0,0.0,1.0,7.0,6.0,5.0,4.0,11.0,10.0,8.0,9.0,15.0,14.0,13.0,12.0,3.0,2.0,1.0,0.0,6.0,7.0,4.0,5.0,12.0,13.0,14.0,15.0,9.0,8.0,11.0,10.0,4.0,5.0,7.0,6.0,0.0,1.0,3.0,2.0,13.0,12.0,15.0,14.0,8.0,9.0,10.0,11.0,5.0,4.0,6.0,7.0,1.0,0.0,2.0,3.0,14.0,15.0,12.0,13.0,11.0,10.0,9.0,8.0,6.0,7.0,5.0,4.0,3.0,2.0,0.0,1.0,15.0,14.0,13.0,12.0,10.0,11.0,8.0,9.0,7.0,6.0,4.0,5.0,2.0,3.0,1.0,0.0
306071,65496,13,multi_DTransversal_1_2025-06-08_22_24_46_354123_0,1749421824,5,1,5,221.3594,223.60537,0,1000000000.0,10809344.0,6520832.0,6239.0,3600000000000.0,86400000000000.0,500000000.0,1000000000.0,1749421486,604800,0,0,0,8,GenuineIntel,Intel(R) Xeon(R) CPU E5-2695 v2 @ 2.40GHz [Family 6 Model 62 Stepping 4],1000000000.0,1000000000.0,1000000000.0,Microsoft Windows 10,"Enterprise LTSB x64 Edition, (10.00.19044.00)",17171070976.0,262144.0,19721207808.0,47715450880.0,12161384448.0,47854504.0,0.0,14603537759.36,60997332.301195,14493303.268338,0.0,1.0,0.0,0.931104,0,0.0,0.0,1.0,2.0,3.0,4.0,5.0,6.0,7.0,8.0,9.0,10.0,11.0,12.0,13.0,14.0,15.0,1.0,0.0,3.0,2.0,5.0,4.0,7.0,6.0,9.0,8.0,11.0,10.0,13.0,12.0,15.0,14.0,2.0,3.0,1.0,0.0,6.0,7.0,4.0,5.0,10.0,11.0,9.0,8.0,14.0,15.0,12.0,13.0,3.0,2.0,0.0,1.0,7.0,6.0,5.0,4.0,11.0,10.0,8.0,9.0,15.0,14.0,13.0,12.0,4.0,6.0,5.0,7.0,2.0,0.0,3.0,1.0,12.0,13.0,15.0,14.0,11.0,10.0,8.0,9.0,5.0,7.0,4.0,6.0,3.0,1.0,2.0,0.0,13.0,12.0,14.0,15.0,10.0,11.0,9.0,8.0,6.0,4.0,7.0,5.0,0.0,2.0,1.0,3.0,14.0,15.0,13.0,12.0,8.0,9.0,11.0,10.0,7.0,5.0,6.0,4.0,1.0,3.0,0.0,2.0,15.0,14.0,12.0,13.0,9.0,8.0,10.0,11.0,8.0,9.0,10.0,11.0,12.0,13.0,14.0,15.0,0.0,1.0,2.0,3.0,4.0,5.0,6.0,7.0,9.0,8.0,11.0,10.0,13.0,12.0,15.0,14.0,1.0,0.0,3.0,2.0,5.0,4.0,7.0,6.0,10.0,11.0,9.0,8.0,14.0,15.0,12.0,13.0,2.0,3.0,1.0,0.0,6.0,7.0,4.0,5.0,11.0,10.0,8.0,9.0,15.0,14.0,13.0,12.0,3.0,2.0,0.0,1.0,7.0,6.0,5.0,4.0,12.0,13.0,15.0,14.0,9.0,10.0,11.0,8.0,4.0,5.0,6.0,7.0,1.0,0.0,3.0,2.0,13.0,12.0,14.0,15.0,10.0,9.0,8.0,11.0,5.0,4.0,7.0,6.0,0.0,1.0,2.0,3.0,14.0,15.0,12.0,13.0,11.0,8.0,9.0,10.0,6.0,7.0,4.0,5.0,3.0,2.0,1.0,0.0,15.0,14.0,13.0,12.0,8.0,11.0,10.0,9.0,7.0,6.0,5.0,4.0,2.0,3.0,0.0,1.0
306072,65496,13,multi_DTransversal_1_2025-06-08_22_24_46_354123_1,1749421824,5,1,5,220.8906,222.625008,0,1000000000.0,10805248.0,6520832.0,6239.0,3600000000000.0,86400000000000.0,500000000.0,1000000000.0,1749421486,604800,0,0,0,8,GenuineIntel,Intel(R) Xeon(R) CPU E5-2695 v2 @ 2.40GHz [Family 6 Model 62 Stepping 4],1000000000.0,1000000000.0,1000000000.0,Microsoft Windows 10,"Enterprise LTSB x64 Edition, (10.00.19044.00)",17171070976.0,262144.0,19721207808.0,47715450880.0,12161384448.0,47854504.0,0.0,14603537759.36,60997332.301195,14493303.268338,0.0,1.0,0.0,0.931104,0,0.0,0.0,1.0,2.0,3.0,4.0,5.0,6.0,7.0,8.0,9.0,10.0,11.0,12.0,13.0,14.0,15.0,1.0,0.0,3.0,2.0,5.0,4.0,7.0,6.0,9.0,8.0,11.0,10.0,13.0,12.0,15.0,14.0,2.0,3.0,1.0,0.0,6.0,7.0,4.0,5.0,10.0,11.0,9.0,8.0,14.0,15.0,12.0,13.0,3.0,2.0,0.0,1.0,7.0,6.0,5.0,4.0,11.0,10.0,8.0,9.0,15.0,14.0,13.0,12.0,4.0,6.0,5.0,7.0,2.0,0.0,3.0,1.0,12.0,13.0,15.0,14.0,11.0,10.0,8.0,9.0,5.0,7.0,4.0,6.0,3.0,1.0,2.0,0.0,13.0,12.0,14.0,15.0,10.0,11.0,9.0,8.0,6.0,4.0,7.0,5.0,0.0,2.0,1.0,3.0,14.0,15.0,13.0,12.0,8.0,9.0,11.0,10.0,7.0,5.0,6.0,4.0,1.0,3.0,0.0,2.0,15.0,14.0,12.0,13.0,9.0,8.0,10.0,11.0,8.0,9.0,10.0,11.0,12.0,13.0,14.0,15.0,0.0,1.0,2.0,3.0,4.0,5.0,6.0,7.0,9.0,8.0,11.0,10.0,13.0,12.0,15.0,14.0,1.0,0.0,3.0,2.0,5.0,4.0,7.0,6.0,10.0,11.0,9.0,8.0,14.0,15.0,12.0,13.0,2.0,3.0,1.0,0.0,6.0,7.0,4.0,5.0,11.0,10.0,8.0,9.0,15.0,14.0,13.0,12.0,3.0,2.0,0.0,1.0,7.0,6.0,5.0,4.0,12.0,13.0,15.0,14.0,9.0,10.0,11.0,8.0,4.0,5.0,6.0,7.0,1.0,0.0,3.0,2.0,13.0,12.0,14.0,15.0,10.0,9.0,8.0,11.0,5.0,4.0,7.0,6.0,0.0,1.0,2.0,3.0,14.0,15.0,12.0,13.0,11.0,8.0,9.0,10.0,6.0,7.0,4.0,5.0,3.0,2.0,1.0,0.0,15.0,14.0,13.0,12.0,8.0,11.0,10.0,9.0,7.0,6.0,5.0,4.0,2.0,3.0,0.0,1.0
306073,65496,13,multi_DTransversal_1_2025-06-08_22_24_46_354123_2,1749421824,5,1,5,224.6875,225.593752,0,1000000000.0,10825728.0,6520832.0,6240.0,3600000000000.0,86400000000000.0,500000000.0,1000000000.0,1749421486,604800,0,0,0,8,GenuineIntel,Intel(R) Xeon(R) CPU E5-2695 v2 @ 2.40GHz [Family 6 Model 62 Stepping 4],1000000000.0,1000000000.0,1000000000.0,Microsoft Windows 10,"Enterprise LTSB x64 Edition, (10.00.19044.00)",17171070976.0,262144.0,19721207808.0,47715450880.0,12161384448.0,47854504.0,0.0,14603537759.36,60997332.301195,14493303.268338,0.0,1.0,0.0,0.931104,0,0.0,0.0,1.0,2.0,3.0,4.0,5.0,6.0,7.0,8.0,9.0,10.0,11.0,12.0,13.0,14.0,15.0,1.0,0.0,3.0,2.0,5.0,4.0,7.0,6.0,9.0,8.0,11.0,10.0,13.0,12.0,15.0,14.0,2.0,3.0,1.0,0.0,6.0,7.0,4.0,5.0,10.0,11.0,9.0,8.0,14.0,15.0,12.0,13.0,3.0,2.0,0.0,1.0,7.0,6.0,5.0,4.0,11.0,10.0,8.0,9.0,15.0,14.0,13.0,12.0,4.0,6.0,5.0,7.0,2.0,0.0,3.0,1.0,12.0,13.0,15.0,14.0,11.0,10.0,8.0,9.0,5.0,7.0,4.0,6.0,3.0,1.0,2.0,0.0,13.0,12.0,14.0,15.0,10.0,11.0,9.0,8.0,6.0,4.0,7.0,5.0,0.0,2.0,1.0,3.0,14.0,15.0,13.0,12.0,8.0,9.0,11.0,10.0,7.0,5.0,6.0,4.0,1.0,3.0,0.0,2.0,15.0,14.0,12.0,13.0,9.0,8.0,10.0,11.0,8.0,9.0,10.0,11.0,12.0,13.0,14.0,15.0,0.0,1.0,2.0,3.0,4.0,5.0,6.0,7.0,9.0,8.0,11.0,10.0,13.0,12.0,15.0,14.0,1.0,0.0,3.0,2.0,5.0,4.0,7.0,6.0,10.0,11.0,9.0,8.0,14.0,15.0,12.0,13.0,2.0,3.0,1.0,0.0,6.0,7.0,4.0,5.0,11.0,10.0,8.0,9.0,15.0,14.0,13.0,12.0,3.0,2.0,0.0,1.0,7.0,6.0,5.0,4.0,12.0,13.0,15.0,14.0,9.0,10.0,11.0,8.0,4.0,5.0,6.0,7.0,1.0,0.0,3.0,2.0,13.0,12.0,14.0,15.0,10.0,9.0,8.0,11.0,5.0,4.0,7.0,6.0,0.0,1.0,2.0,3.0,14.0,15.0,12.0,13.0,11.0,8.0,9.0,10.0,6.0,7.0,4.0,5.0,3.0,2.0,1.0,0.0,15.0,14.0,13.0,12.0,8.0,11.0,10.0,9.0,7.0,6.0,5.0,4.0,2.0,3.0,0.0,1.0
306074,65497,13,multi_DTransversal_2_2025-06-08_22_24_46_410477_0,1749421824,5,1,5,224.5469,226.578125,0,1000000000.0,10797056.0,6504448.0,6239.0,3600000000000.0,86400000000000.0,500000000.0,1000000000.0,1749421486,604800,0,0,0,8,GenuineIntel,Intel(R) Xeon(R) CPU E5-2695 v2 @ 2.40GHz [Family 6 Model 62 Stepping 4],1000000000.0,1000000000.0,1000000000.0,Microsoft Windows 10,"Enterprise LTSB x64 Edition, (10.00.19044.00)",17171070976.0,262144.0,19721207808.0,47715450880.0,12161384448.0,47854504.0,0.0,14603537759.36,60997332.301195,14493303.268338,0.0,1.0,0.0,0.931104,0,0.0,0.0,1.0,2.0,3.0,4.0,5.0,6.0,7.0,8.0,9.0,10.0,11.0,12.0,13.0,14.0,15.0,1.0,0.0,3.0,2.0,5.0,4.0,7.0,6.0,9.0,8.0,11.0,10.0,13.0,12.0,15.0,14.0,2.0,3.0,1.0,0.0,6.0,7.0,4.0,5.0,10.0,11.0,9.0,8.0,14.0,15.0,12.0,13.0,3.0,2.0,0.0,1.0,7.0,6.0,5.0,4.0,11.0,10.0,8.0,9.0,15.0,14.0,13.0,12.0,4.0,6.0,5.0,7.0,3.0,0.0,2.0,1.0,12.0,14.0,13.0,15.0,10.0,8.0,11.0,9.0,5.0,7.0,4.0,6.0,2.0,1.0,3.0,0.0,13.0,15.0,12.0,14.0,11.0,9.0,10.0,8.0,6.0,4.0,7.0,5.0,0.0,3.0,1.0,2.0,14.0,12.0,15.0,13.0,8.0,10.0,9.0,11.0,7.0,5.0,6.0,4.0,1.0,2.0,0.0,3.0,15.0,13.0,14.0,12.0,9.0,11.0,8.0,10.0,8.0,9.0,10.0,11.0,12.0,13.0,14.0,15.0,0.0,1.0,2.0,3.0,4.0,5.0,6.0,7.0,9.0,8.0,11.0,10.0,13.0,12.0,15.0,14.0,1.0,0.0,3.0,2.0,5.0,4.0,7.0,6.0,10.0,11.0,9.0,8.0,14.0,15.0,12.0,13.0,2.0,3.0,1.0,0.0,6.0,7.0,4.0,5.0,11.0,10.0,8.0,9.0,15.0,14.0,13.0,12.0,3.0,2.0,0.0,1.0,7.0,6.0,5.0,4.0,12.0,13.0,15.0,14.0,11.0,10.0,8.0,9.0,4.0,5.0,7.0,6.0,1.0,2.0,3.0,0.0,13.0,12.0,14.0,15.0,10.0,11.0,9.0,8.0,5.0,4.0,6.0,7.0,2.0,1.0,0.0,3.0,14.0,15.0,13.0,12.0,8.0,9.0,11.0,10.0,6.0,7.0,4.0,5.0,3.0,0.0,1.0,2.0,15.0,14.0,12.0,13.0,9.0,8.0,10.0,11.0,7.0,6.0,5.0,4.0,0.0,3.0,2.0,1.0
306075,65497,14,multi_DTransversal_2_2025-06-08_22_24_46_410477_1,1749421824,5,1,5,223.5625,225.736061,0,1000000000.0,10825728.0,6557696.0,6240.0,3600000000000.0,86400000000000.0,500000000.0,1000000000.0,1749421486,604800,0,0,0,8,GenuineIntel,Intel(R) Xeon(R) CPU E5-2695 v2 @ 2.40GHz [Family 6 Model 62 Stepping 4],1000000000.0,1000000000.0,1000000000.0,Microsoft Windows 10,"Enterprise LTSB x64 Edition, (10.00.19044.00)",17171070976.0,262144.0,19721207808.0,47715450880.0,12043943936.0,50470565.0,171008.0,14504363335.66,50555456.420003,25813395.198889,0.0,1.0,0.0,0.932014,0,0.0,0.0,1.0,2.0,3.0,4.0,5.0,6.0,7.0,8.0,9.0,10.0,11.0,12.0,13.0,14.0,15.0,1.0,0.0,3.0,2.0,5.0,4.0,7.0,6.0,9.0,8.0,11.0,10.0,13.0,12.0,15.0,14.0,2.0,3.0,1.0,0.0,6.0,7.0,4.0,5.0,10.0,11.0,9.0,8.0,14.0,15.0,12.0,13.0,3.0,2.0,0.0,1.0,7.0,6.0,5.0,4.0,11.0,10.0,8.0,9.0,15.0,14.0,13.0,12.0,4.0,6.0,5.0,7.0,3.0,0.0,2.0,1.0,12.0,14.0,13.0,15.0,10.0,8.0,11.0,9.0,5.0,7.0,4.0,6.0,2.0,1.0,3.0,0.0,13.0,15.0,12.0,14.0,11.0,9.0,10.0,8.0,6.0,4.0,7.0,5.0,0.0,3.0,1.0,2.0,14.0,12.0,15.0,13.0,8.0,10.0,9.0,11.0,7.0,5.0,6.0,4.0,1.0,2.0,0.0,3.0,15.0,13.0,14.0,12.0,9.0,11.0,8.0,10.0,8.0,9.0,10.0,11.0,12.0,13.0,14.0,15.0,0.0,1.0,2.0,3.0,4.0,5.0,6.0,7.0,9.0,8.0,11.0,10.0,13.0,12.0,15.0,14.0,1.0,0.0,3.0,2.0,5.0,4.0,7.0,6.0,10.0,11.0,9.0,8.0,14.0,15.0,12.0,13.0,2.0,3.0,1.0,0.0,6.0,7.0,4.0,5.0,11.0,10.0,8.0,9.0,15.0,14.0,13.0,12.0,3.0,2.0,0.0,1.0,7.0,6.0,5.0,4.0,12.0,13.0,15.0,14.0,11.0,10.0,8.0,9.0,4.0,5.0,7.0,6.0,1.0,2.0,3.0,0.0,13.0,12.0,14.0,15.0,10.0,11.0,9.0,8.0,5.0,4.0,6.0,7.0,2.0,1.0,0.0,3.0,14.0,15.0,13.0,12.0,8.0,9.0,11.0,10.0,6.0,7.0,4.0,5.0,3.0,0.0,1.0,2.0,15.0,14.0,12.0,13.0,9.0,8.0,10.0,11.0,7.0,6.0,5.0,4.0,0.0,3.0,2.0,1.0
306076,65497,14,multi_DTransversal_2_2025-06-08_22_24_46_410477_2,1749421824,5,1,5,223.3125,225.796869,0,1000000000.0,10809344.0,6537216.0,6240.0,3600000000000.0,86400000000000.0,500000000.0,1000000000.0,1749421486,604800,0,0,0,8,GenuineIntel,Intel(R) Xeon(R) CPU E5-2695 v2 @ 2.40GHz [Family 6 Model 62 Stepping 4],1000000000.0,1000000000.0,1000000000.0,Microsoft Windows 10,"Enterprise LTSB x64 Edition, (10.00.19044.00)",17171070976.0,262144.0,19721207808.0,47715450880.0,12043943936.0,50470565.0,171008.0,14504363335.66,50555456.420003,25813395.198889,0.0,1.0,0.0,0.932014,0,0.0,0.0,1.0,2.0,3.0,4.0,5.0,6.0,7.0,8.0,9.0,10.0,11.0,12.0,13.0,14.0,15.0,1.0,0.0,3.0,2.0,5.0,4.0,7.0,6.0,9.0,8.0,11.0,10.0,13.0,12.0,15.0,14.0,2.0,3.0,1.0,0.0,6.0,7.0,4.0,5.0,10.0,11.0,9.0,8.0,14.0,15.0,12.0,13.0,3.0,2.0,0.0,1.0,7.0,6.0,5.0,4.0,11.0,10.0,8.0,9.0,15.0,14.0,13.0,12.0,4.0,6.0,5.0,7.0,3.0,0.0,2.0,1.0,12.0,14.0,13.0,15.0,10.0,8.0,11.0,9.0,5.0,7.0,4.0,6.0,2.0,1.0,3.0,0.0,13.0,15.0,12.0,14.0,11.0,9.0,10.0,8.0,6.0,4.0,7.0,5.0,0.0,3.0,1.0,2.0,14.0,12.0,15.0,13.0,8.0,10.0,9.0,11.0,7.0,5.0,6.0,4.0,1.0,2.0,0.0,3.0,15.0,13.0,14.0,12.0,9.0,11.0,8.0,10.0,8.0,9.0,10.0,11.0,12.0,13.0,14.0,15.0,0.0,1.0,2.0,3.0,4.0,5.0,6.0,7.0,9.0,8.0,11.0,10.0,13.0,12.0,15.0,14.0,1.0,0.0,3.0,2.0,5.0,4.0,7.0,6.0,10.0,11.0,9.0,8.0,14.0,15.0,12.0,13.0,2.0,3.0,1.0,0.0,6.0,7.0,4.0,5.0,11.0,10.0,8.0,9.0,15.0,14.0,13.0,12.0,3.0,2.0,0.0,1.0,7.0,6.0,5.0,4.0,12.0,13.0,15.0,14.0,11.0,10.0,8.0,9.0,4.0,5.0,7.0,6.0,1.0,2.0,3.0,0.0,13.0,12.0,14.0,15.0,10.0,11.0,9.0,8.0,5.0,4.0,6.0,7.0,2.0,1.0,0.0,3.0,14.0,15.0,13.0,12.0,8.0,9.0,11.0,10.0,6.0,7.0,4.0,5.0,3.0,0.0,1.0,2.0,15.0,14.0,12.0,13.0,9.0,8.0,10.0,11.0,7.0,6.0,5.0,4.0,0.0,3.0,2.0,1.0
306081,65499,13,multi_DTransversal_4_2025-06-08_22_24_46_524598_1,1749421824,5,1,5,219.0781,221.589748,0,1000000000.0,10805248.0,6520832.0,6240.0,3600000000000.0,86400000000000.0,500000000.0,1000000000.0,1749421486,604800,0,0,0,8,GenuineIntel,Intel(R) Xeon(R) CPU E5-2695 v2 @ 2.40GHz [Family 6 Model 62 Stepping 4],1000000000.0,1000000000.0,1000000000.0,Microsoft Windows 10,"Enterprise LTSB x64 Edition, (10.00.19044.00)",17171070976.0,262144.0,19721207808.0,47715450880.0,12161384448.0,47854504.0,0.0,14603537759.36,60997332.301195,14493303.268338,0.0,1.0,0.0,0.931104,0,0.0,0.0,1.0,2.0,3.0,4.0,5.0,6.0,7.0,8.0,9.0,10.0,11.0,12.0,13.0,14.0,15.0,1.0,0.0,3.0,2.0,5.0,4.0,7.0,6.0,9.0,8.0,11.0,10.0,13.0,12.0,15.0,14.0,2.0,3.0,1.0,0.0,6.0,7.0,4.0,5.0,10.0,11.0,9.0,8.0,14.0,15.0,12.0,13.0,3.0,2.0,0.0,1.0,7.0,6.0,5.0,4.0,11.0,10.0,8.0,9.0,15.0,14.0,13.0,12.0,4.0,7.0,6.0,5.0,1.0,3.0,2.0,0.0,12.0,15.0,13.0,14.0,9.0,11.0,10.0,8.0,5.0,6.0,7.0,4.0,0.0,2.0,3.0,1.0,13.0,14.0,12.0,15.0,8.0,10.0,11.0,9.0,6.0,5.0,4.0,7.0,2.0,1.0,0.0,3.0,14.0,13.0,15.0,12.0,11.0,8.0,9.0,10.0,7.0,4.0,5.0,6.0,3.0,0.0,1.0,2.0,15.0,12.0,14.0,13.0,10.0,9.0,8.0,11.0,8.0,9.0,10.0,11.0,12.0,13.0,14.0,15.0,0.0,1.0,2.0,3.0,4.0,5.0,6.0,7.0,9.0,8.0,11.0,10.0,13.0,12.0,15.0,14.0,1.0,0.0,3.0,2.0,5.0,4.0,7.0,6.0,10.0,11.0,9.0,8.0,14.0,15.0,12.0,13.0,2.0,3.0,1.0,0.0,6.0,7.0,4.0,5.0,11.0,10.0,8.0,9.0,15.0,14.0,13.0,12.0,3.0,2.0,0.0,1.0,7.0,6.0,5.0,4.0,12.0,14.0,13.0,15.0,11.0,8.0,10.0,9.0,4.0,6.0,5.0,7.0,2.0,0.0,3.0,1.0,13.0,15.0,12.0,14.0,10.0,9.0,11.0,8.0,5.0,7.0,4.0,6.0,3.0,1.0,2.0,0.0,14.0,12.0,15.0,13.0,8.0,11.0,9.0,10.0,6.0,4.0,7.0,5.0,0.0,2.0,1.0,3.0,15.0,13.0,14.0,12.0,9.0,10.0,8.0,11.0,7.0,5.0,6.0,4.0,1.0,3.0,0.0,2.0
306083,65500,12,multi_DTransversal_5_2025-06-08_22_24_46_654361_0,1749421824,5,1,5,227.2188,228.953159,0,1000000000.0,11046912.0,6512640.0,6238.0,3600000000000.0,86400000000000.0,500000000.0,1000000000.0,1749421486,604800,0,0,0,8,GenuineIntel,Intel(R) Xeon(R) CPU E5-2695 v2 @ 2.40GHz [Family 6 Model 62 Stepping 4],1000000000.0,1000000000.0,1000000000.0,Microsoft Windows 10,"Enterprise LTSB x64 Edition, (10.00.19044.00)",25761005568.0,262144.0,29519101952.0,47715450880.0,9854517248.0,50332470.0,0.0,13190576267.66,47277768.885526,29243555.256756,0.0,1.0,0.0,0.926923,0,0.0,0.0,1.0,2.0,3.0,4.0,5.0,6.0,7.0,8.0,9.0,10.0,11.0,12.0,13.0,14.0,15.0,1.0,0.0,3.0,2.0,5.0,4.0,7.0,6.0,9.0,8.0,11.0,10.0,13.0,12.0,15.0,14.0,2.0,3.0,1.0,0.0,6.0,7.0,5.0,4.0,10.0,11.0,9.0,8.0,14.0,15.0,12.0,13.0,3.0,2.0,0.0,1.0,7.0,6.0,4.0,5.0,11.0,10.0,8.0,9.0,15.0,14.0,13.0,12.0,4.0,5.0,6.0,7.0,1.0,0.0,2.0,3.0,12.0,15.0,14.0,13.0,9.0,11.0,10.0,8.0,5.0,4.0,7.0,6.0,0.0,1.0,3.0,2.0,13.0,14.0,15.0,12.0,8.0,10.0,11.0,9.0,6.0,7.0,4.0,5.0,2.0,3.0,1.0,0.0,14.0,13.0,12.0,15.0,10.0,9.0,8.0,11.0,7.0,6.0,5.0,4.0,3.0,2.0,0.0,1.0,15.0,12.0,13.0,14.0,11.0,8.0,9.0,10.0,8.0,9.0,10.0,11.0,12.0,13.0,14.0,15.0,0.0,1.0,2.0,3.0,4.0,5.0,6.0,7.0,9.0,8.0,11.0,10.0,13.0,12.0,15.0,14.0,1.0,0.0,3.0,2.0,5.0,4.0,7.0,6.0,10.0,11.0,9.0,8.0,14.0,15.0,12.0,13.0,2.0,3.0,1.0,0.0,6.0,7.0,4.0,5.0,11.0,10.0,8.0,9.0,15.0,14.0,13.0,12.0,3.0,2.0,0.0,1.0,7.0,6.0,5.0,4.0,12.0,15.0,13.0,14.0,9.0,11.0,10.0,8.0,4.0,6.0,5.0,7.0,3.0,0.0,2.0,1.0,13.0,14.0,12.0,15.0,8.0,10.0,11.0,9.0,5.0,7.0,4.0,6.0,2.0,1.0,3.0,0.0,14.0,13.0,15.0,12.0,11.0,8.0,9.0,10.0,6.0,4.0,7.0,5.0,0.0,3.0,1.0,2.0,15.0,12.0,14.0,13.0,10.0,9.0,8.0,11.0,7.0,5.0,6.0,4.0,1.0,2.0,0.0,3.0
306084,65500,12,multi_DTransversal_5_2025-06-08_22_24_46_654361_1,1749421824,5,1,5,225.6094,227.98439,0,1000000000.0,11042816.0,6520832.0,6239.0,3600000000000.0,86400000000000.0,500000000.0,1000000000.0,1749421486,604800,0,0,0,8,GenuineIntel,Intel(R) Xeon(R) CPU E5-2695 v2 @ 2.40GHz [Family 6 Model 62 Stepping 4],1000000000.0,1000000000.0,1000000000.0,Microsoft Windows 10,"Enterprise LTSB x64 Edition, (10.00.19044.00)",25761005568.0,262144.0,29519101952.0,47715450880.0,9854517248.0,50332470.0,0.0,13190576267.66,47277768.885526,29243555.256756,0.0,1.0,0.0,0.926923,0,0.0,0.0,1.0,2.0,3.0,4.0,5.0,6.0,7.0,8.0,9.0,10.0,11.0,12.0,13.0,14.0,15.0,1.0,0.0,3.0,2.0,5.0,4.0,7.0,6.0,9.0,8.0,11.0,10.0,13.0,12.0,15.0,14.0,2.0,3.0,1.0,0.0,6.0,7.0,5.0,4.0,10.0,11.0,9.0,8.0,14.0,15.0,12.0,13.0,3.0,2.0,0.0,1.0,7.0,6.0,4.0,5.0,11.0,10.0,8.0,9.0,15.0,14.0,13.0,12.0,4.0,5.0,6.0,7.0,1.0,0.0,2.0,3.0,12.0,15.0,14.0,13.0,9.0,11.0,10.0,8.0,5.0,4.0,7.0,6.0,0.0,1.0,3.0,2.0,13.0,14.0,15.0,12.0,8.0,10.0,11.0,9.0,6.0,7.0,4.0,5.0,2.0,3.0,1.0,0.0,14.0,13.0,12.0,15.0,10.0,9.0,8.0,11.0,7.0,6.0,5.0,4.0,3.0,2.0,0.0,1.0,15.0,12.0,13.0,14.0,11.0,8.0,9.0,10.0,8.0,9.0,10.0,11.0,12.0,13.0,14.0,15.0,0.0,1.0,2.0,3.0,4.0,5.0,6.0,7.0,9.0,8.0,11.0,10.0,13.0,12.0,15.0,14.0,1.0,0.0,3.0,2.0,5.0,4.0,7.0,6.0,10.0,11.0,9.0,8.0,14.0,15.0,12.0,13.0,2.0,3.0,1.0,0.0,6.0,7.0,4.0,5.0,11.0,10.0,8.0,9.0,15.0,14.0,13.0,12.0,3.0,2.0,0.0,1.0,7.0,6.0,5.0,4.0,12.0,15.0,13.0,14.0,9.0,11.0,10.0,8.0,4.0,6.0,5.0,7.0,3.0,0.0,2.0,1.0,13.0,14.0,12.0,15.0,8.0,10.0,11.0,9.0,5.0,7.0,4.0,6.0,2.0,1.0,3.0,0.0,14.0,13.0,15.0,12.0,11.0,8.0,9.0,10.0,6.0,4.0,7.0,5.0,0.0,3.0,1.0,2.0,15.0,12.0,14.0,13.0,10.0,9.0,8.0,11.0,7.0,5.0,6.0,4.0,1.0,2.0,0.0,3.0
306085,65500,12,multi_DTransversal_5_2025-06-08_22_24_46_654361_2,1749421824,5,1,5,225.0625,227.906254,0,1000000000.0,11051008.0,6516736.0,6238.0,3600000000000.0,86400000000000.0,500000000.0,1000000000.0,1749421486,604800,0,0,0,8,GenuineIntel,Intel(R) Xeon(R) CPU E5-2695 v2 @ 2.40GHz [Family 6 Model 62 Stepping 4],1000000000.0,1000000000.0,1000000000.0,Microsoft Windows 10,"Enterprise LTSB x64 Edition, (10.00.19044.00)",25761005568.0,262144.0,29519101952.0,47715450880.0,9854517248.0,50332470.0,0.0,13190576267.66,47277768.885526,29243555.256756,0.0,1.0,0.0,0.926923,0,0.0,0.0,1.0,2.0,3.0,4.0,5.0,6.0,7.0,8.0,9.0,10.0,11.0,12.0,13.0,14.0,15.0,1.0,0.0,3.0,2.0,5.0,4.0,7.0,6.0,9.0,8.0,11.0,10.0,13.0,12.0,15.0,14.0,2.0,3.0,1.0,0.0,6.0,7.0,5.0,4.0,10.0,11.0,9.0,8.0,14.0,15.0,12.0,13.0,3.0,2.0,0.0,1.0,7.0,6.0,4.0,5.0,11.0,10.0,8.0,9.0,15.0,14.0,13.0,12.0,4.0,5.0,6.0,7.0,1.0,0.0,2.0,3.0,12.0,15.0,14.0,13.0,9.0,11.0,10.0,8.0,5.0,4.0,7.0,6.0,0.0,1.0,3.0,2.0,13.0,14.0,15.0,12.0,8.0,10.0,11.0,9.0,6.0,7.0,4.0,5.0,2.0,3.0,1.0,0.0,14.0,13.0,12.0,15.0,10.0,9.0,8.0,11.0,7.0,6.0,5.0,4.0,3.0,2.0,0.0,1.0,15.0,12.0,13.0,14.0,11.0,8.0,9.0,10.0,8.0,9.0,10.0,11.0,12.0,13.0,14.0,15.0,0.0,1.0,2.0,3.0,4.0,5.0,6.0,7.0,9.0,8.0,11.0,10.0,13.0,12.0,15.0,14.0,1.0,0.0,3.0,2.0,5.0,4.0,7.0,6.0,10.0,11.0,9.0,8.0,14.0,15.0,12.0,13.0,2.0,3.0,1.0,0.0,6.0,7.0,4.0,5.0,11.0,10.0,8.0,9.0,15.0,14.0,13.0,12.0,3.0,2.0,0.0,1.0,7.0,6.0,5.0,4.0,12.0,15.0,13.0,14.0,9.0,11.0,10.0,8.0,4.0,6.0,5.0,7.0,3.0,0.0,2.0,1.0,13.0,14.0,12.0,15.0,8.0,10.0,11.0,9.0,5.0,7.0,4.0,6.0,2.0,1.0,3.0,0.0,14.0,13.0,15.0,12.0,11.0,8.0,9.0,10.0,6.0,4.0,7.0,5.0,0.0,3.0,1.0,2.0,15.0,12.0,14.0,13.0,10.0,9.0,8.0,11.0,7.0,5.0,6.0,4.0,1.0,2.0,0.0,3.0
306086,65501,12,multi_DTransversal_6_2025-06-08_22_24_46_711066_0,1749421824,5,1,5,241.7656,245.281263,0,1000000000.0,11046912.0,6520832.0,6238.0,3600000000000.0,86400000000000.0,500000000.0,1000000000.0,1749421486,604800,0,0,0,8,GenuineIntel,Intel(R) Xeon(R) CPU E5-2695 v2 @ 2.40GHz [Family 6 Model 62 Stepping 4],1000000000.0,1000000000.0,1000000000.0,Microsoft Windows 10,"Enterprise LTSB x64 Edition, (10.00.19044.00)",25761005568.0,262144.0,29519101952.0,47715450880.0,9854517248.0,50332470.0,0.0,13190576267.66,47277768.885526,29243555.256756,0.0,1.0,0.0,0.926923,0,0.0,0.0,1.0,2.0,3.0,4.0,5.0,6.0,7.0,8.0,9.0,10.0,11.0,12.0,13.0,14.0,15.0,1.0,0.0,3.0,2.0,5.0,4.0,7.0,6.0,9.0,8.0,11.0,10.0,13.0,12.0,15.0,14.0,2.0,3.0,1.0,0.0,6.0,7.0,5.0,4.0,10.0,11.0,9.0,8.0,14.0,15.0,13.0,12.0,3.0,2.0,0.0,1.0,7.0,6.0,4.0,5.0,11.0,10.0,8.0,9.0,15.0,14.0,12.0,13.0,4.0,5.0,6.0,7.0,1.0,0.0,3.0,2.0,12.0,13.0,14.0,15.0,9.0,8.0,10.0,11.0,5.0,4.0,7.0,6.0,0.0,1.0,2.0,3.0,13.0,12.0,15.0,14.0,8.0,9.0,11.0,10.0,6.0,7.0,4.0,5.0,2.0,3.0,0.0,1.0,14.0,15.0,12.0,13.0,10.0,11.0,9.0,8.0,7.0,6.0,5.0,4.0,3.0,2.0,1.0,0.0,15.0,14.0,13.0,12.0,11.0,10.0,8.0,9.0,8.0,9.0,10.0,11.0,12.0,13.0,14.0,15.0,0.0,1.0,2.0,3.0,4.0,5.0,6.0,7.0,9.0,8.0,11.0,10.0,13.0,12.0,15.0,14.0,1.0,0.0,3.0,2.0,5.0,4.0,7.0,6.0,10.0,11.0,9.0,8.0,14.0,15.0,12.0,13.0,2.0,3.0,1.0,0.0,6.0,7.0,4.0,5.0,11.0,10.0,8.0,9.0,15.0,14.0,13.0,12.0,3.0,2.0,0.0,1.0,7.0,6.0,5.0,4.0,12.0,15.0,14.0,13.0,9.0,11.0,10.0,8.0,4.0,7.0,5.0,6.0,1.0,3.0,2.0,0.0,13.0,14.0,15.0,12.0,8.0,10.0,11.0,9.0,5.0,6.0,4.0,7.0,0.0,2.0,3.0,1.0,14.0,13.0,12.0,15.0,10.0,9.0,8.0,11.0,6.0,5.0,7.0,4.0,3.0,0.0,1.0,2.0,15.0,12.0,13.0,14.0,11.0,8.0,9.0,10.0,7.0,4.0,6.0,5.0,2.0,1.0,0.0,3.0
306087,65501,15,multi_DTransversal_6_2025-06-08_22_24_46_711066_1,1749421824,5,1,5,234.7031,236.897182,0,1000000000.0,10809344.0,6529024.0,6235.0,3600000000000.0,86400000000000.0,500000000.0,1000000000.0,1749421486,604800,0,0,0,8,GenuineIntel,Intel(R) Xeon(R) CPU E5-2630 v3 @ 2.40GHz [Family 6 Model 63 Stepping 2],1000000000.0,1000000000.0,1000000000.0,Microsoft Windows 10,"Enterprise LTSB x64 Edition, (10.00.19044.00)",17171070976.0,262144.0,19721207808.0,47715450880.0,12169773056.0,41069893.0,0.0,14931112898.46,74228947.62302,14098642.125756,0.0,1.0,0.0,0.923155,0,0.0,0.0,1.0,2.0,3.0,4.0,5.0,6.0,7.0,8.0,9.0,10.0,11.0,12.0,13.0,14.0,15.0,1.0,0.0,3.0,2.0,5.0,4.0,7.0,6.0,9.0,8.0,11.0,10.0,13.0,12.0,15.0,14.0,2.0,3.0,1.0,0.0,6.0,7.0,5.0,4.0,10.0,11.0,9.0,8.0,14.0,15.0,13.0,12.0,3.0,2.0,0.0,1.0,7.0,6.0,4.0,5.0,11.0,10.0,8.0,9.0,15.0,14.0,12.0,13.0,4.0,5.0,6.0,7.0,1.0,0.0,3.0,2.0,12.0,13.0,14.0,15.0,9.0,8.0,10.0,11.0,5.0,4.0,7.0,6.0,0.0,1.0,2.0,3.0,13.0,12.0,15.0,14.0,8.0,9.0,11.0,10.0,6.0,7.0,4.0,5.0,2.0,3.0,0.0,1.0,14.0,15.0,12.0,13.0,10.0,11.0,9.0,8.0,7.0,6.0,5.0,4.0,3.0,2.0,1.0,0.0,15.0,14.0,13.0,12.0,11.0,10.0,8.0,9.0,8.0,9.0,10.0,11.0,12.0,13.0,14.0,15.0,0.0,1.0,2.0,3.0,4.0,5.0,6.0,7.0,9.0,8.0,11.0,10.0,13.0,12.0,15.0,14.0,1.0,0.0,3.0,2.0,5.0,4.0,7.0,6.0,10.0,11.0,9.0,8.0,14.0,15.0,12.0,13.0,2.0,3.0,1.0,0.0,6.0,7.0,4.0,5.0,11.0,10.0,8.0,9.0,15.0,14.0,13.0,12.0,3.0,2.0,0.0,1.0,7.0,6.0,5.0,4.0,12.0,15.0,14.0,13.0,9.0,11.0,10.0,8.0,4.0,7.0,5.0,6.0,1.0,3.0,2.0,0.0,13.0,14.0,15.0,12.0,8.0,10.0,11.0,9.0,5.0,6.0,4.0,7.0,0.0,2.0,3.0,1.0,14.0,13.0,12.0,15.0,10.0,9.0,8.0,11.0,6.0,5.0,7.0,4.0,3.0,0.0,1.0,2.0,15.0,12.0,13.0,14.0,11.0,8.0,9.0,10.0,7.0,4.0,6.0,5.0,2.0,1.0,0.0,3.0
306088,65501,8,multi_DTransversal_6_2025-06-08_22_24_46_711066_2,1749421824,5,1,5,576.3649,579.983322,0,1000000000.0,4456448.0,6959104.0,14772.0,3600000000000.0,86400000000000.0,500000000.0,1000000000.0,1749421486,604800,0,0,0,2,GenuineIntel,Intel Xeon Processor (Icelake) [Family 6 Model 106 Stepping 0],1000000000.0,1000000000.0,1000000000.0,Linux Ubuntu,Ubuntu 24.04.2 LTS [6.8.0-59-generic|libc 2.39],1006923776.0,16777216.0,0.0,20105105408.0,16990814208.0,2961408.0,688128.0,18773959311.36,50902949.273249,36815514.871639,0.0,1.0,0.0,0.863835,0,0.0,0.0,1.0,2.0,3.0,4.0,5.0,6.0,7.0,8.0,9.0,10.0,11.0,12.0,13.0,14.0,15.0,1.0,0.0,3.0,2.0,5.0,4.0,7.0,6.0,9.0,8.0,11.0,10.0,13.0,12.0,15.0,14.0,2.0,3.0,1.0,0.0,6.0,7.0,5.0,4.0,10.0,11.0,9.0,8.0,14.0,15.0,13.0,12.0,3.0,2.0,0.0,1.0,7.0,6.0,4.0,5.0,11.0,10.0,8.0,9.0,15.0,14.0,12.0,13.0,4.0,5.0,6.0,7.0,1.0,0.0,3.0,2.0,12.0,13.0,14.0,15.0,9.0,8.0,10.0,11.0,5.0,4.0,7.0,6.0,0.0,1.0,2.0,3.0,13.0,12.0,15.0,14.0,8.0,9.0,11.0,10.0,6.0,7.0,4.0,5.0,2.0,3.0,0.0,1.0,14.0,15.0,12.0,13.0,10.0,11.0,9.0,8.0,7.0,6.0,5.0,4.0,3.0,2.0,1.0,0.0,15.0,14.0,13.0,12.0,11.0,10.0,8.0,9.0,8.0,9.0,10.0,11.0,12.0,13.0,14.0,15.0,0.0,1.0,2.0,3.0,4.0,5.0,6.0,7.0,9.0,8.0,11.0,10.0,13.0,12.0,15.0,14.0,1.0,0.0,3.0,2.0,5.0,4.0,7.0,6.0,10.0,11.0,9.0,8.0,14.0,15.0,12.0,13.0,2.0,3.0,1.0,0.0,6.0,7.0,4.0,5.0,11.0,10.0,8.0,9.0,15.0,14.0,13.0,12.0,3.0,2.0,0.0,1.0,7.0,6.0,5.0,4.0,12.0,15.0,14.0,13.0,9.0,11.0,10.0,8.0,4.0,7.0,5.0,6.0,1.0,3.0,2.0,0.0,13.0,14.0,15.0,12.0,8.0,10.0,11.0,9.0,5.0,6.0,4.0,7.0,0.0,2.0,3.0,1.0,14.0,13.0,12.0,15.0,10.0,9.0,8.0,11.0,6.0,5.0,7.0,4.0,3.0,0.0,1.0,2.0,15.0,12.0,13.0,14.0,11.0,8.0,9.0,10.0,7.0,4.0,6.0,5.0,2.0,1.0,0.0,3.0
306089,65502,12,multi_DTransversal_7_2025-06-08_22_24_46_771611_0,1749421824,5,1,5,246.9844,249.437485,0,1000000000.0,11046912.0,6512640.0,6239.0,3600000000000.0,86400000000000.0,500000000.0,1000000000.0,1749421486,604800,0,0,0,8,GenuineIntel,Intel(R) Xeon(R) CPU E5-2695 v2 @ 2.40GHz [Family 6 Model 62 Stepping 4],1000000000.0,1000000000.0,1000000000.0,Microsoft Windows 10,"Enterprise LTSB x64 Edition, (10.00.19044.00)",25761005568.0,262144.0,29519101952.0,47715450880.0,9854517248.0,50332470.0,0.0,13190576267.66,47277768.885526,29243555.256756,0.0,1.0,0.0,0.926923,0,0.0,0.0,1.0,2.0,3.0,4.0,5.0,6.0,7.0,8.0,9.0,10.0,11.0,12.0,13.0,14.0,15.0,1.0,0.0,3.0,2.0,5.0,4.0,7.0,6.0,9.0,8.0,11.0,10.0,13.0,12.0,15.0,14.0,2.0,3.0,1.0,0.0,6.0,7.0,5.0,4.0,10.0,11.0,9.0,8.0,14.0,15.0,13.0,12.0,3.0,2.0,0.0,1.0,7.0,6.0,4.0,5.0,11.0,10.0,8.0,9.0,15.0,14.0,12.0,13.0,4.0,5.0,6.0,7.0,1.0,0.0,3.0,2.0,12.0,13.0,14.0,15.0,9.0,8.0,11.0,10.0,5.0,4.0,7.0,6.0,0.0,1.0,2.0,3.0,13.0,12.0,15.0,14.0,8.0,9.0,10.0,11.0,6.0,7.0,5.0,4.0,3.0,2.0,0.0,1.0,14.0,15.0,12.0,13.0,10.0,11.0,8.0,9.0,7.0,6.0,4.0,5.0,2.0,3.0,1.0,0.0,15.0,14.0,13.0,12.0,11.0,10.0,9.0,8.0,8.0,9.0,10.0,11.0,12.0,13.0,14.0,15.0,0.0,1.0,2.0,3.0,4.0,5.0,6.0,7.0,9.0,8.0,11.0,10.0,13.0,12.0,15.0,14.0,1.0,0.0,3.0,2.0,5.0,4.0,7.0,6.0,10.0,11.0,9.0,8.0,14.0,15.0,13.0,12.0,2.0,3.0,1.0,0.0,6.0,7.0,4.0,5.0,11.0,10.0,8.0,9.0,15.0,14.0,12.0,13.0,3.0,2.0,0.0,1.0,7.0,6.0,5.0,4.0,12.0,13.0,14.0,15.0,9.0,8.0,10.0,11.0,4.0,7.0,6.0,5.0,1.0,3.0,2.0,0.0,13.0,12.0,15.0,14.0,8.0,9.0,11.0,10.0,5.0,6.0,7.0,4.0,0.0,2.0,3.0,1.0,14.0,15.0,12.0,13.0,10.0,11.0,9.0,8.0,6.0,5.0,4.0,7.0,2.0,1.0,0.0,3.0,15.0,14.0,13.0,12.0,11.0,10.0,8.0,9.0,7.0,4.0,5.0,6.0,3.0,0.0,1.0,2.0
306090,65502,12,multi_DTransversal_7_2025-06-08_22_24_46_771611_1,1749421824,5,1,5,245.2656,248.468746,0,1000000000.0,11038720.0,6516736.0,6238.0,3600000000000.0,86400000000000.0,500000000.0,1000000000.0,1749421486,604800,0,0,0,8,GenuineIntel,Intel(R) Xeon(R) CPU E5-2695 v2 @ 2.40GHz [Family 6 Model 62 Stepping 4],1000000000.0,1000000000.0,1000000000.0,Microsoft Windows 10,"Enterprise LTSB x64 Edition, (10.00.19044.00)",25761005568.0,262144.0,29519101952.0,47715450880.0,9854517248.0,50332470.0,0.0,13190576267.66,47277768.885526,29243555.256756,0.0,1.0,0.0,0.926923,0,0.0,0.0,1.0,2.0,3.0,4.0,5.0,6.0,7.0,8.0,9.0,10.0,11.0,12.0,13.0,14.0,15.0,1.0,0.0,3.0,2.0,5.0,4.0,7.0,6.0,9.0,8.0,11.0,10.0,13.0,12.0,15.0,14.0,2.0,3.0,1.0,0.0,6.0,7.0,5.0,4.0,10.0,11.0,9.0,8.0,14.0,15.0,13.0,12.0,3.0,2.0,0.0,1.0,7.0,6.0,4.0,5.0,11.0,10.0,8.0,9.0,15.0,14.0,12.0,13.0,4.0,5.0,6.0,7.0,1.0,0.0,3.0,2.0,12.0,13.0,14.0,15.0,9.0,8.0,11.0,10.0,5.0,4.0,7.0,6.0,0.0,1.0,2.0,3.0,13.0,12.0,15.0,14.0,8.0,9.0,10.0,11.0,6.0,7.0,5.0,4.0,3.0,2.0,0.0,1.0,14.0,15.0,12.0,13.0,10.0,11.0,8.0,9.0,7.0,6.0,4.0,5.0,2.0,3.0,1.0,0.0,15.0,14.0,13.0,12.0,11.0,10.0,9.0,8.0,8.0,9.0,10.0,11.0,12.0,13.0,14.0,15.0,0.0,1.0,2.0,3.0,4.0,5.0,6.0,7.0,9.0,8.0,11.0,10.0,13.0,12.0,15.0,14.0,1.0,0.0,3.0,2.0,5.0,4.0,7.0,6.0,10.0,11.0,9.0,8.0,14.0,15.0,13.0,12.0,2.0,3.0,1.0,0.0,6.0,7.0,4.0,5.0,11.0,10.0,8.0,9.0,15.0,14.0,12.0,13.0,3.0,2.0,0.0,1.0,7.0,6.0,5.0,4.0,12.0,13.0,14.0,15.0,9.0,8.0,10.0,11.0,4.0,7.0,6.0,5.0,1.0,3.0,2.0,0.0,13.0,12.0,15.0,14.0,8.0,9.0,11.0,10.0,5.0,6.0,7.0,4.0,0.0,2.0,3.0,1.0,14.0,15.0,12.0,13.0,10.0,11.0,9.0,8.0,6.0,5.0,4.0,7.0,2.0,1.0,0.0,3.0,15.0,14.0,13.0,12.0,11.0,10.0,8.0,9.0,7.0,4.0,5.0,6.0,3.0,0.0,1.0,2.0
306091,65502,12,multi_DTransversal_7_2025-06-08_22_24_46_771611_2,1749421824,5,1,5,245.0312,247.296873,0,1000000000.0,11042816.0,6504448.0,6239.0,3600000000000.0,86400000000000.0,500000000.0,1000000000.0,1749421486,604800,0,0,0,8,GenuineIntel,Intel(R) Xeon(R) CPU E5-2695 v2 @ 2.40GHz [Family 6 Model 62 Stepping 4],1000000000.0,1000000000.0,1000000000.0,Microsoft Windows 10,"Enterprise LTSB x64 Edition, (10.00.19044.00)",25761005568.0,262144.0,29519101952.0,47715450880.0,9854517248.0,50332470.0,0.0,13190576267.66,47277768.885526,29243555.256756,0.0,1.0,0.0,0.926923,0,0.0,0.0,1.0,2.0,3.0,4.0,5.0,6.0,7.0,8.0,9.0,10.0,11.0,12.0,13.0,14.0,15.0,1.0,0.0,3.0,2.0,5.0,4.0,7.0,6.0,9.0,8.0,11.0,10.0,13.0,12.0,15.0,14.0,2.0,3.0,1.0,0.0,6.0,7.0,5.0,4.0,10.0,11.0,9.0,8.0,14.0,15.0,13.0,12.0,3.0,2.0,0.0,1.0,7.0,6.0,4.0,5.0,11.0,10.0,8.0,9.0,15.0,14.0,12.0,13.0,4.0,5.0,6.0,7.0,1.0,0.0,3.0,2.0,12.0,13.0,14.0,15.0,9.0,8.0,11.0,10.0,5.0,4.0,7.0,6.0,0.0,1.0,2.0,3.0,13.0,12.0,15.0,14.0,8.0,9.0,10.0,11.0,6.0,7.0,5.0,4.0,3.0,2.0,0.0,1.0,14.0,15.0,12.0,13.0,10.0,11.0,8.0,9.0,7.0,6.0,4.0,5.0,2.0,3.0,1.0,0.0,15.0,14.0,13.0,12.0,11.0,10.0,9.0,8.0,8.0,9.0,10.0,11.0,12.0,13.0,14.0,15.0,0.0,1.0,2.0,3.0,4.0,5.0,6.0,7.0,9.0,8.0,11.0,10.0,13.0,12.0,15.0,14.0,1.0,0.0,3.0,2.0,5.0,4.0,7.0,6.0,10.0,11.0,9.0,8.0,14.0,15.0,13.0,12.0,2.0,3.0,1.0,0.0,6.0,7.0,4.0,5.0,11.0,10.0,8.0,9.0,15.0,14.0,12.0,13.0,3.0,2.0,0.0,1.0,7.0,6.0,5.0,4.0,12.0,13.0,14.0,15.0,9.0,8.0,10.0,11.0,4.0,7.0,6.0,5.0,1.0,3.0,2.0,0.0,13.0,12.0,15.0,14.0,8.0,9.0,11.0,10.0,5.0,6.0,7.0,4.0,0.0,2.0,3.0,1.0,14.0,15.0,12.0,13.0,10.0,11.0,9.0,8.0,6.0,5.0,4.0,7.0,2.0,1.0,0.0,3.0,15.0,14.0,13.0,12.0,11.0,10.0,8.0,9.0,7.0,4.0,5.0,6.0,3.0,0.0,1.0,2.0
306092,65503,11,multi_DTransversal_8_2025-06-08_22_24_46_873211_0,1749421824,5,1,5,245.4219,247.671867,0,1000000000.0,10858496.0,6533120.0,6242.0,3600000000000.0,86400000000000.0,500000000.0,1000000000.0,1749421486,604800,0,0,0,8,GenuineIntel,Intel(R) Xeon(R) CPU E5-2695 v2 @ 2.40GHz [Family 6 Model 62 Stepping 4],1000000000.0,1000000000.0,1000000000.0,Microsoft Windows 10,"Enterprise LTSB x64 Edition, (10.00.19044.00)",17171070976.0,262144.0,19721207808.0,47715450880.0,12050235392.0,48026194.0,171008.0,31952040963.26,55829988.834023,31583643.413455,0.0,1.0,0.0,0.931986,0,0.0,0.0,1.0,2.0,3.0,4.0,5.0,6.0,7.0,8.0,9.0,10.0,11.0,12.0,13.0,14.0,15.0,1.0,0.0,3.0,2.0,5.0,4.0,7.0,6.0,9.0,8.0,11.0,10.0,13.0,12.0,15.0,14.0,2.0,3.0,1.0,0.0,6.0,7.0,5.0,4.0,10.0,11.0,9.0,8.0,14.0,15.0,13.0,12.0,3.0,2.0,0.0,1.0,7.0,6.0,4.0,5.0,11.0,10.0,8.0,9.0,15.0,14.0,12.0,13.0,4.0,5.0,6.0,7.0,3.0,0.0,1.0,2.0,12.0,13.0,14.0,15.0,9.0,8.0,11.0,10.0,5.0,4.0,7.0,6.0,0.0,3.0,2.0,1.0,13.0,12.0,15.0,14.0,8.0,9.0,10.0,11.0,6.0,7.0,5.0,4.0,1.0,2.0,3.0,0.0,14.0,15.0,13.0,12.0,11.0,10.0,8.0,9.0,7.0,6.0,4.0,5.0,2.0,1.0,0.0,3.0,15.0,14.0,12.0,13.0,10.0,11.0,9.0,8.0,8.0,9.0,10.0,11.0,12.0,13.0,14.0,15.0,0.0,1.0,2.0,3.0,4.0,5.0,6.0,7.0,9.0,8.0,11.0,10.0,13.0,12.0,15.0,14.0,1.0,0.0,3.0,2.0,5.0,4.0,7.0,6.0,10.0,11.0,9.0,8.0,14.0,15.0,13.0,12.0,2.0,3.0,1.0,0.0,6.0,7.0,5.0,4.0,11.0,10.0,8.0,9.0,15.0,14.0,12.0,13.0,3.0,2.0,0.0,1.0,7.0,6.0,4.0,5.0,12.0,13.0,14.0,15.0,9.0,8.0,11.0,10.0,4.0,5.0,6.0,7.0,1.0,0.0,2.0,3.0,13.0,12.0,15.0,14.0,8.0,9.0,10.0,11.0,5.0,4.0,7.0,6.0,0.0,1.0,3.0,2.0,14.0,15.0,12.0,13.0,10.0,11.0,8.0,9.0,6.0,7.0,4.0,5.0,2.0,3.0,1.0,0.0,15.0,14.0,13.0,12.0,11.0,10.0,9.0,8.0,7.0,6.0,5.0,4.0,3.0,2.0,0.0,1.0
306093,65503,12,multi_DTransversal_8_2025-06-08_22_24_46_873211_1,1749421824,5,1,5,244.9219,247.234385,0,1000000000.0,11046912.0,6516736.0,6238.0,3600000000000.0,86400000000000.0,500000000.0,1000000000.0,1749421486,604800,0,0,0,8,GenuineIntel,Intel(R) Xeon(R) CPU E5-2695 v2 @ 2.40GHz [Family 6 Model 62 Stepping 4],1000000000.0,1000000000.0,1000000000.0,Microsoft Windows 10,"Enterprise LTSB x64 Edition, (10.00.19044.00)",25761005568.0,262144.0,29519101952.0,47715450880.0,9854517248.0,50332470.0,0.0,13190576267.66,47277768.885526,29243555.256756,0.0,1.0,0.0,0.926923,0,0.0,0.0,1.0,2.0,3.0,4.0,5.0,6.0,7.0,8.0,9.0,10.0,11.0,12.0,13.0,14.0,15.0,1.0,0.0,3.0,2.0,5.0,4.0,7.0,6.0,9.0,8.0,11.0,10.0,13.0,12.0,15.0,14.0,2.0,3.0,1.0,0.0,6.0,7.0,5.0,4.0,10.0,11.0,9.0,8.0,14.0,15.0,13.0,12.0,3.0,2.0,0.0,1.0,7.0,6.0,4.0,5.0,11.0,10.0,8.0,9.0,15.0,14.0,12.0,13.0,4.0,5.0,6.0,7.0,3.0,0.0,1.0,2.0,12.0,13.0,14.0,15.0,9.0,8.0,11.0,10.0,5.0,4.0,7.0,6.0,0.0,3.0,2.0,1.0,13.0,12.0,15.0,14.0,8.0,9.0,10.0,11.0,6.0,7.0,5.0,4.0,1.0,2.0,3.0,0.0,14.0,15.0,13.0,12.0,11.0,10.0,8.0,9.0,7.0,6.0,4.0,5.0,2.0,1.0,0.0,3.0,15.0,14.0,12.0,13.0,10.0,11.0,9.0,8.0,8.0,9.0,10.0,11.0,12.0,13.0,14.0,15.0,0.0,1.0,2.0,3.0,4.0,5.0,6.0,7.0,9.0,8.0,11.0,10.0,13.0,12.0,15.0,14.0,1.0,0.0,3.0,2.0,5.0,4.0,7.0,6.0,10.0,11.0,9.0,8.0,14.0,15.0,13.0,12.0,2.0,3.0,1.0,0.0,6.0,7.0,5.0,4.0,11.0,10.0,8.0,9.0,15.0,14.0,12.0,13.0,3.0,2.0,0.0,1.0,7.0,6.0,4.0,5.0,12.0,13.0,14.0,15.0,9.0,8.0,11.0,10.0,4.0,5.0,6.0,7.0,1.0,0.0,2.0,3.0,13.0,12.0,15.0,14.0,8.0,9.0,10.0,11.0,5.0,4.0,7.0,6.0,0.0,1.0,3.0,2.0,14.0,15.0,12.0,13.0,10.0,11.0,8.0,9.0,6.0,7.0,4.0,5.0,2.0,3.0,1.0,0.0,15.0,14.0,13.0,12.0,11.0,10.0,9.0,8.0,7.0,6.0,5.0,4.0,3.0,2.0,0.0,1.0
306094,65503,14,multi_DTransversal_8_2025-06-08_22_24_46_873211_2,1749421824,5,1,5,243.3281,246.312496,0,1000000000.0,10805248.0,6533120.0,6239.0,3600000000000.0,86400000000000.0,500000000.0,1000000000.0,1749421486,604800,0,0,0,8,GenuineIntel,Intel(R) Xeon(R) CPU E5-2695 v2 @ 2.40GHz [Family 6 Model 62 Stepping 4],1000000000.0,1000000000.0,1000000000.0,Microsoft Windows 10,"Enterprise LTSB x64 Edition, (10.00.19044.00)",17171070976.0,262144.0,19721207808.0,47715450880.0,12043943936.0,50470565.0,171008.0,14504363335.66,50555456.420003,25813395.198889,0.0,1.0,0.0,0.932014,0,0.0,0.0,1.0,2.0,3.0,4.0,5.0,6.0,7.0,8.0,9.0,10.0,11.0,12.0,13.0,14.0,15.0,1.0,0.0,3.0,2.0,5.0,4.0,7.0,6.0,9.0,8.0,11.0,10.0,13.0,12.0,15.0,14.0,2.0,3.0,1.0,0.0,6.0,7.0,5.0,4.0,10.0,11.0,9.0,8.0,14.0,15.0,13.0,12.0,3.0,2.0,0.0,1.0,7.0,6.0,4.0,5.0,11.0,10.0,8.0,9.0,15.0,14.0,12.0,13.0,4.0,5.0,6.0,7.0,3.0,0.0,1.0,2.0,12.0,13.0,14.0,15.0,9.0,8.0,11.0,10.0,5.0,4.0,7.0,6.0,0.0,3.0,2.0,1.0,13.0,12.0,15.0,14.0,8.0,9.0,10.0,11.0,6.0,7.0,5.0,4.0,1.0,2.0,3.0,0.0,14.0,15.0,13.0,12.0,11.0,10.0,8.0,9.0,7.0,6.0,4.0,5.0,2.0,1.0,0.0,3.0,15.0,14.0,12.0,13.0,10.0,11.0,9.0,8.0,8.0,9.0,10.0,11.0,12.0,13.0,14.0,15.0,0.0,1.0,2.0,3.0,4.0,5.0,6.0,7.0,9.0,8.0,11.0,10.0,13.0,12.0,15.0,14.0,1.0,0.0,3.0,2.0,5.0,4.0,7.0,6.0,10.0,11.0,9.0,8.0,14.0,15.0,13.0,12.0,2.0,3.0,1.0,0.0,6.0,7.0,5.0,4.0,11.0,10.0,8.0,9.0,15.0,14.0,12.0,13.0,3.0,2.0,0.0,1.0,7.0,6.0,4.0,5.0,12.0,13.0,14.0,15.0,9.0,8.0,11.0,10.0,4.0,5.0,6.0,7.0,1.0,0.0,2.0,3.0,13.0,12.0,15.0,14.0,8.0,9.0,10.0,11.0,5.0,4.0,7.0,6.0,0.0,1.0,3.0,2.0,14.0,15.0,12.0,13.0,10.0,11.0,8.0,9.0,6.0,7.0,4.0,5.0,2.0,3.0,1.0,0.0,15.0,14.0,13.0,12.0,11.0,10.0,9.0,8.0,7.0,6.0,5.0,4.0,3.0,2.0,0.0,1.0
306095,65504,14,multi_DTransversal_9_2025-06-08_22_24_47_008168_0,1749421824,5,1,5,243.0625,246.312496,0,1000000000.0,10809344.0,6524928.0,6240.0,3600000000000.0,86400000000000.0,500000000.0,1000000000.0,1749421487,604800,0,0,0,8,GenuineIntel,Intel(R) Xeon(R) CPU E5-2695 v2 @ 2.40GHz [Family 6 Model 62 Stepping 4],1000000000.0,1000000000.0,1000000000.0,Microsoft Windows 10,"Enterprise LTSB x64 Edition, (10.00.19044.00)",17171070976.0,262144.0,19721207808.0,47715450880.0,12043943936.0,50470565.0,171008.0,14504363335.66,50555456.420003,25813395.198889,0.0,1.0,0.0,0.932014,0,0.0,0.0,1.0,2.0,3.0,4.0,5.0,6.0,7.0,8.0,9.0,10.0,11.0,12.0,13.0,14.0,15.0,1.0,0.0,3.0,2.0,5.0,4.0,7.0,6.0,9.0,8.0,11.0,10.0,13.0,12.0,15.0,14.0,2.0,3.0,1.0,0.0,6.0,7.0,5.0,4.0,10.0,11.0,9.0,8.0,14.0,15.0,13.0,12.0,3.0,2.0,0.0,1.0,7.0,6.0,4.0,5.0,11.0,10.0,8.0,9.0,15.0,14.0,12.0,13.0,4.0,5.0,6.0,7.0,3.0,2.0,0.0,1.0,12.0,13.0,14.0,15.0,11.0,8.0,9.0,10.0,5.0,4.0,7.0,6.0,2.0,3.0,1.0,0.0,13.0,12.0,15.0,14.0,8.0,11.0,10.0,9.0,6.0,7.0,5.0,4.0,0.0,1.0,2.0,3.0,14.0,15.0,13.0,12.0,9.0,10.0,11.0,8.0,7.0,6.0,4.0,5.0,1.0,0.0,3.0,2.0,15.0,14.0,12.0,13.0,10.0,9.0,8.0,11.0,8.0,9.0,10.0,11.0,12.0,13.0,14.0,15.0,0.0,1.0,2.0,3.0,4.0,5.0,6.0,7.0,9.0,8.0,11.0,10.0,13.0,12.0,15.0,14.0,1.0,0.0,3.0,2.0,5.0,4.0,7.0,6.0,10.0,11.0,9.0,8.0,14.0,15.0,13.0,12.0,2.0,3.0,1.0,0.0,6.0,7.0,5.0,4.0,11.0,10.0,8.0,9.0,15.0,14.0,12.0,13.0,3.0,2.0,0.0,1.0,7.0,6.0,4.0,5.0,12.0,13.0,14.0,15.0,9.0,8.0,11.0,10.0,4.0,5.0,6.0,7.0,1.0,0.0,3.0,2.0,13.0,12.0,15.0,14.0,8.0,9.0,10.0,11.0,5.0,4.0,7.0,6.0,0.0,1.0,2.0,3.0,14.0,15.0,13.0,12.0,11.0,10.0,8.0,9.0,6.0,7.0,4.0,5.0,2.0,3.0,0.0,1.0,15.0,14.0,12.0,13.0,10.0,11.0,9.0,8.0,7.0,6.0,5.0,4.0,3.0,2.0,1.0,0.0
306096,65504,4,multi_DTransversal_9_2025-06-08_22_24_47_008168_1,1749421824,5,1,5,828.3648,830.558158,0,1000000000.0,4456448.0,6959104.0,14810.0,3600000000000.0,86400000000000.0,500000000.0,1000000000.0,1749421487,604800,0,0,0,4,GenuineIntel,Intel Xeon Processor (Icelake) [Family 6 Model 106 Stepping 0],1000000000.0,1000000000.0,1000000000.0,Linux Ubuntu,Ubuntu 24.04.2 LTS [6.8.0-59-generic|libc 2.39],4104482816.0,16777216.0,0.0,20105105408.0,16942882816.0,4018176.0,688128.0,18764867010.56,52142024.776358,15986171.424867,0.0,1.0,0.0,0.841352,0,0.0,0.0,1.0,2.0,3.0,4.0,5.0,6.0,7.0,8.0,9.0,10.0,11.0,12.0,13.0,14.0,15.0,1.0,0.0,3.0,2.0,5.0,4.0,7.0,6.0,9.0,8.0,11.0,10.0,13.0,12.0,15.0,14.0,2.0,3.0,1.0,0.0,6.0,7.0,5.0,4.0,10.0,11.0,9.0,8.0,14.0,15.0,13.0,12.0,3.0,2.0,0.0,1.0,7.0,6.0,4.0,5.0,11.0,10.0,8.0,9.0,15.0,14.0,12.0,13.0,4.0,5.0,6.0,7.0,3.0,2.0,0.0,1.0,12.0,13.0,14.0,15.0,11.0,8.0,9.0,10.0,5.0,4.0,7.0,6.0,2.0,3.0,1.0,0.0,13.0,12.0,15.0,14.0,8.0,11.0,10.0,9.0,6.0,7.0,5.0,4.0,0.0,1.0,2.0,3.0,14.0,15.0,13.0,12.0,9.0,10.0,11.0,8.0,7.0,6.0,4.0,5.0,1.0,0.0,3.0,2.0,15.0,14.0,12.0,13.0,10.0,9.0,8.0,11.0,8.0,9.0,10.0,11.0,12.0,13.0,14.0,15.0,0.0,1.0,2.0,3.0,4.0,5.0,6.0,7.0,9.0,8.0,11.0,10.0,13.0,12.0,15.0,14.0,1.0,0.0,3.0,2.0,5.0,4.0,7.0,6.0,10.0,11.0,9.0,8.0,14.0,15.0,13.0,12.0,2.0,3.0,1.0,0.0,6.0,7.0,5.0,4.0,11.0,10.0,8.0,9.0,15.0,14.0,12.0,13.0,3.0,2.0,0.0,1.0,7.0,6.0,4.0,5.0,12.0,13.0,14.0,15.0,9.0,8.0,11.0,10.0,4.0,5.0,6.0,7.0,1.0,0.0,3.0,2.0,13.0,12.0,15.0,14.0,8.0,9.0,10.0,11.0,5.0,4.0,7.0,6.0,0.0,1.0,2.0,3.0,14.0,15.0,13.0,12.0,11.0,10.0,8.0,9.0,6.0,7.0,4.0,5.0,2.0,3.0,0.0,1.0,15.0,14.0,12.0,13.0,10.0,11.0,9.0,8.0,7.0,6.0,5.0,4.0,3.0,2.0,1.0,0.0
306097,65504,14,multi_DTransversal_9_2025-06-08_22_24_47_008168_2,1749421824,5,1,5,242.8125,244.859373,0,1000000000.0,10813440.0,6533120.0,6240.0,3600000000000.0,86400000000000.0,500000000.0,1000000000.0,1749421487,604800,0,0,0,8,GenuineIntel,Intel(R) Xeon(R) CPU E5-2695 v2 @ 2.40GHz [Family 6 Model 62 Stepping 4],1000000000.0,1000000000.0,1000000000.0,Microsoft Windows 10,"Enterprise LTSB x64 Edition, (10.00.19044.00)",17171070976.0,262144.0,19721207808.0,47715450880.0,12043943936.0,50470565.0,171008.0,14504363335.66,50555456.420003,25813395.198889,0.0,1.0,0.0,0.932014,0,0.0,0.0,1.0,2.0,3.0,4.0,5.0,6.0,7.0,8.0,9.0,10.0,11.0,12.0,13.0,14.0,15.0,1.0,0.0,3.0,2.0,5.0,4.0,7.0,6.0,9.0,8.0,11.0,10.0,13.0,12.0,15.0,14.0,2.0,3.0,1.0,0.0,6.0,7.0,5.0,4.0,10.0,11.0,9.0,8.0,14.0,15.0,13.0,12.0,3.0,2.0,0.0,1.0,7.0,6.0,4.0,5.0,11.0,10.0,8.0,9.0,15.0,14.0,12.0,13.0,4.0,5.0,6.0,7.0,3.0,2.0,0.0,1.0,12.0,13.0,14.0,15.0,11.0,8.0,9.0,10.0,5.0,4.0,7.0,6.0,2.0,3.0,1.0,0.0,13.0,12.0,15.0,14.0,8.0,11.0,10.0,9.0,6.0,7.0,5.0,4.0,0.0,1.0,2.0,3.0,14.0,15.0,13.0,12.0,9.0,10.0,11.0,8.0,7.0,6.0,4.0,5.0,1.0,0.0,3.0,2.0,15.0,14.0,12.0,13.0,10.0,9.0,8.0,11.0,8.0,9.0,10.0,11.0,12.0,13.0,14.0,15.0,0.0,1.0,2.0,3.0,4.0,5.0,6.0,7.0,9.0,8.0,11.0,10.0,13.0,12.0,15.0,14.0,1.0,0.0,3.0,2.0,5.0,4.0,7.0,6.0,10.0,11.0,9.0,8.0,14.0,15.0,13.0,12.0,2.0,3.0,1.0,0.0,6.0,7.0,5.0,4.0,11.0,10.0,8.0,9.0,15.0,14.0,12.0,13.0,3.0,2.0,0.0,1.0,7.0,6.0,4.0,5.0,12.0,13.0,14.0,15.0,9.0,8.0,11.0,10.0,4.0,5.0,6.0,7.0,1.0,0.0,3.0,2.0,13.0,12.0,15.0,14.0,8.0,9.0,10.0,11.0,5.0,4.0,7.0,6.0,0.0,1.0,2.0,3.0,14.0,15.0,13.0,12.0,11.0,10.0,8.0,9.0,6.0,7.0,4.0,5.0,2.0,3.0,0.0,1.0,15.0,14.0,12.0,13.0,10.0,11.0,9.0,8.0,7.0,6.0,5.0,4.0,3.0,2.0,1.0,0.0
306098,65505,14,multi_DTransversal_10_2025-06-08_22_24_47_117416_0,1749421825,5,1,5,244.6719,246.890621,0,1000000000.0,10809344.0,6529024.0,6245.0,3600000000000.0,86400000000000.0,500000000.0,1000000000.0,1749421487,604800,0,0,0,8,GenuineIntel,Intel(R) Xeon(R) CPU E5-2695 v2 @ 2.40GHz [Family 6 Model 62 Stepping 4],1000000000.0,1000000000.0,1000000000.0,Microsoft Windows 10,"Enterprise LTSB x64 Edition, (10.00.19044.00)",17171070976.0,262144.0,19721207808.0,47715450880.0,12043943936.0,50470565.0,171008.0,14504363335.66,50555456.420003,25813395.198889,0.0,1.0,0.0,0.932014,0,0.0,0.0,1.0,2.0,3.0,4.0,5.0,6.0,7.0,8.0,9.0,10.0,11.0,12.0,13.0,14.0,15.0,1.0,0.0,3.0,2.0,5.0,4.0,7.0,6.0,9.0,8.0,11.0,10.0,13.0,12.0,15.0,14.0,2.0,3.0,1.0,0.0,6.0,7.0,5.0,4.0,10.0,11.0,9.0,8.0,14.0,15.0,13.0,12.0,3.0,2.0,0.0,1.0,7.0,6.0,4.0,5.0,11.0,10.0,8.0,9.0,15.0,14.0,12.0,13.0,4.0,6.0,5.0,7.0,3.0,0.0,2.0,1.0,12.0,13.0,14.0,15.0,11.0,10.0,8.0,9.0,5.0,7.0,4.0,6.0,2.0,1.0,3.0,0.0,13.0,12.0,15.0,14.0,10.0,11.0,9.0,8.0,6.0,4.0,7.0,5.0,0.0,3.0,1.0,2.0,14.0,15.0,13.0,12.0,8.0,9.0,10.0,11.0,7.0,5.0,6.0,4.0,1.0,2.0,0.0,3.0,15.0,14.0,12.0,13.0,9.0,8.0,11.0,10.0,8.0,9.0,10.0,11.0,12.0,13.0,14.0,15.0,0.0,1.0,2.0,3.0,4.0,5.0,6.0,7.0,9.0,8.0,11.0,10.0,13.0,12.0,15.0,14.0,1.0,0.0,3.0,2.0,5.0,4.0,7.0,6.0,10.0,11.0,9.0,8.0,14.0,15.0,13.0,12.0,2.0,3.0,1.0,0.0,6.0,7.0,5.0,4.0,11.0,10.0,8.0,9.0,15.0,14.0,12.0,13.0,3.0,2.0,0.0,1.0,7.0,6.0,4.0,5.0,12.0,13.0,14.0,15.0,11.0,8.0,9.0,10.0,4.0,5.0,6.0,7.0,1.0,0.0,3.0,2.0,13.0,12.0,15.0,14.0,8.0,11.0,10.0,9.0,5.0,4.0,7.0,6.0,0.0,1.0,2.0,3.0,14.0,15.0,13.0,12.0,9.0,10.0,11.0,8.0,6.0,7.0,5.0,4.0,3.0,2.0,0.0,1.0,15.0,14.0,12.0,13.0,10.0,9.0,8.0,11.0,7.0,6.0,4.0,5.0,2.0,3.0,1.0,0.0
306099,65505,14,multi_DTransversal_10_2025-06-08_22_24_47_117416_1,1749421825,5,1,5,245.4531,247.890644,0,1000000000.0,10813440.0,6529024.0,6244.0,3600000000000.0,86400000000000.0,500000000.0,1000000000.0,1749421487,604800,0,0,0,8,GenuineIntel,Intel(R) Xeon(R) CPU E5-2695 v2 @ 2.40GHz [Family 6 Model 62 Stepping 4],1000000000.0,1000000000.0,1000000000.0,Microsoft Windows 10,"Enterprise LTSB x64 Edition, (10.00.19044.00)",17171070976.0,262144.0,19721207808.0,47715450880.0,12043943936.0,50470565.0,171008.0,14504363335.66,50555456.420003,25813395.198889,0.0,1.0,0.0,0.932014,0,0.0,0.0,1.0,2.0,3.0,4.0,5.0,6.0,7.0,8.0,9.0,10.0,11.0,12.0,13.0,14.0,15.0,1.0,0.0,3.0,2.0,5.0,4.0,7.0,6.0,9.0,8.0,11.0,10.0,13.0,12.0,15.0,14.0,2.0,3.0,1.0,0.0,6.0,7.0,5.0,4.0,10.0,11.0,9.0,8.0,14.0,15.0,13.0,12.0,3.0,2.0,0.0,1.0,7.0,6.0,4.0,5.0,11.0,10.0,8.0,9.0,15.0,14.0,12.0,13.0,4.0,6.0,5.0,7.0,3.0,0.0,2.0,1.0,12.0,13.0,14.0,15.0,11.0,10.0,8.0,9.0,5.0,7.0,4.0,6.0,2.0,1.0,3.0,0.0,13.0,12.0,15.0,14.0,10.0,11.0,9.0,8.0,6.0,4.0,7.0,5.0,0.0,3.0,1.0,2.0,14.0,15.0,13.0,12.0,8.0,9.0,10.0,11.0,7.0,5.0,6.0,4.0,1.0,2.0,0.0,3.0,15.0,14.0,12.0,13.0,9.0,8.0,11.0,10.0,8.0,9.0,10.0,11.0,12.0,13.0,14.0,15.0,0.0,1.0,2.0,3.0,4.0,5.0,6.0,7.0,9.0,8.0,11.0,10.0,13.0,12.0,15.0,14.0,1.0,0.0,3.0,2.0,5.0,4.0,7.0,6.0,10.0,11.0,9.0,8.0,14.0,15.0,13.0,12.0,2.0,3.0,1.0,0.0,6.0,7.0,5.0,4.0,11.0,10.0,8.0,9.0,15.0,14.0,12.0,13.0,3.0,2.0,0.0,1.0,7.0,6.0,4.0,5.0,12.0,13.0,14.0,15.0,11.0,8.0,9.0,10.0,4.0,5.0,6.0,7.0,1.0,0.0,3.0,2.0,13.0,12.0,15.0,14.0,8.0,11.0,10.0,9.0,5.0,4.0,7.0,6.0,0.0,1.0,2.0,3.0,14.0,15.0,13.0,12.0,9.0,10.0,11.0,8.0,6.0,7.0,5.0,4.0,3.0,2.0,0.0,1.0,15.0,14.0,12.0,13.0,10.0,9.0,8.0,11.0,7.0,6.0,4.0,5.0,2.0,3.0,1.0,0.0
306100,65505,14,multi_DTransversal_10_2025-06-08_22_24_47_117416_2,1749421825,5,1,5,246.5,248.8125,0,1000000000.0,10801152.0,6524928.0,6244.0,3600000000000.0,86400000000000.0,500000000.0,1000000000.0,1749421487,604800,0,0,0,8,GenuineIntel,Intel(R) Xeon(R) CPU E5-2695 v2 @ 2.40GHz [Family 6 Model 62 Stepping 4],1000000000.0,1000000000.0,1000000000.0,Microsoft Windows 10,"Enterprise LTSB x64 Edition, (10.00.19044.00)",17171070976.0,262144.0,19721207808.0,47715450880.0,12043943936.0,50470565.0,171008.0,14504363335.66,50555456.420003,25813395.198889,0.0,1.0,0.0,0.932014,0,0.0,0.0,1.0,2.0,3.0,4.0,5.0,6.0,7.0,8.0,9.0,10.0,11.0,12.0,13.0,14.0,15.0,1.0,0.0,3.0,2.0,5.0,4.0,7.0,6.0,9.0,8.0,11.0,10.0,13.0,12.0,15.0,14.0,2.0,3.0,1.0,0.0,6.0,7.0,5.0,4.0,10.0,11.0,9.0,8.0,14.0,15.0,13.0,12.0,3.0,2.0,0.0,1.0,7.0,6.0,4.0,5.0,11.0,10.0,8.0,9.0,15.0,14.0,12.0,13.0,4.0,6.0,5.0,7.0,3.0,0.0,2.0,1.0,12.0,13.0,14.0,15.0,11.0,10.0,8.0,9.0,5.0,7.0,4.0,6.0,2.0,1.0,3.0,0.0,13.0,12.0,15.0,14.0,10.0,11.0,9.0,8.0,6.0,4.0,7.0,5.0,0.0,3.0,1.0,2.0,14.0,15.0,13.0,12.0,8.0,9.0,10.0,11.0,7.0,5.0,6.0,4.0,1.0,2.0,0.0,3.0,15.0,14.0,12.0,13.0,9.0,8.0,11.0,10.0,8.0,9.0,10.0,11.0,12.0,13.0,14.0,15.0,0.0,1.0,2.0,3.0,4.0,5.0,6.0,7.0,9.0,8.0,11.0,10.0,13.0,12.0,15.0,14.0,1.0,0.0,3.0,2.0,5.0,4.0,7.0,6.0,10.0,11.0,9.0,8.0,14.0,15.0,13.0,12.0,2.0,3.0,1.0,0.0,6.0,7.0,5.0,4.0,11.0,10.0,8.0,9.0,15.0,14.0,12.0,13.0,3.0,2.0,0.0,1.0,7.0,6.0,4.0,5.0,12.0,13.0,14.0,15.0,11.0,8.0,9.0,10.0,4.0,5.0,6.0,7.0,1.0,0.0,3.0,2.0,13.0,12.0,15.0,14.0,8.0,11.0,10.0,9.0,5.0,4.0,7.0,6.0,0.0,1.0,2.0,3.0,14.0,15.0,13.0,12.0,9.0,10.0,11.0,8.0,6.0,7.0,5.0,4.0,3.0,2.0,0.0,1.0,15.0,14.0,12.0,13.0,10.0,9.0,8.0,11.0,7.0,6.0,4.0,5.0,2.0,3.0,1.0,0.0
306101,65506,14,multi_DTransversal_11_2025-06-08_22_24_47_181330_0,1749421825,5,1,5,224.5312,226.593769,0,1000000000.0,10817536.0,6533120.0,6244.0,3600000000000.0,86400000000000.0,500000000.0,1000000000.0,1749421487,604800,0,0,0,8,GenuineIntel,Intel(R) Xeon(R) CPU E5-2695 v2 @ 2.40GHz [Family 6 Model 62 Stepping 4],1000000000.0,1000000000.0,1000000000.0,Microsoft Windows 10,"Enterprise LTSB x64 Edition, (10.00.19044.00)",17171070976.0,262144.0,19721207808.0,47715450880.0,12043943936.0,50470565.0,171008.0,14504363335.66,50555456.420003,25813395.198889,0.0,1.0,0.0,0.932014,0,0.0,0.0,1.0,2.0,3.0,4.0,5.0,6.0,7.0,8.0,9.0,10.0,11.0,12.0,13.0,14.0,15.0,1.0,0.0,3.0,2.0,5.0,4.0,7.0,6.0,9.0,8.0,11.0,10.0,13.0,12.0,15.0,14.0,2.0,3.0,1.0,0.0,6.0,7.0,5.0,4.0,10.0,11.0,9.0,8.0,14.0,15.0,13.0,12.0,3.0,2.0,0.0,1.0,7.0,6.0,4.0,5.0,11.0,10.0,8.0,9.0,15.0,14.0,12.0,13.0,4.0,6.0,7.0,5.0,2.0,3.0,0.0,1.0,12.0,14.0,13.0,15.0,11.0,8.0,10.0,9.0,5.0,7.0,6.0,4.0,3.0,2.0,1.0,0.0,13.0,15.0,12.0,14.0,10.0,9.0,11.0,8.0,6.0,4.0,5.0,7.0,0.0,1.0,2.0,3.0,14.0,12.0,15.0,13.0,8.0,11.0,9.0,10.0,7.0,5.0,4.0,6.0,1.0,0.0,3.0,2.0,15.0,13.0,14.0,12.0,9.0,10.0,8.0,11.0,8.0,9.0,10.0,11.0,12.0,13.0,14.0,15.0,0.0,1.0,2.0,3.0,4.0,5.0,6.0,7.0,9.0,8.0,11.0,10.0,13.0,12.0,15.0,14.0,1.0,0.0,3.0,2.0,5.0,4.0,7.0,6.0,10.0,11.0,9.0,8.0,14.0,15.0,13.0,12.0,2.0,3.0,1.0,0.0,6.0,7.0,5.0,4.0,11.0,10.0,8.0,9.0,15.0,14.0,12.0,13.0,3.0,2.0,0.0,1.0,7.0,6.0,4.0,5.0,12.0,13.0,14.0,15.0,11.0,10.0,8.0,9.0,4.0,5.0,6.0,7.0,3.0,0.0,1.0,2.0,13.0,12.0,15.0,14.0,10.0,11.0,9.0,8.0,5.0,4.0,7.0,6.0,0.0,3.0,2.0,1.0,14.0,15.0,13.0,12.0,8.0,9.0,10.0,11.0,6.0,7.0,5.0,4.0,1.0,2.0,3.0,0.0,15.0,14.0,12.0,13.0,9.0,8.0,11.0,10.0,7.0,6.0,4.0,5.0,2.0,1.0,0.0,3.0
306102,65506,11,multi_DTransversal_11_2025-06-08_22_24_47_181330_1,1749421825,5,1,5,222.5938,224.671858,0,1000000000.0,10862592.0,6537216.0,6246.0,3600000000000.0,86400000000000.0,500000000.0,1000000000.0,1749421487,604800,0,0,0,8,GenuineIntel,Intel(R) Xeon(R) CPU E5-2695 v2 @ 2.40GHz [Family 6 Model 62 Stepping 4],1000000000.0,1000000000.0,1000000000.0,Microsoft Windows 10,"Enterprise LTSB x64 Edition, (10.00.19044.00)",17171070976.0,262144.0,19721207808.0,47715450880.0,12050235392.0,48026194.0,171008.0,31952040963.26,55829988.834023,31583643.413455,0.0,1.0,0.0,0.931986,0,0.0,0.0,1.0,2.0,3.0,4.0,5.0,6.0,7.0,8.0,9.0,10.0,11.0,12.0,13.0,14.0,15.0,1.0,0.0,3.0,2.0,5.0,4.0,7.0,6.0,9.0,8.0,11.0,10.0,13.0,12.0,15.0,14.0,2.0,3.0,1.0,0.0,6.0,7.0,5.0,4.0,10.0,11.0,9.0,8.0,14.0,15.0,13.0,12.0,3.0,2.0,0.0,1.0,7.0,6.0,4.0,5.0,11.0,10.0,8.0,9.0,15.0,14.0,12.0,13.0,4.0,6.0,7.0,5.0,2.0,3.0,0.0,1.0,12.0,14.0,13.0,15.0,11.0,8.0,10.0,9.0,5.0,7.0,6.0,4.0,3.0,2.0,1.0,0.0,13.0,15.0,12.0,14.0,10.0,9.0,11.0,8.0,6.0,4.0,5.0,7.0,0.0,1.0,2.0,3.0,14.0,12.0,15.0,13.0,8.0,11.0,9.0,10.0,7.0,5.0,4.0,6.0,1.0,0.0,3.0,2.0,15.0,13.0,14.0,12.0,9.0,10.0,8.0,11.0,8.0,9.0,10.0,11.0,12.0,13.0,14.0,15.0,0.0,1.0,2.0,3.0,4.0,5.0,6.0,7.0,9.0,8.0,11.0,10.0,13.0,12.0,15.0,14.0,1.0,0.0,3.0,2.0,5.0,4.0,7.0,6.0,10.0,11.0,9.0,8.0,14.0,15.0,13.0,12.0,2.0,3.0,1.0,0.0,6.0,7.0,5.0,4.0,11.0,10.0,8.0,9.0,15.0,14.0,12.0,13.0,3.0,2.0,0.0,1.0,7.0,6.0,4.0,5.0,12.0,13.0,14.0,15.0,11.0,10.0,8.0,9.0,4.0,5.0,6.0,7.0,3.0,0.0,1.0,2.0,13.0,12.0,15.0,14.0,10.0,11.0,9.0,8.0,5.0,4.0,7.0,6.0,0.0,3.0,2.0,1.0,14.0,15.0,13.0,12.0,8.0,9.0,10.0,11.0,6.0,7.0,5.0,4.0,1.0,2.0,3.0,0.0,15.0,14.0,12.0,13.0,9.0,8.0,11.0,10.0,7.0,6.0,4.0,5.0,2.0,1.0,0.0,3.0
306103,65506,10,multi_DTransversal_11_2025-06-08_22_24_47_181330_2,1749421825,5,1,5,535.8769,539.820951,0,1000000000.0,4325376.0,6959104.0,14780.0,3600000000000.0,86400000000000.0,500000000.0,1000000000.0,1749421487,604800,0,0,0,2,GenuineIntel,Intel Xeon Processor (Icelake) [Family 6 Model 106 Stepping 0],1000000000.0,1000000000.0,1000000000.0,Linux Ubuntu,Ubuntu 24.04.2 LTS [6.8.0-59-generic|libc 2.39],1006919680.0,16777216.0,0.0,20105105408.0,16889634816.0,2990080.0,688128.0,18595474472.96,58063412.844922,29429754.907709,0.0,1.0,0.0,0.874458,0,0.0,0.0,1.0,2.0,3.0,4.0,5.0,6.0,7.0,8.0,9.0,10.0,11.0,12.0,13.0,14.0,15.0,1.0,0.0,3.0,2.0,5.0,4.0,7.0,6.0,9.0,8.0,11.0,10.0,13.0,12.0,15.0,14.0,2.0,3.0,1.0,0.0,6.0,7.0,5.0,4.0,10.0,11.0,9.0,8.0,14.0,15.0,13.0,12.0,3.0,2.0,0.0,1.0,7.0,6.0,4.0,5.0,11.0,10.0,8.0,9.0,15.0,14.0,12.0,13.0,4.0,6.0,7.0,5.0,2.0,3.0,0.0,1.0,12.0,14.0,13.0,15.0,11.0,8.0,10.0,9.0,5.0,7.0,6.0,4.0,3.0,2.0,1.0,0.0,13.0,15.0,12.0,14.0,10.0,9.0,11.0,8.0,6.0,4.0,5.0,7.0,0.0,1.0,2.0,3.0,14.0,12.0,15.0,13.0,8.0,11.0,9.0,10.0,7.0,5.0,4.0,6.0,1.0,0.0,3.0,2.0,15.0,13.0,14.0,12.0,9.0,10.0,8.0,11.0,8.0,9.0,10.0,11.0,12.0,13.0,14.0,15.0,0.0,1.0,2.0,3.0,4.0,5.0,6.0,7.0,9.0,8.0,11.0,10.0,13.0,12.0,15.0,14.0,1.0,0.0,3.0,2.0,5.0,4.0,7.0,6.0,10.0,11.0,9.0,8.0,14.0,15.0,13.0,12.0,2.0,3.0,1.0,0.0,6.0,7.0,5.0,4.0,11.0,10.0,8.0,9.0,15.0,14.0,12.0,13.0,3.0,2.0,0.0,1.0,7.0,6.0,4.0,5.0,12.0,13.0,14.0,15.0,11.0,10.0,8.0,9.0,4.0,5.0,6.0,7.0,3.0,0.0,1.0,2.0,13.0,12.0,15.0,14.0,10.0,11.0,9.0,8.0,5.0,4.0,7.0,6.0,0.0,3.0,2.0,1.0,14.0,15.0,13.0,12.0,8.0,9.0,10.0,11.0,6.0,7.0,5.0,4.0,1.0,2.0,3.0,0.0,15.0,14.0,12.0,13.0,9.0,8.0,11.0,10.0,7.0,6.0,4.0,5.0,2.0,1.0,0.0,3.0
306104,65507,10,multi_DTransversal_12_2025-06-08_22_24_47_262353_0,1749421825,5,1,5,526.9854,529.716087,0,1000000000.0,4456448.0,6959104.0,14779.0,3600000000000.0,86400000000000.0,500000000.0,1000000000.0,1749421487,604800,0,0,0,2,GenuineIntel,Intel Xeon Processor (Icelake) [Family 6 Model 106 Stepping 0],1000000000.0,1000000000.0,1000000000.0,Linux Ubuntu,Ubuntu 24.04.2 LTS [6.8.0-59-generic|libc 2.39],1006919680.0,16777216.0,0.0,20105105408.0,16889634816.0,2990080.0,688128.0,18595474472.96,58063412.844922,29429754.907709,0.0,1.0,0.0,0.874458,0,0.0,0.0,1.0,2.0,3.0,4.0,5.0,6.0,7.0,8.0,9.0,10.0,11.0,12.0,13.0,14.0,15.0,1.0,0.0,3.0,2.0,5.0,4.0,7.0,6.0,9.0,8.0,11.0,10.0,13.0,12.0,15.0,14.0,2.0,3.0,1.0,0.0,7.0,6.0,4.0,5.0,10.0,11.0,9.0,8.0,14.0,15.0,13.0,12.0,3.0,2.0,0.0,1.0,6.0,7.0,5.0,4.0,11.0,10.0,8.0,9.0,15.0,14.0,12.0,13.0,4.0,5.0,6.0,7.0,1.0,0.0,3.0,2.0,12.0,14.0,15.0,13.0,10.0,11.0,8.0,9.0,5.0,4.0,7.0,6.0,0.0,1.0,2.0,3.0,13.0,15.0,14.0,12.0,11.0,10.0,9.0,8.0,6.0,7.0,4.0,5.0,2.0,3.0,1.0,0.0,14.0,12.0,13.0,15.0,8.0,9.0,10.0,11.0,7.0,6.0,5.0,4.0,3.0,2.0,0.0,1.0,15.0,13.0,12.0,14.0,9.0,8.0,11.0,10.0,8.0,9.0,10.0,11.0,12.0,13.0,14.0,15.0,0.0,1.0,2.0,3.0,4.0,5.0,6.0,7.0,9.0,8.0,11.0,10.0,13.0,12.0,15.0,14.0,1.0,0.0,3.0,2.0,5.0,4.0,7.0,6.0,10.0,11.0,9.0,8.0,14.0,15.0,13.0,12.0,2.0,3.0,1.0,0.0,6.0,7.0,5.0,4.0,11.0,10.0,8.0,9.0,15.0,14.0,12.0,13.0,3.0,2.0,0.0,1.0,7.0,6.0,4.0,5.0,12.0,14.0,13.0,15.0,11.0,8.0,10.0,9.0,4.0,5.0,6.0,7.0,3.0,2.0,0.0,1.0,13.0,15.0,12.0,14.0,10.0,9.0,11.0,8.0,5.0,4.0,7.0,6.0,2.0,3.0,1.0,0.0,14.0,12.0,15.0,13.0,8.0,11.0,9.0,10.0,6.0,7.0,5.0,4.0,0.0,1.0,2.0,3.0,15.0,13.0,14.0,12.0,9.0,10.0,8.0,11.0,7.0,6.0,4.0,5.0,1.0,0.0,3.0,2.0
306105,65507,10,multi_DTransversal_12_2025-06-08_22_24_47_262353_1,1749421825,5,1,5,527.8867,530.721332,0,1000000000.0,4456448.0,6959104.0,14779.0,3600000000000.0,86400000000000.0,500000000.0,1000000000.0,1749421487,604800,0,0,0,2,GenuineIntel,Intel Xeon Processor (Icelake) [Family 6 Model 106 Stepping 0],1000000000.0,1000000000.0,1000000000.0,Linux Ubuntu,Ubuntu 24.04.2 LTS [6.8.0-59-generic|libc 2.39],1006919680.0,16777216.0,0.0,20105105408.0,16889634816.0,2990080.0,688128.0,18595474472.96,58063412.844922,29429754.907709,0.0,1.0,0.0,0.874458,0,0.0,0.0,1.0,2.0,3.0,4.0,5.0,6.0,7.0,8.0,9.0,10.0,11.0,12.0,13.0,14.0,15.0,1.0,0.0,3.0,2.0,5.0,4.0,7.0,6.0,9.0,8.0,11.0,10.0,13.0,12.0,15.0,14.0,2.0,3.0,1.0,0.0,7.0,6.0,4.0,5.0,10.0,11.0,9.0,8.0,14.0,15.0,13.0,12.0,3.0,2.0,0.0,1.0,6.0,7.0,5.0,4.0,11.0,10.0,8.0,9.0,15.0,14.0,12.0,13.0,4.0,5.0,6.0,7.0,1.0,0.0,3.0,2.0,12.0,14.0,15.0,13.0,10.0,11.0,8.0,9.0,5.0,4.0,7.0,6.0,0.0,1.0,2.0,3.0,13.0,15.0,14.0,12.0,11.0,10.0,9.0,8.0,6.0,7.0,4.0,5.0,2.0,3.0,1.0,0.0,14.0,12.0,13.0,15.0,8.0,9.0,10.0,11.0,7.0,6.0,5.0,4.0,3.0,2.0,0.0,1.0,15.0,13.0,12.0,14.0,9.0,8.0,11.0,10.0,8.0,9.0,10.0,11.0,12.0,13.0,14.0,15.0,0.0,1.0,2.0,3.0,4.0,5.0,6.0,7.0,9.0,8.0,11.0,10.0,13.0,12.0,15.0,14.0,1.0,0.0,3.0,2.0,5.0,4.0,7.0,6.0,10.0,11.0,9.0,8.0,14.0,15.0,13.0,12.0,2.0,3.0,1.0,0.0,6.0,7.0,5.0,4.0,11.0,10.0,8.0,9.0,15.0,14.0,12.0,13.0,3.0,2.0,0.0,1.0,7.0,6.0,4.0,5.0,12.0,14.0,13.0,15.0,11.0,8.0,10.0,9.0,4.0,5.0,6.0,7.0,3.0,2.0,0.0,1.0,13.0,15.0,12.0,14.0,10.0,9.0,11.0,8.0,5.0,4.0,7.0,6.0,2.0,3.0,1.0,0.0,14.0,12.0,15.0,13.0,8.0,11.0,9.0,10.0,6.0,7.0,5.0,4.0,0.0,1.0,2.0,3.0,15.0,13.0,14.0,12.0,9.0,10.0,8.0,11.0,7.0,6.0,4.0,5.0,1.0,0.0,3.0,2.0
306106,65507,10,multi_DTransversal_12_2025-06-08_22_24_47_262353_2,1749421825,5,1,5,527.1437,531.763189,0,1000000000.0,4456448.0,6959104.0,14780.0,3600000000000.0,86400000000000.0,500000000.0,1000000000.0,1749421487,604800,0,0,0,2,GenuineIntel,Intel Xeon Processor (Icelake) [Family 6 Model 106 Stepping 0],1000000000.0,1000000000.0,1000000000.0,Linux Ubuntu,Ubuntu 24.04.2 LTS [6.8.0-59-generic|libc 2.39],1006919680.0,16777216.0,0.0,20105105408.0,16889634816.0,2990080.0,688128.0,18595474472.96,58063412.844922,29429754.907709,0.0,1.0,0.0,0.874458,0,0.0,0.0,1.0,2.0,3.0,4.0,5.0,6.0,7.0,8.0,9.0,10.0,11.0,12.0,13.0,14.0,15.0,1.0,0.0,3.0,2.0,5.0,4.0,7.0,6.0,9.0,8.0,11.0,10.0,13.0,12.0,15.0,14.0,2.0,3.0,1.0,0.0,7.0,6.0,4.0,5.0,10.0,11.0,9.0,8.0,14.0,15.0,13.0,12.0,3.0,2.0,0.0,1.0,6.0,7.0,5.0,4.0,11.0,10.0,8.0,9.0,15.0,14.0,12.0,13.0,4.0,5.0,6.0,7.0,1.0,0.0,3.0,2.0,12.0,14.0,15.0,13.0,10.0,11.0,8.0,9.0,5.0,4.0,7.0,6.0,0.0,1.0,2.0,3.0,13.0,15.0,14.0,12.0,11.0,10.0,9.0,8.0,6.0,7.0,4.0,5.0,2.0,3.0,1.0,0.0,14.0,12.0,13.0,15.0,8.0,9.0,10.0,11.0,7.0,6.0,5.0,4.0,3.0,2.0,0.0,1.0,15.0,13.0,12.0,14.0,9.0,8.0,11.0,10.0,8.0,9.0,10.0,11.0,12.0,13.0,14.0,15.0,0.0,1.0,2.0,3.0,4.0,5.0,6.0,7.0,9.0,8.0,11.0,10.0,13.0,12.0,15.0,14.0,1.0,0.0,3.0,2.0,5.0,4.0,7.0,6.0,10.0,11.0,9.0,8.0,14.0,15.0,13.0,12.0,2.0,3.0,1.0,0.0,6.0,7.0,5.0,4.0,11.0,10.0,8.0,9.0,15.0,14.0,12.0,13.0,3.0,2.0,0.0,1.0,7.0,6.0,4.0,5.0,12.0,14.0,13.0,15.0,11.0,8.0,10.0,9.0,4.0,5.0,6.0,7.0,3.0,2.0,0.0,1.0,13.0,15.0,12.0,14.0,10.0,9.0,11.0,8.0,5.0,4.0,7.0,6.0,2.0,3.0,1.0,0.0,14.0,12.0,15.0,13.0,8.0,11.0,9.0,10.0,6.0,7.0,5.0,4.0,0.0,1.0,2.0,3.0,15.0,13.0,14.0,12.0,9.0,10.0,8.0,11.0,7.0,6.0,4.0,5.0,1.0,0.0,3.0,2.0
306107,65508,13,multi_DTransversal_13_2025-06-08_22_24_47_328944_0,1749421825,5,1,5,229.3438,232.683487,0,1000000000.0,10801152.0,6529024.0,6245.0,3600000000000.0,86400000000000.0,500000000.0,1000000000.0,1749421487,604800,0,0,0,8,GenuineIntel,Intel(R) Xeon(R) CPU E5-2695 v2 @ 2.40GHz [Family 6 Model 62 Stepping 4],1000000000.0,1000000000.0,1000000000.0,Microsoft Windows 10,"Enterprise LTSB x64 Edition, (10.00.19044.00)",17171070976.0,262144.0,19721207808.0,47715450880.0,12161384448.0,47854504.0,0.0,14603537759.36,60997332.301195,14493303.268338,0.0,1.0,0.0,0.931104,0,0.0,0.0,1.0,2.0,3.0,4.0,5.0,6.0,7.0,8.0,9.0,10.0,11.0,12.0,13.0,14.0,15.0,1.0,0.0,3.0,2.0,5.0,4.0,7.0,6.0,9.0,8.0,11.0,10.0,13.0,12.0,15.0,14.0,2.0,3.0,1.0,0.0,7.0,6.0,4.0,5.0,10.0,11.0,9.0,8.0,15.0,14.0,12.0,13.0,3.0,2.0,0.0,1.0,6.0,7.0,5.0,4.0,11.0,10.0,8.0,9.0,14.0,15.0,13.0,12.0,4.0,5.0,6.0,7.0,1.0,0.0,3.0,2.0,12.0,13.0,14.0,15.0,9.0,8.0,11.0,10.0,5.0,4.0,7.0,6.0,0.0,1.0,2.0,3.0,13.0,12.0,15.0,14.0,8.0,9.0,10.0,11.0,6.0,7.0,4.0,5.0,3.0,2.0,1.0,0.0,14.0,15.0,12.0,13.0,10.0,11.0,9.0,8.0,7.0,6.0,5.0,4.0,2.0,3.0,0.0,1.0,15.0,14.0,13.0,12.0,11.0,10.0,8.0,9.0,8.0,9.0,10.0,11.0,12.0,13.0,14.0,15.0,0.0,1.0,2.0,3.0,4.0,5.0,6.0,7.0,9.0,8.0,11.0,10.0,13.0,12.0,15.0,14.0,1.0,0.0,3.0,2.0,5.0,4.0,7.0,6.0,10.0,11.0,9.0,8.0,14.0,15.0,13.0,12.0,2.0,3.0,1.0,0.0,6.0,7.0,5.0,4.0,11.0,10.0,8.0,9.0,15.0,14.0,12.0,13.0,3.0,2.0,0.0,1.0,7.0,6.0,4.0,5.0,12.0,14.0,15.0,13.0,10.0,11.0,8.0,9.0,4.0,6.0,5.0,7.0,3.0,0.0,2.0,1.0,13.0,15.0,14.0,12.0,11.0,10.0,9.0,8.0,5.0,7.0,4.0,6.0,2.0,1.0,3.0,0.0,14.0,12.0,13.0,15.0,8.0,9.0,10.0,11.0,6.0,4.0,7.0,5.0,0.0,3.0,1.0,2.0,15.0,13.0,12.0,14.0,9.0,8.0,11.0,10.0,7.0,5.0,6.0,4.0,1.0,2.0,0.0,3.0
306108,65508,13,multi_DTransversal_13_2025-06-08_22_24_47_328944_1,1749421825,5,1,5,229.1875,231.625044,0,1000000000.0,10805248.0,6533120.0,6245.0,3600000000000.0,86400000000000.0,500000000.0,1000000000.0,1749421487,604800,0,0,0,8,GenuineIntel,Intel(R) Xeon(R) CPU E5-2695 v2 @ 2.40GHz [Family 6 Model 62 Stepping 4],1000000000.0,1000000000.0,1000000000.0,Microsoft Windows 10,"Enterprise LTSB x64 Edition, (10.00.19044.00)",17171070976.0,262144.0,19721207808.0,47715450880.0,12161384448.0,47854504.0,0.0,14603537759.36,60997332.301195,14493303.268338,0.0,1.0,0.0,0.931104,0,0.0,0.0,1.0,2.0,3.0,4.0,5.0,6.0,7.0,8.0,9.0,10.0,11.0,12.0,13.0,14.0,15.0,1.0,0.0,3.0,2.0,5.0,4.0,7.0,6.0,9.0,8.0,11.0,10.0,13.0,12.0,15.0,14.0,2.0,3.0,1.0,0.0,7.0,6.0,4.0,5.0,10.0,11.0,9.0,8.0,15.0,14.0,12.0,13.0,3.0,2.0,0.0,1.0,6.0,7.0,5.0,4.0,11.0,10.0,8.0,9.0,14.0,15.0,13.0,12.0,4.0,5.0,6.0,7.0,1.0,0.0,3.0,2.0,12.0,13.0,14.0,15.0,9.0,8.0,11.0,10.0,5.0,4.0,7.0,6.0,0.0,1.0,2.0,3.0,13.0,12.0,15.0,14.0,8.0,9.0,10.0,11.0,6.0,7.0,4.0,5.0,3.0,2.0,1.0,0.0,14.0,15.0,12.0,13.0,10.0,11.0,9.0,8.0,7.0,6.0,5.0,4.0,2.0,3.0,0.0,1.0,15.0,14.0,13.0,12.0,11.0,10.0,8.0,9.0,8.0,9.0,10.0,11.0,12.0,13.0,14.0,15.0,0.0,1.0,2.0,3.0,4.0,5.0,6.0,7.0,9.0,8.0,11.0,10.0,13.0,12.0,15.0,14.0,1.0,0.0,3.0,2.0,5.0,4.0,7.0,6.0,10.0,11.0,9.0,8.0,14.0,15.0,13.0,12.0,2.0,3.0,1.0,0.0,6.0,7.0,5.0,4.0,11.0,10.0,8.0,9.0,15.0,14.0,12.0,13.0,3.0,2.0,0.0,1.0,7.0,6.0,4.0,5.0,12.0,14.0,15.0,13.0,10.0,11.0,8.0,9.0,4.0,6.0,5.0,7.0,3.0,0.0,2.0,1.0,13.0,15.0,14.0,12.0,11.0,10.0,9.0,8.0,5.0,7.0,4.0,6.0,2.0,1.0,3.0,0.0,14.0,12.0,13.0,15.0,8.0,9.0,10.0,11.0,6.0,4.0,7.0,5.0,0.0,3.0,1.0,2.0,15.0,13.0,12.0,14.0,9.0,8.0,11.0,10.0,7.0,5.0,6.0,4.0,1.0,2.0,0.0,3.0
306109,65508,14,multi_DTransversal_13_2025-06-08_22_24_47_328944_2,1749421825,5,1,5,225.9844,227.812487,0,1000000000.0,10809344.0,6533120.0,6245.0,3600000000000.0,86400000000000.0,500000000.0,1000000000.0,1749421487,604800,0,0,0,8,GenuineIntel,Intel(R) Xeon(R) CPU E5-2695 v2 @ 2.40GHz [Family 6 Model 62 Stepping 4],1000000000.0,1000000000.0,1000000000.0,Microsoft Windows 10,"Enterprise LTSB x64 Edition, (10.00.19044.00)",17171070976.0,262144.0,19721207808.0,47715450880.0,12043943936.0,50470565.0,171008.0,14504363335.66,50555456.420003,25813395.198889,0.0,1.0,0.0,0.932014,0,0.0,0.0,1.0,2.0,3.0,4.0,5.0,6.0,7.0,8.0,9.0,10.0,11.0,12.0,13.0,14.0,15.0,1.0,0.0,3.0,2.0,5.0,4.0,7.0,6.0,9.0,8.0,11.0,10.0,13.0,12.0,15.0,14.0,2.0,3.0,1.0,0.0,7.0,6.0,4.0,5.0,10.0,11.0,9.0,8.0,15.0,14.0,12.0,13.0,3.0,2.0,0.0,1.0,6.0,7.0,5.0,4.0,11.0,10.0,8.0,9.0,14.0,15.0,13.0,12.0,4.0,5.0,6.0,7.0,1.0,0.0,3.0,2.0,12.0,13.0,14.0,15.0,9.0,8.0,11.0,10.0,5.0,4.0,7.0,6.0,0.0,1.0,2.0,3.0,13.0,12.0,15.0,14.0,8.0,9.0,10.0,11.0,6.0,7.0,4.0,5.0,3.0,2.0,1.0,0.0,14.0,15.0,12.0,13.0,10.0,11.0,9.0,8.0,7.0,6.0,5.0,4.0,2.0,3.0,0.0,1.0,15.0,14.0,13.0,12.0,11.0,10.0,8.0,9.0,8.0,9.0,10.0,11.0,12.0,13.0,14.0,15.0,0.0,1.0,2.0,3.0,4.0,5.0,6.0,7.0,9.0,8.0,11.0,10.0,13.0,12.0,15.0,14.0,1.0,0.0,3.0,2.0,5.0,4.0,7.0,6.0,10.0,11.0,9.0,8.0,14.0,15.0,13.0,12.0,2.0,3.0,1.0,0.0,6.0,7.0,5.0,4.0,11.0,10.0,8.0,9.0,15.0,14.0,12.0,13.0,3.0,2.0,0.0,1.0,7.0,6.0,4.0,5.0,12.0,14.0,15.0,13.0,10.0,11.0,8.0,9.0,4.0,6.0,5.0,7.0,3.0,0.0,2.0,1.0,13.0,15.0,14.0,12.0,11.0,10.0,9.0,8.0,5.0,7.0,4.0,6.0,2.0,1.0,3.0,0.0,14.0,12.0,13.0,15.0,8.0,9.0,10.0,11.0,6.0,4.0,7.0,5.0,0.0,3.0,1.0,2.0,15.0,13.0,12.0,14.0,9.0,8.0,11.0,10.0,7.0,5.0,6.0,4.0,1.0,2.0,0.0,3.0
306110,65509,14,multi_DTransversal_14_2025-06-08_22_24_47_440117_0,1749421825,5,1,5,217.1094,219.610914,0,1000000000.0,10809344.0,6533120.0,6245.0,3600000000000.0,86400000000000.0,500000000.0,1000000000.0,1749421487,604800,0,0,0,8,GenuineIntel,Intel(R) Xeon(R) CPU E5-2695 v2 @ 2.40GHz [Family 6 Model 62 Stepping 4],1000000000.0,1000000000.0,1000000000.0,Microsoft Windows 10,"Enterprise LTSB x64 Edition, (10.00.19044.00)",17171070976.0,262144.0,19721207808.0,47715450880.0,12043943936.0,50470565.0,171008.0,14504363335.66,50555456.420003,25813395.198889,0.0,1.0,0.0,0.932014,0,0.0,0.0,1.0,2.0,3.0,4.0,5.0,6.0,7.0,8.0,9.0,10.0,11.0,12.0,13.0,14.0,15.0,1.0,0.0,3.0,2.0,5.0,4.0,7.0,6.0,9.0,8.0,11.0,10.0,13.0,12.0,15.0,14.0,2.0,3.0,1.0,0.0,7.0,6.0,4.0,5.0,10.0,11.0,9.0,8.0,15.0,14.0,12.0,13.0,3.0,2.0,0.0,1.0,6.0,7.0,5.0,4.0,11.0,10.0,8.0,9.0,14.0,15.0,13.0,12.0,4.0,5.0,6.0,7.0,1.0,0.0,3.0,2.0,12.0,13.0,14.0,15.0,9.0,8.0,11.0,10.0,5.0,4.0,7.0,6.0,0.0,1.0,2.0,3.0,13.0,12.0,15.0,14.0,8.0,9.0,10.0,11.0,6.0,7.0,5.0,4.0,2.0,3.0,1.0,0.0,14.0,15.0,12.0,13.0,11.0,10.0,9.0,8.0,7.0,6.0,4.0,5.0,3.0,2.0,0.0,1.0,15.0,14.0,13.0,12.0,10.0,11.0,8.0,9.0,8.0,9.0,10.0,11.0,12.0,13.0,14.0,15.0,0.0,1.0,2.0,3.0,4.0,5.0,6.0,7.0,9.0,8.0,11.0,10.0,13.0,12.0,15.0,14.0,1.0,0.0,3.0,2.0,5.0,4.0,7.0,6.0,10.0,11.0,9.0,8.0,15.0,14.0,12.0,13.0,2.0,3.0,1.0,0.0,6.0,7.0,5.0,4.0,11.0,10.0,8.0,9.0,14.0,15.0,13.0,12.0,3.0,2.0,0.0,1.0,7.0,6.0,4.0,5.0,12.0,13.0,14.0,15.0,9.0,8.0,11.0,10.0,4.0,6.0,7.0,5.0,2.0,3.0,0.0,1.0,13.0,12.0,15.0,14.0,8.0,9.0,10.0,11.0,5.0,7.0,6.0,4.0,3.0,2.0,1.0,0.0,14.0,15.0,12.0,13.0,10.0,11.0,9.0,8.0,6.0,4.0,5.0,7.0,0.0,1.0,2.0,3.0,15.0,14.0,13.0,12.0,11.0,10.0,8.0,9.0,7.0,5.0,4.0,6.0,1.0,0.0,3.0,2.0
306111,65509,14,multi_DTransversal_14_2025-06-08_22_24_47_440117_1,1749421825,5,1,5,219.4531,220.765623,0,1000000000.0,10809344.0,6529024.0,6244.0,3600000000000.0,86400000000000.0,500000000.0,1000000000.0,1749421487,604800,0,0,0,8,GenuineIntel,Intel(R) Xeon(R) CPU E5-2695 v2 @ 2.40GHz [Family 6 Model 62 Stepping 4],1000000000.0,1000000000.0,1000000000.0,Microsoft Windows 10,"Enterprise LTSB x64 Edition, (10.00.19044.00)",17171070976.0,262144.0,19721207808.0,47715450880.0,12043943936.0,50470565.0,171008.0,14504363335.66,50555456.420003,25813395.198889,0.0,1.0,0.0,0.932014,0,0.0,0.0,1.0,2.0,3.0,4.0,5.0,6.0,7.0,8.0,9.0,10.0,11.0,12.0,13.0,14.0,15.0,1.0,0.0,3.0,2.0,5.0,4.0,7.0,6.0,9.0,8.0,11.0,10.0,13.0,12.0,15.0,14.0,2.0,3.0,1.0,0.0,7.0,6.0,4.0,5.0,10.0,11.0,9.0,8.0,15.0,14.0,12.0,13.0,3.0,2.0,0.0,1.0,6.0,7.0,5.0,4.0,11.0,10.0,8.0,9.0,14.0,15.0,13.0,12.0,4.0,5.0,6.0,7.0,1.0,0.0,3.0,2.0,12.0,13.0,14.0,15.0,9.0,8.0,11.0,10.0,5.0,4.0,7.0,6.0,0.0,1.0,2.0,3.0,13.0,12.0,15.0,14.0,8.0,9.0,10.0,11.0,6.0,7.0,5.0,4.0,2.0,3.0,1.0,0.0,14.0,15.0,12.0,13.0,11.0,10.0,9.0,8.0,7.0,6.0,4.0,5.0,3.0,2.0,0.0,1.0,15.0,14.0,13.0,12.0,10.0,11.0,8.0,9.0,8.0,9.0,10.0,11.0,12.0,13.0,14.0,15.0,0.0,1.0,2.0,3.0,4.0,5.0,6.0,7.0,9.0,8.0,11.0,10.0,13.0,12.0,15.0,14.0,1.0,0.0,3.0,2.0,5.0,4.0,7.0,6.0,10.0,11.0,9.0,8.0,15.0,14.0,12.0,13.0,2.0,3.0,1.0,0.0,6.0,7.0,5.0,4.0,11.0,10.0,8.0,9.0,14.0,15.0,13.0,12.0,3.0,2.0,0.0,1.0,7.0,6.0,4.0,5.0,12.0,13.0,14.0,15.0,9.0,8.0,11.0,10.0,4.0,6.0,7.0,5.0,2.0,3.0,0.0,1.0,13.0,12.0,15.0,14.0,8.0,9.0,10.0,11.0,5.0,7.0,6.0,4.0,3.0,2.0,1.0,0.0,14.0,15.0,12.0,13.0,10.0,11.0,9.0,8.0,6.0,4.0,5.0,7.0,0.0,1.0,2.0,3.0,15.0,14.0,13.0,12.0,11.0,10.0,8.0,9.0,7.0,5.0,4.0,6.0,1.0,0.0,3.0,2.0
306112,65509,14,multi_DTransversal_14_2025-06-08_22_24_47_440117_2,1749421825,5,1,5,221.75,223.781246,0,1000000000.0,10813440.0,6524928.0,6244.0,3600000000000.0,86400000000000.0,500000000.0,1000000000.0,1749421487,604800,0,0,0,8,GenuineIntel,Intel(R) Xeon(R) CPU E5-2695 v2 @ 2.40GHz [Family 6 Model 62 Stepping 4],1000000000.0,1000000000.0,1000000000.0,Microsoft Windows 10,"Enterprise LTSB x64 Edition, (10.00.19044.00)",17171070976.0,262144.0,19721207808.0,47715450880.0,12043943936.0,50470565.0,171008.0,14504363335.66,50555456.420003,25813395.198889,0.0,1.0,0.0,0.932014,0,0.0,0.0,1.0,2.0,3.0,4.0,5.0,6.0,7.0,8.0,9.0,10.0,11.0,12.0,13.0,14.0,15.0,1.0,0.0,3.0,2.0,5.0,4.0,7.0,6.0,9.0,8.0,11.0,10.0,13.0,12.0,15.0,14.0,2.0,3.0,1.0,0.0,7.0,6.0,4.0,5.0,10.0,11.0,9.0,8.0,15.0,14.0,12.0,13.0,3.0,2.0,0.0,1.0,6.0,7.0,5.0,4.0,11.0,10.0,8.0,9.0,14.0,15.0,13.0,12.0,4.0,5.0,6.0,7.0,1.0,0.0,3.0,2.0,12.0,13.0,14.0,15.0,9.0,8.0,11.0,10.0,5.0,4.0,7.0,6.0,0.0,1.0,2.0,3.0,13.0,12.0,15.0,14.0,8.0,9.0,10.0,11.0,6.0,7.0,5.0,4.0,2.0,3.0,1.0,0.0,14.0,15.0,12.0,13.0,11.0,10.0,9.0,8.0,7.0,6.0,4.0,5.0,3.0,2.0,0.0,1.0,15.0,14.0,13.0,12.0,10.0,11.0,8.0,9.0,8.0,9.0,10.0,11.0,12.0,13.0,14.0,15.0,0.0,1.0,2.0,3.0,4.0,5.0,6.0,7.0,9.0,8.0,11.0,10.0,13.0,12.0,15.0,14.0,1.0,0.0,3.0,2.0,5.0,4.0,7.0,6.0,10.0,11.0,9.0,8.0,15.0,14.0,12.0,13.0,2.0,3.0,1.0,0.0,6.0,7.0,5.0,4.0,11.0,10.0,8.0,9.0,14.0,15.0,13.0,12.0,3.0,2.0,0.0,1.0,7.0,6.0,4.0,5.0,12.0,13.0,14.0,15.0,9.0,8.0,11.0,10.0,4.0,6.0,7.0,5.0,2.0,3.0,0.0,1.0,13.0,12.0,15.0,14.0,8.0,9.0,10.0,11.0,5.0,7.0,6.0,4.0,3.0,2.0,1.0,0.0,14.0,15.0,12.0,13.0,10.0,11.0,9.0,8.0,6.0,4.0,5.0,7.0,0.0,1.0,2.0,3.0,15.0,14.0,13.0,12.0,11.0,10.0,8.0,9.0,7.0,5.0,4.0,6.0,1.0,0.0,3.0,2.0
306113,65510,14,multi_DTransversal_15_2025-06-08_22_24_47_502113_0,1749421825,5,1,5,212.7969,214.564024,0,1000000000.0,10817536.0,6537216.0,6245.0,3600000000000.0,86400000000000.0,500000000.0,1000000000.0,1749421487,604800,0,0,0,8,GenuineIntel,Intel(R) Xeon(R) CPU E5-2695 v2 @ 2.40GHz [Family 6 Model 62 Stepping 4],1000000000.0,1000000000.0,1000000000.0,Microsoft Windows 10,"Enterprise LTSB x64 Edition, (10.00.19044.00)",17171070976.0,262144.0,19721207808.0,47715450880.0,12043943936.0,50470565.0,171008.0,14504363335.66,50555456.420003,25813395.198889,0.0,1.0,0.0,0.932014,0,0.0,0.0,1.0,2.0,3.0,4.0,5.0,6.0,7.0,8.0,9.0,10.0,11.0,12.0,13.0,14.0,15.0,1.0,0.0,3.0,2.0,5.0,4.0,7.0,6.0,9.0,8.0,11.0,10.0,13.0,12.0,15.0,14.0,2.0,3.0,1.0,0.0,7.0,6.0,4.0,5.0,10.0,11.0,9.0,8.0,15.0,14.0,12.0,13.0,3.0,2.0,0.0,1.0,6.0,7.0,5.0,4.0,11.0,10.0,8.0,9.0,14.0,15.0,13.0,12.0,4.0,5.0,6.0,7.0,2.0,3.0,1.0,0.0,12.0,13.0,14.0,15.0,9.0,8.0,11.0,10.0,5.0,4.0,7.0,6.0,3.0,2.0,0.0,1.0,13.0,12.0,15.0,14.0,8.0,9.0,10.0,11.0,6.0,7.0,5.0,4.0,0.0,1.0,2.0,3.0,14.0,15.0,13.0,12.0,10.0,11.0,9.0,8.0,7.0,6.0,4.0,5.0,1.0,0.0,3.0,2.0,15.0,14.0,12.0,13.0,11.0,10.0,8.0,9.0,8.0,9.0,10.0,11.0,12.0,13.0,14.0,15.0,0.0,1.0,2.0,3.0,4.0,5.0,6.0,7.0,9.0,8.0,11.0,10.0,13.0,12.0,15.0,14.0,1.0,0.0,3.0,2.0,5.0,4.0,7.0,6.0,10.0,11.0,9.0,8.0,15.0,14.0,12.0,13.0,2.0,3.0,1.0,0.0,7.0,6.0,4.0,5.0,11.0,10.0,8.0,9.0,14.0,15.0,13.0,12.0,3.0,2.0,0.0,1.0,6.0,7.0,5.0,4.0,12.0,13.0,14.0,15.0,9.0,8.0,11.0,10.0,4.0,5.0,6.0,7.0,1.0,0.0,3.0,2.0,13.0,12.0,15.0,14.0,8.0,9.0,10.0,11.0,5.0,4.0,7.0,6.0,0.0,1.0,2.0,3.0,14.0,15.0,12.0,13.0,11.0,10.0,9.0,8.0,6.0,7.0,4.0,5.0,2.0,3.0,1.0,0.0,15.0,14.0,13.0,12.0,10.0,11.0,8.0,9.0,7.0,6.0,5.0,4.0,3.0,2.0,0.0,1.0
306114,65510,14,multi_DTransversal_15_2025-06-08_22_24_47_502113_1,1749421825,5,1,5,214.125,215.687481,0,1000000000.0,10809344.0,6524928.0,6245.0,3600000000000.0,86400000000000.0,500000000.0,1000000000.0,1749421487,604800,0,0,0,8,GenuineIntel,Intel(R) Xeon(R) CPU E5-2695 v2 @ 2.40GHz [Family 6 Model 62 Stepping 4],1000000000.0,1000000000.0,1000000000.0,Microsoft Windows 10,"Enterprise LTSB x64 Edition, (10.00.19044.00)",17171070976.0,262144.0,19721207808.0,47715450880.0,12043943936.0,50470565.0,171008.0,14504363335.66,50555456.420003,25813395.198889,0.0,1.0,0.0,0.932014,0,0.0,0.0,1.0,2.0,3.0,4.0,5.0,6.0,7.0,8.0,9.0,10.0,11.0,12.0,13.0,14.0,15.0,1.0,0.0,3.0,2.0,5.0,4.0,7.0,6.0,9.0,8.0,11.0,10.0,13.0,12.0,15.0,14.0,2.0,3.0,1.0,0.0,7.0,6.0,4.0,5.0,10.0,11.0,9.0,8.0,15.0,14.0,12.0,13.0,3.0,2.0,0.0,1.0,6.0,7.0,5.0,4.0,11.0,10.0,8.0,9.0,14.0,15.0,13.0,12.0,4.0,5.0,6.0,7.0,2.0,3.0,1.0,0.0,12.0,13.0,14.0,15.0,9.0,8.0,11.0,10.0,5.0,4.0,7.0,6.0,3.0,2.0,0.0,1.0,13.0,12.0,15.0,14.0,8.0,9.0,10.0,11.0,6.0,7.0,5.0,4.0,0.0,1.0,2.0,3.0,14.0,15.0,13.0,12.0,10.0,11.0,9.0,8.0,7.0,6.0,4.0,5.0,1.0,0.0,3.0,2.0,15.0,14.0,12.0,13.0,11.0,10.0,8.0,9.0,8.0,9.0,10.0,11.0,12.0,13.0,14.0,15.0,0.0,1.0,2.0,3.0,4.0,5.0,6.0,7.0,9.0,8.0,11.0,10.0,13.0,12.0,15.0,14.0,1.0,0.0,3.0,2.0,5.0,4.0,7.0,6.0,10.0,11.0,9.0,8.0,15.0,14.0,12.0,13.0,2.0,3.0,1.0,0.0,7.0,6.0,4.0,5.0,11.0,10.0,8.0,9.0,14.0,15.0,13.0,12.0,3.0,2.0,0.0,1.0,6.0,7.0,5.0,4.0,12.0,13.0,14.0,15.0,9.0,8.0,11.0,10.0,4.0,5.0,6.0,7.0,1.0,0.0,3.0,2.0,13.0,12.0,15.0,14.0,8.0,9.0,10.0,11.0,5.0,4.0,7.0,6.0,0.0,1.0,2.0,3.0,14.0,15.0,12.0,13.0,11.0,10.0,9.0,8.0,6.0,7.0,4.0,5.0,2.0,3.0,1.0,0.0,15.0,14.0,13.0,12.0,10.0,11.0,8.0,9.0,7.0,6.0,5.0,4.0,3.0,2.0,0.0,1.0
306115,65510,14,multi_DTransversal_15_2025-06-08_22_24_47_502113_2,1749421825,5,1,5,214.2031,216.671858,0,1000000000.0,10813440.0,6529024.0,6245.0,3600000000000.0,86400000000000.0,500000000.0,1000000000.0,1749421487,604800,0,0,0,8,GenuineIntel,Intel(R) Xeon(R) CPU E5-2695 v2 @ 2.40GHz [Family 6 Model 62 Stepping 4],1000000000.0,1000000000.0,1000000000.0,Microsoft Windows 10,"Enterprise LTSB x64 Edition, (10.00.19044.00)",17171070976.0,262144.0,19721207808.0,47715450880.0,12043943936.0,50470565.0,171008.0,14504363335.66,50555456.420003,25813395.198889,0.0,1.0,0.0,0.932014,0,0.0,0.0,1.0,2.0,3.0,4.0,5.0,6.0,7.0,8.0,9.0,10.0,11.0,12.0,13.0,14.0,15.0,1.0,0.0,3.0,2.0,5.0,4.0,7.0,6.0,9.0,8.0,11.0,10.0,13.0,12.0,15.0,14.0,2.0,3.0,1.0,0.0,7.0,6.0,4.0,5.0,10.0,11.0,9.0,8.0,15.0,14.0,12.0,13.0,3.0,2.0,0.0,1.0,6.0,7.0,5.0,4.0,11.0,10.0,8.0,9.0,14.0,15.0,13.0,12.0,4.0,5.0,6.0,7.0,2.0,3.0,1.0,0.0,12.0,13.0,14.0,15.0,9.0,8.0,11.0,10.0,5.0,4.0,7.0,6.0,3.0,2.0,0.0,1.0,13.0,12.0,15.0,14.0,8.0,9.0,10.0,11.0,6.0,7.0,5.0,4.0,0.0,1.0,2.0,3.0,14.0,15.0,13.0,12.0,10.0,11.0,9.0,8.0,7.0,6.0,4.0,5.0,1.0,0.0,3.0,2.0,15.0,14.0,12.0,13.0,11.0,10.0,8.0,9.0,8.0,9.0,10.0,11.0,12.0,13.0,14.0,15.0,0.0,1.0,2.0,3.0,4.0,5.0,6.0,7.0,9.0,8.0,11.0,10.0,13.0,12.0,15.0,14.0,1.0,0.0,3.0,2.0,5.0,4.0,7.0,6.0,10.0,11.0,9.0,8.0,15.0,14.0,12.0,13.0,2.0,3.0,1.0,0.0,7.0,6.0,4.0,5.0,11.0,10.0,8.0,9.0,14.0,15.0,13.0,12.0,3.0,2.0,0.0,1.0,6.0,7.0,5.0,4.0,12.0,13.0,14.0,15.0,9.0,8.0,11.0,10.0,4.0,5.0,6.0,7.0,1.0,0.0,3.0,2.0,13.0,12.0,15.0,14.0,8.0,9.0,10.0,11.0,5.0,4.0,7.0,6.0,0.0,1.0,2.0,3.0,14.0,15.0,12.0,13.0,11.0,10.0,9.0,8.0,6.0,7.0,4.0,5.0,2.0,3.0,1.0,0.0,15.0,14.0,13.0,12.0,10.0,11.0,8.0,9.0,7.0,6.0,5.0,4.0,3.0,2.0,0.0,1.0
306116,65511,14,multi_DTransversal_16_2025-06-08_22_24_47_553973_0,1749421825,5,1,5,215.375,217.609383,0,1000000000.0,10813440.0,6529024.0,6245.0,3600000000000.0,86400000000000.0,500000000.0,1000000000.0,1749421487,604800,0,0,0,8,GenuineIntel,Intel(R) Xeon(R) CPU E5-2695 v2 @ 2.40GHz [Family 6 Model 62 Stepping 4],1000000000.0,1000000000.0,1000000000.0,Microsoft Windows 10,"Enterprise LTSB x64 Edition, (10.00.19044.00)",17171070976.0,262144.0,19721207808.0,47715450880.0,12043943936.0,50470565.0,171008.0,14504363335.66,50555456.420003,25813395.198889,0.0,1.0,0.0,0.932014,0,0.0,0.0,1.0,2.0,3.0,4.0,5.0,6.0,7.0,8.0,9.0,10.0,11.0,12.0,13.0,14.0,15.0,1.0,0.0,3.0,2.0,5.0,4.0,7.0,6.0,9.0,8.0,11.0,10.0,13.0,12.0,15.0,14.0,2.0,3.0,1.0,0.0,7.0,6.0,5.0,4.0,10.0,11.0,9.0,8.0,15.0,14.0,12.0,13.0,3.0,2.0,0.0,1.0,6.0,7.0,4.0,5.0,11.0,10.0,8.0,9.0,14.0,15.0,13.0,12.0,4.0,5.0,6.0,7.0,1.0,0.0,2.0,3.0,12.0,13.0,14.0,15.0,10.0,11.0,9.0,8.0,5.0,4.0,7.0,6.0,0.0,1.0,3.0,2.0,13.0,12.0,15.0,14.0,11.0,10.0,8.0,9.0,6.0,7.0,4.0,5.0,3.0,2.0,0.0,1.0,14.0,15.0,13.0,12.0,8.0,9.0,10.0,11.0,7.0,6.0,5.0,4.0,2.0,3.0,1.0,0.0,15.0,14.0,12.0,13.0,9.0,8.0,11.0,10.0,8.0,9.0,10.0,11.0,12.0,13.0,14.0,15.0,0.0,1.0,2.0,3.0,4.0,5.0,6.0,7.0,9.0,8.0,11.0,10.0,13.0,12.0,15.0,14.0,1.0,0.0,3.0,2.0,5.0,4.0,7.0,6.0,10.0,11.0,9.0,8.0,15.0,14.0,12.0,13.0,2.0,3.0,1.0,0.0,7.0,6.0,4.0,5.0,11.0,10.0,8.0,9.0,14.0,15.0,13.0,12.0,3.0,2.0,0.0,1.0,6.0,7.0,5.0,4.0,12.0,13.0,14.0,15.0,9.0,8.0,11.0,10.0,4.0,5.0,6.0,7.0,1.0,0.0,3.0,2.0,13.0,12.0,15.0,14.0,8.0,9.0,10.0,11.0,5.0,4.0,7.0,6.0,0.0,1.0,2.0,3.0,14.0,15.0,13.0,12.0,10.0,11.0,9.0,8.0,6.0,7.0,4.0,5.0,3.0,2.0,1.0,0.0,15.0,14.0,12.0,13.0,11.0,10.0,8.0,9.0,7.0,6.0,5.0,4.0,2.0,3.0,0.0,1.0
306117,65511,5,multi_DTransversal_16_2025-06-08_22_24_47_553973_1,1749421825,5,1,5,544.904,547.817753,0,3469655309.512298,4456448.0,6959104.0,14772.0,3600000000000.0,86400000000000.0,500000000.0,1000000000.0,1749421487,604800,0,0,0,2,GenuineIntel,Intel Xeon Processor (Icelake) [Family 6 Model 106 Stepping 0],3469655309.512298,61153511188.58783,1000000000.0,Linux Ubuntu,Ubuntu 24.04.2 LTS [6.8.0-59-generic|libc 2.39],2062311424.0,16777216.0,0.0,20105105408.0,16922484736.0,3227648.0,688128.0,18743965532.16,62172879.874603,27986277.102115,0.0,1.0,0.0,0.886615,0,0.0,0.0,1.0,2.0,3.0,4.0,5.0,6.0,7.0,8.0,9.0,10.0,11.0,12.0,13.0,14.0,15.0,1.0,0.0,3.0,2.0,5.0,4.0,7.0,6.0,9.0,8.0,11.0,10.0,13.0,12.0,15.0,14.0,2.0,3.0,1.0,0.0,7.0,6.0,5.0,4.0,10.0,11.0,9.0,8.0,15.0,14.0,12.0,13.0,3.0,2.0,0.0,1.0,6.0,7.0,4.0,5.0,11.0,10.0,8.0,9.0,14.0,15.0,13.0,12.0,4.0,5.0,6.0,7.0,1.0,0.0,2.0,3.0,12.0,13.0,14.0,15.0,10.0,11.0,9.0,8.0,5.0,4.0,7.0,6.0,0.0,1.0,3.0,2.0,13.0,12.0,15.0,14.0,11.0,10.0,8.0,9.0,6.0,7.0,4.0,5.0,3.0,2.0,0.0,1.0,14.0,15.0,13.0,12.0,8.0,9.0,10.0,11.0,7.0,6.0,5.0,4.0,2.0,3.0,1.0,0.0,15.0,14.0,12.0,13.0,9.0,8.0,11.0,10.0,8.0,9.0,10.0,11.0,12.0,13.0,14.0,15.0,0.0,1.0,2.0,3.0,4.0,5.0,6.0,7.0,9.0,8.0,11.0,10.0,13.0,12.0,15.0,14.0,1.0,0.0,3.0,2.0,5.0,4.0,7.0,6.0,10.0,11.0,9.0,8.0,15.0,14.0,12.0,13.0,2.0,3.0,1.0,0.0,7.0,6.0,4.0,5.0,11.0,10.0,8.0,9.0,14.0,15.0,13.0,12.0,3.0,2.0,0.0,1.0,6.0,7.0,5.0,4.0,12.0,13.0,14.0,15.0,9.0,8.0,11.0,10.0,4.0,5.0,6.0,7.0,1.0,0.0,3.0,2.0,13.0,12.0,15.0,14.0,8.0,9.0,10.0,11.0,5.0,4.0,7.0,6.0,0.0,1.0,2.0,3.0,14.0,15.0,13.0,12.0,10.0,11.0,9.0,8.0,6.0,7.0,4.0,5.0,3.0,2.0,1.0,0.0,15.0,14.0,12.0,13.0,11.0,10.0,8.0,9.0,7.0,6.0,5.0,4.0,2.0,3.0,0.0,1.0
306118,65511,11,multi_DTransversal_16_2025-06-08_22_24_47_553973_2,1749421825,5,1,5,214.7031,216.604998,0,1000000000.0,10862592.0,6529024.0,6247.0,3600000000000.0,86400000000000.0,500000000.0,1000000000.0,1749421487,604800,0,0,0,8,GenuineIntel,Intel(R) Xeon(R) CPU E5-2695 v2 @ 2.40GHz [Family 6 Model 62 Stepping 4],1000000000.0,1000000000.0,1000000000.0,Microsoft Windows 10,"Enterprise LTSB x64 Edition, (10.00.19044.00)",17171070976.0,262144.0,19721207808.0,47715450880.0,12050235392.0,48026194.0,171008.0,31952040963.26,55829988.834023,31583643.413455,0.0,1.0,0.0,0.931986,0,0.0,0.0,1.0,2.0,3.0,4.0,5.0,6.0,7.0,8.0,9.0,10.0,11.0,12.0,13.0,14.0,15.0,1.0,0.0,3.0,2.0,5.0,4.0,7.0,6.0,9.0,8.0,11.0,10.0,13.0,12.0,15.0,14.0,2.0,3.0,1.0,0.0,7.0,6.0,5.0,4.0,10.0,11.0,9.0,8.0,15.0,14.0,12.0,13.0,3.0,2.0,0.0,1.0,6.0,7.0,4.0,5.0,11.0,10.0,8.0,9.0,14.0,15.0,13.0,12.0,4.0,5.0,6.0,7.0,1.0,0.0,2.0,3.0,12.0,13.0,14.0,15.0,10.0,11.0,9.0,8.0,5.0,4.0,7.0,6.0,0.0,1.0,3.0,2.0,13.0,12.0,15.0,14.0,11.0,10.0,8.0,9.0,6.0,7.0,4.0,5.0,3.0,2.0,0.0,1.0,14.0,15.0,13.0,12.0,8.0,9.0,10.0,11.0,7.0,6.0,5.0,4.0,2.0,3.0,1.0,0.0,15.0,14.0,12.0,13.0,9.0,8.0,11.0,10.0,8.0,9.0,10.0,11.0,12.0,13.0,14.0,15.0,0.0,1.0,2.0,3.0,4.0,5.0,6.0,7.0,9.0,8.0,11.0,10.0,13.0,12.0,15.0,14.0,1.0,0.0,3.0,2.0,5.0,4.0,7.0,6.0,10.0,11.0,9.0,8.0,15.0,14.0,12.0,13.0,2.0,3.0,1.0,0.0,7.0,6.0,4.0,5.0,11.0,10.0,8.0,9.0,14.0,15.0,13.0,12.0,3.0,2.0,0.0,1.0,6.0,7.0,5.0,4.0,12.0,13.0,14.0,15.0,9.0,8.0,11.0,10.0,4.0,5.0,6.0,7.0,1.0,0.0,3.0,2.0,13.0,12.0,15.0,14.0,8.0,9.0,10.0,11.0,5.0,4.0,7.0,6.0,0.0,1.0,2.0,3.0,14.0,15.0,13.0,12.0,10.0,11.0,9.0,8.0,6.0,7.0,4.0,5.0,3.0,2.0,1.0,0.0,15.0,14.0,12.0,13.0,11.0,10.0,8.0,9.0,7.0,6.0,5.0,4.0,2.0,3.0,0.0,1.0
306119,65512,11,multi_DTransversal_17_2025-06-08_22_24_47_646257_0,1749421825,5,1,5,221.4531,224.683105,0,1000000000.0,10862592.0,6537216.0,6244.0,3600000000000.0,86400000000000.0,500000000.0,1000000000.0,1749421487,604800,0,0,0,8,GenuineIntel,Intel(R) Xeon(R) CPU E5-2695 v2 @ 2.40GHz [Family 6 Model 62 Stepping 4],1000000000.0,1000000000.0,1000000000.0,Microsoft Windows 10,"Enterprise LTSB x64 Edition, (10.00.19044.00)",17171070976.0,262144.0,19721207808.0,47715450880.0,12050235392.0,48026194.0,171008.0,31952040963.26,55829988.834023,31583643.413455,0.0,1.0,0.0,0.931986,0,0.0,0.0,1.0,2.0,3.0,4.0,5.0,6.0,7.0,8.0,9.0,10.0,11.0,12.0,13.0,14.0,15.0,1.0,0.0,3.0,2.0,5.0,4.0,7.0,6.0,9.0,8.0,11.0,10.0,13.0,12.0,15.0,14.0,2.0,3.0,1.0,0.0,7.0,6.0,5.0,4.0,10.0,11.0,9.0,8.0,15.0,14.0,13.0,12.0,3.0,2.0,0.0,1.0,6.0,7.0,4.0,5.0,11.0,10.0,8.0,9.0,14.0,15.0,12.0,13.0,4.0,5.0,7.0,6.0,1.0,0.0,3.0,2.0,12.0,13.0,14.0,15.0,9.0,8.0,10.0,11.0,5.0,4.0,6.0,7.0,0.0,1.0,2.0,3.0,13.0,12.0,15.0,14.0,8.0,9.0,11.0,10.0,6.0,7.0,5.0,4.0,3.0,2.0,1.0,0.0,14.0,15.0,12.0,13.0,11.0,10.0,8.0,9.0,7.0,6.0,4.0,5.0,2.0,3.0,0.0,1.0,15.0,14.0,13.0,12.0,10.0,11.0,9.0,8.0,8.0,9.0,10.0,11.0,12.0,13.0,14.0,15.0,0.0,1.0,2.0,3.0,4.0,5.0,6.0,7.0,9.0,8.0,11.0,10.0,13.0,12.0,15.0,14.0,1.0,0.0,3.0,2.0,5.0,4.0,7.0,6.0,10.0,11.0,9.0,8.0,15.0,14.0,12.0,13.0,2.0,3.0,1.0,0.0,7.0,6.0,4.0,5.0,11.0,10.0,8.0,9.0,14.0,15.0,13.0,12.0,3.0,2.0,0.0,1.0,6.0,7.0,5.0,4.0,12.0,13.0,14.0,15.0,10.0,11.0,9.0,8.0,4.0,5.0,6.0,7.0,1.0,0.0,3.0,2.0,13.0,12.0,15.0,14.0,11.0,10.0,8.0,9.0,5.0,4.0,7.0,6.0,0.0,1.0,2.0,3.0,14.0,15.0,13.0,12.0,8.0,9.0,10.0,11.0,6.0,7.0,5.0,4.0,2.0,3.0,1.0,0.0,15.0,14.0,12.0,13.0,9.0,8.0,11.0,10.0,7.0,6.0,4.0,5.0,3.0,2.0,0.0,1.0
306120,65512,11,multi_DTransversal_17_2025-06-08_22_24_47_646257_1,1749421825,5,1,5,227.5312,230.890228,0,1000000000.0,10866688.0,6529024.0,6247.0,3600000000000.0,86400000000000.0,500000000.0,1000000000.0,1749421487,604800,0,0,0,8,GenuineIntel,Intel(R) Xeon(R) CPU E5-2695 v2 @ 2.40GHz [Family 6 Model 62 Stepping 4],1000000000.0,1000000000.0,1000000000.0,Microsoft Windows 10,"Enterprise LTSB x64 Edition, (10.00.19044.00)",17171070976.0,262144.0,19721207808.0,47715450880.0,12050235392.0,48026194.0,171008.0,31952040963.26,55829988.834023,31583643.413455,0.0,1.0,0.0,0.931986,0,0.0,0.0,1.0,2.0,3.0,4.0,5.0,6.0,7.0,8.0,9.0,10.0,11.0,12.0,13.0,14.0,15.0,1.0,0.0,3.0,2.0,5.0,4.0,7.0,6.0,9.0,8.0,11.0,10.0,13.0,12.0,15.0,14.0,2.0,3.0,1.0,0.0,7.0,6.0,5.0,4.0,10.0,11.0,9.0,8.0,15.0,14.0,13.0,12.0,3.0,2.0,0.0,1.0,6.0,7.0,4.0,5.0,11.0,10.0,8.0,9.0,14.0,15.0,12.0,13.0,4.0,5.0,7.0,6.0,1.0,0.0,3.0,2.0,12.0,13.0,14.0,15.0,9.0,8.0,10.0,11.0,5.0,4.0,6.0,7.0,0.0,1.0,2.0,3.0,13.0,12.0,15.0,14.0,8.0,9.0,11.0,10.0,6.0,7.0,5.0,4.0,3.0,2.0,1.0,0.0,14.0,15.0,12.0,13.0,11.0,10.0,8.0,9.0,7.0,6.0,4.0,5.0,2.0,3.0,0.0,1.0,15.0,14.0,13.0,12.0,10.0,11.0,9.0,8.0,8.0,9.0,10.0,11.0,12.0,13.0,14.0,15.0,0.0,1.0,2.0,3.0,4.0,5.0,6.0,7.0,9.0,8.0,11.0,10.0,13.0,12.0,15.0,14.0,1.0,0.0,3.0,2.0,5.0,4.0,7.0,6.0,10.0,11.0,9.0,8.0,15.0,14.0,12.0,13.0,2.0,3.0,1.0,0.0,7.0,6.0,4.0,5.0,11.0,10.0,8.0,9.0,14.0,15.0,13.0,12.0,3.0,2.0,0.0,1.0,6.0,7.0,5.0,4.0,12.0,13.0,14.0,15.0,10.0,11.0,9.0,8.0,4.0,5.0,6.0,7.0,1.0,0.0,3.0,2.0,13.0,12.0,15.0,14.0,11.0,10.0,8.0,9.0,5.0,4.0,7.0,6.0,0.0,1.0,2.0,3.0,14.0,15.0,13.0,12.0,8.0,9.0,10.0,11.0,6.0,7.0,5.0,4.0,2.0,3.0,1.0,0.0,15.0,14.0,12.0,13.0,9.0,8.0,11.0,10.0,7.0,6.0,4.0,5.0,3.0,2.0,0.0,1.0
306121,65512,11,multi_DTransversal_17_2025-06-08_22_24_47_646257_2,1749421825,5,1,5,225.625,228.874603,0,1000000000.0,10866688.0,6533120.0,6247.0,3600000000000.0,86400000000000.0,500000000.0,1000000000.0,1749421487,604800,0,0,0,8,GenuineIntel,Intel(R) Xeon(R) CPU E5-2695 v2 @ 2.40GHz [Family 6 Model 62 Stepping 4],1000000000.0,1000000000.0,1000000000.0,Microsoft Windows 10,"Enterprise LTSB x64 Edition, (10.00.19044.00)",17171070976.0,262144.0,19721207808.0,47715450880.0,12050235392.0,48026194.0,171008.0,31952040963.26,55829988.834023,31583643.413455,0.0,1.0,0.0,0.931986,0,0.0,0.0,1.0,2.0,3.0,4.0,5.0,6.0,7.0,8.0,9.0,10.0,11.0,12.0,13.0,14.0,15.0,1.0,0.0,3.0,2.0,5.0,4.0,7.0,6.0,9.0,8.0,11.0,10.0,13.0,12.0,15.0,14.0,2.0,3.0,1.0,0.0,7.0,6.0,5.0,4.0,10.0,11.0,9.0,8.0,15.0,14.0,13.0,12.0,3.0,2.0,0.0,1.0,6.0,7.0,4.0,5.0,11.0,10.0,8.0,9.0,14.0,15.0,12.0,13.0,4.0,5.0,7.0,6.0,1.0,0.0,3.0,2.0,12.0,13.0,14.0,15.0,9.0,8.0,10.0,11.0,5.0,4.0,6.0,7.0,0.0,1.0,2.0,3.0,13.0,12.0,15.0,14.0,8.0,9.0,11.0,10.0,6.0,7.0,5.0,4.0,3.0,2.0,1.0,0.0,14.0,15.0,12.0,13.0,11.0,10.0,8.0,9.0,7.0,6.0,4.0,5.0,2.0,3.0,0.0,1.0,15.0,14.0,13.0,12.0,10.0,11.0,9.0,8.0,8.0,9.0,10.0,11.0,12.0,13.0,14.0,15.0,0.0,1.0,2.0,3.0,4.0,5.0,6.0,7.0,9.0,8.0,11.0,10.0,13.0,12.0,15.0,14.0,1.0,0.0,3.0,2.0,5.0,4.0,7.0,6.0,10.0,11.0,9.0,8.0,15.0,14.0,12.0,13.0,2.0,3.0,1.0,0.0,7.0,6.0,4.0,5.0,11.0,10.0,8.0,9.0,14.0,15.0,13.0,12.0,3.0,2.0,0.0,1.0,6.0,7.0,5.0,4.0,12.0,13.0,14.0,15.0,10.0,11.0,9.0,8.0,4.0,5.0,6.0,7.0,1.0,0.0,3.0,2.0,13.0,12.0,15.0,14.0,11.0,10.0,8.0,9.0,5.0,4.0,7.0,6.0,0.0,1.0,2.0,3.0,14.0,15.0,13.0,12.0,8.0,9.0,10.0,11.0,6.0,7.0,5.0,4.0,2.0,3.0,1.0,0.0,15.0,14.0,12.0,13.0,9.0,8.0,11.0,10.0,7.0,6.0,4.0,5.0,3.0,2.0,0.0,1.0
306122,65513,11,multi_DTransversal_18_2025-06-08_22_24_47_726538_0,1749421825,5,1,5,206.8125,209.526854,0,1000000000.0,10866688.0,6529024.0,6247.0,3600000000000.0,86400000000000.0,500000000.0,1000000000.0,1749421487,604800,0,0,0,8,GenuineIntel,Intel(R) Xeon(R) CPU E5-2695 v2 @ 2.40GHz [Family 6 Model 62 Stepping 4],1000000000.0,1000000000.0,1000000000.0,Microsoft Windows 10,"Enterprise LTSB x64 Edition, (10.00.19044.00)",17171070976.0,262144.0,19721207808.0,47715450880.0,12050235392.0,48026194.0,171008.0,31952040963.26,55829988.834023,31583643.413455,0.0,1.0,0.0,0.931986,0,0.0,0.0,1.0,2.0,3.0,4.0,5.0,6.0,7.0,8.0,9.0,10.0,11.0,12.0,13.0,14.0,15.0,1.0,0.0,3.0,2.0,5.0,4.0,7.0,6.0,9.0,8.0,11.0,10.0,13.0,12.0,15.0,14.0,2.0,3.0,1.0,0.0,7.0,6.0,5.0,4.0,10.0,11.0,9.0,8.0,15.0,14.0,13.0,12.0,3.0,2.0,0.0,1.0,6.0,7.0,4.0,5.0,11.0,10.0,8.0,9.0,14.0,15.0,12.0,13.0,4.0,5.0,7.0,6.0,3.0,2.0,1.0,0.0,12.0,13.0,15.0,14.0,9.0,8.0,11.0,10.0,5.0,4.0,6.0,7.0,2.0,3.0,0.0,1.0,13.0,12.0,14.0,15.0,8.0,9.0,10.0,11.0,6.0,7.0,5.0,4.0,0.0,1.0,2.0,3.0,14.0,15.0,13.0,12.0,11.0,10.0,9.0,8.0,7.0,6.0,4.0,5.0,1.0,0.0,3.0,2.0,15.0,14.0,12.0,13.0,10.0,11.0,8.0,9.0,8.0,9.0,10.0,11.0,12.0,13.0,14.0,15.0,0.0,1.0,2.0,3.0,4.0,5.0,6.0,7.0,9.0,8.0,11.0,10.0,13.0,12.0,15.0,14.0,1.0,0.0,3.0,2.0,5.0,4.0,7.0,6.0,10.0,11.0,9.0,8.0,15.0,14.0,13.0,12.0,2.0,3.0,1.0,0.0,7.0,6.0,4.0,5.0,11.0,10.0,8.0,9.0,14.0,15.0,12.0,13.0,3.0,2.0,0.0,1.0,6.0,7.0,5.0,4.0,12.0,13.0,14.0,15.0,9.0,8.0,10.0,11.0,4.0,5.0,6.0,7.0,2.0,3.0,1.0,0.0,13.0,12.0,15.0,14.0,8.0,9.0,11.0,10.0,5.0,4.0,7.0,6.0,3.0,2.0,0.0,1.0,14.0,15.0,12.0,13.0,11.0,10.0,8.0,9.0,6.0,7.0,5.0,4.0,0.0,1.0,2.0,3.0,15.0,14.0,13.0,12.0,10.0,11.0,9.0,8.0,7.0,6.0,4.0,5.0,1.0,0.0,3.0,2.0
306123,65513,11,multi_DTransversal_18_2025-06-08_22_24_47_726538_1,1749421825,5,1,5,210.5781,214.733997,0,1000000000.0,10862592.0,6537216.0,6247.0,3600000000000.0,86400000000000.0,500000000.0,1000000000.0,1749421487,604800,0,0,0,8,GenuineIntel,Intel(R) Xeon(R) CPU E5-2695 v2 @ 2.40GHz [Family 6 Model 62 Stepping 4],1000000000.0,1000000000.0,1000000000.0,Microsoft Windows 10,"Enterprise LTSB x64 Edition, (10.00.19044.00)",17171070976.0,262144.0,19721207808.0,47715450880.0,12050235392.0,48026194.0,171008.0,31952040963.26,55829988.834023,31583643.413455,0.0,1.0,0.0,0.931986,0,0.0,0.0,1.0,2.0,3.0,4.0,5.0,6.0,7.0,8.0,9.0,10.0,11.0,12.0,13.0,14.0,15.0,1.0,0.0,3.0,2.0,5.0,4.0,7.0,6.0,9.0,8.0,11.0,10.0,13.0,12.0,15.0,14.0,2.0,3.0,1.0,0.0,7.0,6.0,5.0,4.0,10.0,11.0,9.0,8.0,15.0,14.0,13.0,12.0,3.0,2.0,0.0,1.0,6.0,7.0,4.0,5.0,11.0,10.0,8.0,9.0,14.0,15.0,12.0,13.0,4.0,5.0,7.0,6.0,3.0,2.0,1.0,0.0,12.0,13.0,15.0,14.0,9.0,8.0,11.0,10.0,5.0,4.0,6.0,7.0,2.0,3.0,0.0,1.0,13.0,12.0,14.0,15.0,8.0,9.0,10.0,11.0,6.0,7.0,5.0,4.0,0.0,1.0,2.0,3.0,14.0,15.0,13.0,12.0,11.0,10.0,9.0,8.0,7.0,6.0,4.0,5.0,1.0,0.0,3.0,2.0,15.0,14.0,12.0,13.0,10.0,11.0,8.0,9.0,8.0,9.0,10.0,11.0,12.0,13.0,14.0,15.0,0.0,1.0,2.0,3.0,4.0,5.0,6.0,7.0,9.0,8.0,11.0,10.0,13.0,12.0,15.0,14.0,1.0,0.0,3.0,2.0,5.0,4.0,7.0,6.0,10.0,11.0,9.0,8.0,15.0,14.0,13.0,12.0,2.0,3.0,1.0,0.0,7.0,6.0,4.0,5.0,11.0,10.0,8.0,9.0,14.0,15.0,12.0,13.0,3.0,2.0,0.0,1.0,6.0,7.0,5.0,4.0,12.0,13.0,14.0,15.0,9.0,8.0,10.0,11.0,4.0,5.0,6.0,7.0,2.0,3.0,1.0,0.0,13.0,12.0,15.0,14.0,8.0,9.0,11.0,10.0,5.0,4.0,7.0,6.0,3.0,2.0,0.0,1.0,14.0,15.0,12.0,13.0,11.0,10.0,8.0,9.0,6.0,7.0,5.0,4.0,0.0,1.0,2.0,3.0,15.0,14.0,13.0,12.0,10.0,11.0,9.0,8.0,7.0,6.0,4.0,5.0,1.0,0.0,3.0,2.0
306124,65513,12,multi_DTransversal_18_2025-06-08_22_24_47_726538_2,1749421825,5,1,5,205.7656,208.703745,0,1000000000.0,11046912.0,6524928.0,6244.0,3600000000000.0,86400000000000.0,500000000.0,1000000000.0,1749421487,604800,0,0,0,8,GenuineIntel,Intel(R) Xeon(R) CPU E5-2695 v2 @ 2.40GHz [Family 6 Model 62 Stepping 4],1000000000.0,1000000000.0,1000000000.0,Microsoft Windows 10,"Enterprise LTSB x64 Edition, (10.00.19044.00)",25761005568.0,262144.0,29519101952.0,47715450880.0,9854517248.0,50332470.0,0.0,13190576267.66,47277768.885526,29243555.256756,0.0,1.0,0.0,0.926923,0,0.0,0.0,1.0,2.0,3.0,4.0,5.0,6.0,7.0,8.0,9.0,10.0,11.0,12.0,13.0,14.0,15.0,1.0,0.0,3.0,2.0,5.0,4.0,7.0,6.0,9.0,8.0,11.0,10.0,13.0,12.0,15.0,14.0,2.0,3.0,1.0,0.0,7.0,6.0,5.0,4.0,10.0,11.0,9.0,8.0,15.0,14.0,13.0,12.0,3.0,2.0,0.0,1.0,6.0,7.0,4.0,5.0,11.0,10.0,8.0,9.0,14.0,15.0,12.0,13.0,4.0,5.0,7.0,6.0,3.0,2.0,1.0,0.0,12.0,13.0,15.0,14.0,9.0,8.0,11.0,10.0,5.0,4.0,6.0,7.0,2.0,3.0,0.0,1.0,13.0,12.0,14.0,15.0,8.0,9.0,10.0,11.0,6.0,7.0,5.0,4.0,0.0,1.0,2.0,3.0,14.0,15.0,13.0,12.0,11.0,10.0,9.0,8.0,7.0,6.0,4.0,5.0,1.0,0.0,3.0,2.0,15.0,14.0,12.0,13.0,10.0,11.0,8.0,9.0,8.0,9.0,10.0,11.0,12.0,13.0,14.0,15.0,0.0,1.0,2.0,3.0,4.0,5.0,6.0,7.0,9.0,8.0,11.0,10.0,13.0,12.0,15.0,14.0,1.0,0.0,3.0,2.0,5.0,4.0,7.0,6.0,10.0,11.0,9.0,8.0,15.0,14.0,13.0,12.0,2.0,3.0,1.0,0.0,7.0,6.0,4.0,5.0,11.0,10.0,8.0,9.0,14.0,15.0,12.0,13.0,3.0,2.0,0.0,1.0,6.0,7.0,5.0,4.0,12.0,13.0,14.0,15.0,9.0,8.0,10.0,11.0,4.0,5.0,6.0,7.0,2.0,3.0,1.0,0.0,13.0,12.0,15.0,14.0,8.0,9.0,11.0,10.0,5.0,4.0,7.0,6.0,3.0,2.0,0.0,1.0,14.0,15.0,12.0,13.0,11.0,10.0,8.0,9.0,6.0,7.0,5.0,4.0,0.0,1.0,2.0,3.0,15.0,14.0,13.0,12.0,10.0,11.0,9.0,8.0,7.0,6.0,4.0,5.0,1.0,0.0,3.0,2.0
306125,65514,11,multi_DTransversal_19_2025-06-08_22_24_47_792729_0,1749421825,5,1,5,209.625,212.54249,0,1000000000.0,10866688.0,6524928.0,6247.0,3600000000000.0,86400000000000.0,500000000.0,1000000000.0,1749421487,604800,0,0,0,8,GenuineIntel,Intel(R) Xeon(R) CPU E5-2695 v2 @ 2.40GHz [Family 6 Model 62 Stepping 4],1000000000.0,1000000000.0,1000000000.0,Microsoft Windows 10,"Enterprise LTSB x64 Edition, (10.00.19044.00)",17171070976.0,262144.0,19721207808.0,47715450880.0,12050235392.0,48026194.0,171008.0,31952040963.26,55829988.834023,31583643.413455,0.0,1.0,0.0,0.931986,0,0.0,0.0,1.0,2.0,3.0,4.0,5.0,6.0,7.0,8.0,9.0,10.0,11.0,12.0,13.0,14.0,15.0,1.0,0.0,3.0,2.0,5.0,4.0,7.0,6.0,9.0,8.0,11.0,10.0,13.0,12.0,15.0,14.0,2.0,3.0,1.0,0.0,7.0,6.0,5.0,4.0,10.0,11.0,9.0,8.0,15.0,14.0,13.0,12.0,3.0,2.0,0.0,1.0,6.0,7.0,4.0,5.0,11.0,10.0,8.0,9.0,14.0,15.0,12.0,13.0,4.0,6.0,5.0,7.0,0.0,3.0,2.0,1.0,12.0,13.0,15.0,14.0,11.0,10.0,9.0,8.0,5.0,7.0,4.0,6.0,1.0,2.0,3.0,0.0,13.0,12.0,14.0,15.0,10.0,11.0,8.0,9.0,6.0,4.0,7.0,5.0,3.0,0.0,1.0,2.0,14.0,15.0,13.0,12.0,8.0,9.0,10.0,11.0,7.0,5.0,6.0,4.0,2.0,1.0,0.0,3.0,15.0,14.0,12.0,13.0,9.0,8.0,11.0,10.0,8.0,9.0,10.0,11.0,12.0,13.0,14.0,15.0,0.0,1.0,2.0,3.0,4.0,5.0,6.0,7.0,9.0,8.0,11.0,10.0,13.0,12.0,15.0,14.0,1.0,0.0,3.0,2.0,5.0,4.0,7.0,6.0,10.0,11.0,9.0,8.0,15.0,14.0,13.0,12.0,2.0,3.0,1.0,0.0,7.0,6.0,5.0,4.0,11.0,10.0,8.0,9.0,14.0,15.0,12.0,13.0,3.0,2.0,0.0,1.0,6.0,7.0,4.0,5.0,12.0,13.0,15.0,14.0,9.0,8.0,11.0,10.0,4.0,5.0,6.0,7.0,1.0,0.0,2.0,3.0,13.0,12.0,14.0,15.0,8.0,9.0,10.0,11.0,5.0,4.0,7.0,6.0,0.0,1.0,3.0,2.0,14.0,15.0,13.0,12.0,11.0,10.0,9.0,8.0,6.0,7.0,4.0,5.0,3.0,2.0,0.0,1.0,15.0,14.0,12.0,13.0,10.0,11.0,8.0,9.0,7.0,6.0,5.0,4.0,2.0,3.0,1.0,0.0
306126,65514,11,multi_DTransversal_19_2025-06-08_22_24_47_792729_1,1749421825,5,1,5,209.5625,211.437519,0,1000000000.0,10862592.0,6537216.0,6246.0,3600000000000.0,86400000000000.0,500000000.0,1000000000.0,1749421487,604800,0,0,0,8,GenuineIntel,Intel(R) Xeon(R) CPU E5-2695 v2 @ 2.40GHz [Family 6 Model 62 Stepping 4],1000000000.0,1000000000.0,1000000000.0,Microsoft Windows 10,"Enterprise LTSB x64 Edition, (10.00.19044.00)",17171070976.0,262144.0,19721207808.0,47715450880.0,12050235392.0,48026194.0,171008.0,31952040963.26,55829988.834023,31583643.413455,0.0,1.0,0.0,0.931986,0,0.0,0.0,1.0,2.0,3.0,4.0,5.0,6.0,7.0,8.0,9.0,10.0,11.0,12.0,13.0,14.0,15.0,1.0,0.0,3.0,2.0,5.0,4.0,7.0,6.0,9.0,8.0,11.0,10.0,13.0,12.0,15.0,14.0,2.0,3.0,1.0,0.0,7.0,6.0,5.0,4.0,10.0,11.0,9.0,8.0,15.0,14.0,13.0,12.0,3.0,2.0,0.0,1.0,6.0,7.0,4.0,5.0,11.0,10.0,8.0,9.0,14.0,15.0,12.0,13.0,4.0,6.0,5.0,7.0,0.0,3.0,2.0,1.0,12.0,13.0,15.0,14.0,11.0,10.0,9.0,8.0,5.0,7.0,4.0,6.0,1.0,2.0,3.0,0.0,13.0,12.0,14.0,15.0,10.0,11.0,8.0,9.0,6.0,4.0,7.0,5.0,3.0,0.0,1.0,2.0,14.0,15.0,13.0,12.0,8.0,9.0,10.0,11.0,7.0,5.0,6.0,4.0,2.0,1.0,0.0,3.0,15.0,14.0,12.0,13.0,9.0,8.0,11.0,10.0,8.0,9.0,10.0,11.0,12.0,13.0,14.0,15.0,0.0,1.0,2.0,3.0,4.0,5.0,6.0,7.0,9.0,8.0,11.0,10.0,13.0,12.0,15.0,14.0,1.0,0.0,3.0,2.0,5.0,4.0,7.0,6.0,10.0,11.0,9.0,8.0,15.0,14.0,13.0,12.0,2.0,3.0,1.0,0.0,7.0,6.0,5.0,4.0,11.0,10.0,8.0,9.0,14.0,15.0,12.0,13.0,3.0,2.0,0.0,1.0,6.0,7.0,4.0,5.0,12.0,13.0,15.0,14.0,9.0,8.0,11.0,10.0,4.0,5.0,6.0,7.0,1.0,0.0,2.0,3.0,13.0,12.0,14.0,15.0,8.0,9.0,10.0,11.0,5.0,4.0,7.0,6.0,0.0,1.0,3.0,2.0,14.0,15.0,13.0,12.0,11.0,10.0,9.0,8.0,6.0,7.0,4.0,5.0,3.0,2.0,0.0,1.0,15.0,14.0,12.0,13.0,10.0,11.0,8.0,9.0,7.0,6.0,5.0,4.0,2.0,3.0,1.0,0.0
306127,65514,11,multi_DTransversal_19_2025-06-08_22_24_47_792729_2,1749421825,5,1,5,211.0156,213.542501,0,1000000000.0,10862592.0,6533120.0,6247.0,3600000000000.0,86400000000000.0,500000000.0,1000000000.0,1749421487,604800,0,0,0,8,GenuineIntel,Intel(R) Xeon(R) CPU E5-2695 v2 @ 2.40GHz [Family 6 Model 62 Stepping 4],1000000000.0,1000000000.0,1000000000.0,Microsoft Windows 10,"Enterprise LTSB x64 Edition, (10.00.19044.00)",17171070976.0,262144.0,19721207808.0,47715450880.0,12050235392.0,48026194.0,171008.0,31952040963.26,55829988.834023,31583643.413455,0.0,1.0,0.0,0.931986,0,0.0,0.0,1.0,2.0,3.0,4.0,5.0,6.0,7.0,8.0,9.0,10.0,11.0,12.0,13.0,14.0,15.0,1.0,0.0,3.0,2.0,5.0,4.0,7.0,6.0,9.0,8.0,11.0,10.0,13.0,12.0,15.0,14.0,2.0,3.0,1.0,0.0,7.0,6.0,5.0,4.0,10.0,11.0,9.0,8.0,15.0,14.0,13.0,12.0,3.0,2.0,0.0,1.0,6.0,7.0,4.0,5.0,11.0,10.0,8.0,9.0,14.0,15.0,12.0,13.0,4.0,6.0,5.0,7.0,0.0,3.0,2.0,1.0,12.0,13.0,15.0,14.0,11.0,10.0,9.0,8.0,5.0,7.0,4.0,6.0,1.0,2.0,3.0,0.0,13.0,12.0,14.0,15.0,10.0,11.0,8.0,9.0,6.0,4.0,7.0,5.0,3.0,0.0,1.0,2.0,14.0,15.0,13.0,12.0,8.0,9.0,10.0,11.0,7.0,5.0,6.0,4.0,2.0,1.0,0.0,3.0,15.0,14.0,12.0,13.0,9.0,8.0,11.0,10.0,8.0,9.0,10.0,11.0,12.0,13.0,14.0,15.0,0.0,1.0,2.0,3.0,4.0,5.0,6.0,7.0,9.0,8.0,11.0,10.0,13.0,12.0,15.0,14.0,1.0,0.0,3.0,2.0,5.0,4.0,7.0,6.0,10.0,11.0,9.0,8.0,15.0,14.0,13.0,12.0,2.0,3.0,1.0,0.0,7.0,6.0,5.0,4.0,11.0,10.0,8.0,9.0,14.0,15.0,12.0,13.0,3.0,2.0,0.0,1.0,6.0,7.0,4.0,5.0,12.0,13.0,15.0,14.0,9.0,8.0,11.0,10.0,4.0,5.0,6.0,7.0,1.0,0.0,2.0,3.0,13.0,12.0,14.0,15.0,8.0,9.0,10.0,11.0,5.0,4.0,7.0,6.0,0.0,1.0,3.0,2.0,14.0,15.0,13.0,12.0,11.0,10.0,9.0,8.0,6.0,7.0,4.0,5.0,3.0,2.0,0.0,1.0,15.0,14.0,12.0,13.0,10.0,11.0,8.0,9.0,7.0,6.0,5.0,4.0,2.0,3.0,1.0,0.0
306128,65515,11,multi_DTransversal_20_2025-06-08_22_24_48_029073_0,1749421825,5,1,5,210.375,212.375,0,1000000000.0,10866688.0,6537216.0,6247.0,3600000000000.0,86400000000000.0,500000000.0,1000000000.0,1749421488,604800,0,0,0,8,GenuineIntel,Intel(R) Xeon(R) CPU E5-2695 v2 @ 2.40GHz [Family 6 Model 62 Stepping 4],1000000000.0,1000000000.0,1000000000.0,Microsoft Windows 10,"Enterprise LTSB x64 Edition, (10.00.19044.00)",17171070976.0,262144.0,19721207808.0,47715450880.0,12050235392.0,48026194.0,171008.0,31952040963.26,55829988.834023,31583643.413455,0.0,1.0,0.0,0.931986,0,0.0,0.0,1.0,2.0,3.0,4.0,5.0,6.0,7.0,8.0,9.0,10.0,11.0,12.0,13.0,14.0,15.0,1.0,0.0,3.0,2.0,5.0,4.0,7.0,6.0,9.0,8.0,11.0,10.0,13.0,12.0,15.0,14.0,2.0,3.0,1.0,4.0,6.0,7.0,0.0,5.0,10.0,11.0,9.0,8.0,15.0,14.0,13.0,12.0,3.0,2.0,4.0,1.0,7.0,6.0,5.0,0.0,11.0,10.0,8.0,9.0,14.0,15.0,12.0,13.0,4.0,5.0,6.0,7.0,2.0,0.0,1.0,3.0,12.0,14.0,13.0,15.0,8.0,11.0,10.0,9.0,5.0,4.0,7.0,6.0,0.0,2.0,3.0,1.0,13.0,15.0,12.0,14.0,9.0,10.0,11.0,8.0,6.0,7.0,0.0,5.0,1.0,3.0,2.0,4.0,14.0,12.0,15.0,13.0,11.0,8.0,9.0,10.0,7.0,6.0,5.0,0.0,3.0,1.0,4.0,2.0,15.0,13.0,14.0,12.0,10.0,9.0,8.0,11.0,8.0,9.0,10.0,11.0,12.0,13.0,14.0,15.0,0.0,1.0,2.0,3.0,4.0,5.0,6.0,7.0,9.0,8.0,11.0,10.0,13.0,12.0,15.0,14.0,1.0,0.0,3.0,2.0,5.0,4.0,7.0,6.0,10.0,11.0,9.0,8.0,15.0,14.0,13.0,12.0,2.0,3.0,1.0,0.0,7.0,6.0,5.0,4.0,11.0,10.0,8.0,9.0,14.0,15.0,12.0,13.0,3.0,2.0,0.0,1.0,6.0,7.0,4.0,5.0,12.0,13.0,15.0,14.0,11.0,10.0,9.0,8.0,4.0,5.0,7.0,6.0,1.0,0.0,3.0,2.0,13.0,12.0,14.0,15.0,10.0,11.0,8.0,9.0,5.0,4.0,6.0,7.0,0.0,1.0,2.0,3.0,14.0,15.0,13.0,12.0,8.0,9.0,10.0,11.0,6.0,7.0,5.0,4.0,3.0,2.0,1.0,0.0,15.0,14.0,12.0,13.0,9.0,8.0,11.0,10.0,7.0,6.0,4.0,5.0,2.0,3.0,0.0,1.0
306129,65515,11,multi_DTransversal_20_2025-06-08_22_24_48_029073_1,1749421825,5,1,5,208.1719,210.374992,0,1000000000.0,10862592.0,6533120.0,6247.0,3600000000000.0,86400000000000.0,500000000.0,1000000000.0,1749421488,604800,0,0,0,8,GenuineIntel,Intel(R) Xeon(R) CPU E5-2695 v2 @ 2.40GHz [Family 6 Model 62 Stepping 4],1000000000.0,1000000000.0,1000000000.0,Microsoft Windows 10,"Enterprise LTSB x64 Edition, (10.00.19044.00)",17171070976.0,262144.0,19721207808.0,47715450880.0,12050235392.0,48026194.0,171008.0,31952040963.26,55829988.834023,31583643.413455,0.0,1.0,0.0,0.931986,0,0.0,0.0,1.0,2.0,3.0,4.0,5.0,6.0,7.0,8.0,9.0,10.0,11.0,12.0,13.0,14.0,15.0,1.0,0.0,3.0,2.0,5.0,4.0,7.0,6.0,9.0,8.0,11.0,10.0,13.0,12.0,15.0,14.0,2.0,3.0,1.0,4.0,6.0,7.0,0.0,5.0,10.0,11.0,9.0,8.0,15.0,14.0,13.0,12.0,3.0,2.0,4.0,1.0,7.0,6.0,5.0,0.0,11.0,10.0,8.0,9.0,14.0,15.0,12.0,13.0,4.0,5.0,6.0,7.0,2.0,0.0,1.0,3.0,12.0,14.0,13.0,15.0,8.0,11.0,10.0,9.0,5.0,4.0,7.0,6.0,0.0,2.0,3.0,1.0,13.0,15.0,12.0,14.0,9.0,10.0,11.0,8.0,6.0,7.0,0.0,5.0,1.0,3.0,2.0,4.0,14.0,12.0,15.0,13.0,11.0,8.0,9.0,10.0,7.0,6.0,5.0,0.0,3.0,1.0,4.0,2.0,15.0,13.0,14.0,12.0,10.0,9.0,8.0,11.0,8.0,9.0,10.0,11.0,12.0,13.0,14.0,15.0,0.0,1.0,2.0,3.0,4.0,5.0,6.0,7.0,9.0,8.0,11.0,10.0,13.0,12.0,15.0,14.0,1.0,0.0,3.0,2.0,5.0,4.0,7.0,6.0,10.0,11.0,9.0,8.0,15.0,14.0,13.0,12.0,2.0,3.0,1.0,0.0,7.0,6.0,5.0,4.0,11.0,10.0,8.0,9.0,14.0,15.0,12.0,13.0,3.0,2.0,0.0,1.0,6.0,7.0,4.0,5.0,12.0,13.0,15.0,14.0,11.0,10.0,9.0,8.0,4.0,5.0,7.0,6.0,1.0,0.0,3.0,2.0,13.0,12.0,14.0,15.0,10.0,11.0,8.0,9.0,5.0,4.0,6.0,7.0,0.0,1.0,2.0,3.0,14.0,15.0,13.0,12.0,8.0,9.0,10.0,11.0,6.0,7.0,5.0,4.0,3.0,2.0,1.0,0.0,15.0,14.0,12.0,13.0,9.0,8.0,11.0,10.0,7.0,6.0,4.0,5.0,2.0,3.0,0.0,1.0
306130,65515,14,multi_DTransversal_20_2025-06-08_22_24_48_029073_2,1749421825,5,1,5,206.7344,208.470287,0,1000000000.0,10809344.0,6520832.0,6245.0,3600000000000.0,86400000000000.0,500000000.0,1000000000.0,1749421488,604800,0,0,0,8,GenuineIntel,Intel(R) Xeon(R) CPU E5-2695 v2 @ 2.40GHz [Family 6 Model 62 Stepping 4],1000000000.0,1000000000.0,1000000000.0,Microsoft Windows 10,"Enterprise LTSB x64 Edition, (10.00.19044.00)",17171070976.0,262144.0,19721207808.0,47715450880.0,12043943936.0,50470565.0,171008.0,14504363335.66,50555456.420003,25813395.198889,0.0,1.0,0.0,0.932014,0,0.0,0.0,1.0,2.0,3.0,4.0,5.0,6.0,7.0,8.0,9.0,10.0,11.0,12.0,13.0,14.0,15.0,1.0,0.0,3.0,2.0,5.0,4.0,7.0,6.0,9.0,8.0,11.0,10.0,13.0,12.0,15.0,14.0,2.0,3.0,1.0,4.0,6.0,7.0,0.0,5.0,10.0,11.0,9.0,8.0,15.0,14.0,13.0,12.0,3.0,2.0,4.0,1.0,7.0,6.0,5.0,0.0,11.0,10.0,8.0,9.0,14.0,15.0,12.0,13.0,4.0,5.0,6.0,7.0,2.0,0.0,1.0,3.0,12.0,14.0,13.0,15.0,8.0,11.0,10.0,9.0,5.0,4.0,7.0,6.0,0.0,2.0,3.0,1.0,13.0,15.0,12.0,14.0,9.0,10.0,11.0,8.0,6.0,7.0,0.0,5.0,1.0,3.0,2.0,4.0,14.0,12.0,15.0,13.0,11.0,8.0,9.0,10.0,7.0,6.0,5.0,0.0,3.0,1.0,4.0,2.0,15.0,13.0,14.0,12.0,10.0,9.0,8.0,11.0,8.0,9.0,10.0,11.0,12.0,13.0,14.0,15.0,0.0,1.0,2.0,3.0,4.0,5.0,6.0,7.0,9.0,8.0,11.0,10.0,13.0,12.0,15.0,14.0,1.0,0.0,3.0,2.0,5.0,4.0,7.0,6.0,10.0,11.0,9.0,8.0,15.0,14.0,13.0,12.0,2.0,3.0,1.0,0.0,7.0,6.0,5.0,4.0,11.0,10.0,8.0,9.0,14.0,15.0,12.0,13.0,3.0,2.0,0.0,1.0,6.0,7.0,4.0,5.0,12.0,13.0,15.0,14.0,11.0,10.0,9.0,8.0,4.0,5.0,7.0,6.0,1.0,0.0,3.0,2.0,13.0,12.0,14.0,15.0,10.0,11.0,8.0,9.0,5.0,4.0,6.0,7.0,0.0,1.0,2.0,3.0,14.0,15.0,13.0,12.0,8.0,9.0,10.0,11.0,6.0,7.0,5.0,4.0,3.0,2.0,1.0,0.0,15.0,14.0,12.0,13.0,9.0,8.0,11.0,10.0,7.0,6.0,4.0,5.0,2.0,3.0,0.0,1.0
306131,65516,14,multi_DTransversal_21_2025-06-08_22_24_48_082350_0,1749421825,5,1,5,229.0625,230.874998,0,1000000000.0,10829824.0,6524928.0,6245.0,3600000000000.0,86400000000000.0,500000000.0,1000000000.0,1749421488,604800,0,0,0,8,GenuineIntel,Intel(R) Xeon(R) CPU E5-2695 v2 @ 2.40GHz [Family 6 Model 62 Stepping 4],1000000000.0,1000000000.0,1000000000.0,Microsoft Windows 10,"Enterprise LTSB x64 Edition, (10.00.19044.00)",17171070976.0,262144.0,19721207808.0,47715450880.0,12043943936.0,50470565.0,171008.0,14504363335.66,50555456.420003,25813395.198889,0.0,1.0,0.0,0.932014,0,0.0,0.0,1.0,2.0,3.0,4.0,5.0,6.0,7.0,8.0,9.0,10.0,11.0,12.0,13.0,14.0,15.0,1.0,0.0,3.0,2.0,5.0,4.0,7.0,6.0,9.0,8.0,11.0,10.0,13.0,12.0,15.0,14.0,2.0,3.0,1.0,4.0,6.0,7.0,5.0,0.0,10.0,11.0,9.0,12.0,14.0,15.0,8.0,13.0,3.0,2.0,4.0,1.0,7.0,6.0,0.0,5.0,11.0,10.0,12.0,9.0,15.0,14.0,13.0,8.0,4.0,5.0,6.0,7.0,2.0,0.0,1.0,3.0,12.0,13.0,14.0,15.0,10.0,8.0,9.0,11.0,5.0,4.0,7.0,6.0,0.0,2.0,3.0,1.0,13.0,12.0,15.0,14.0,8.0,10.0,11.0,9.0,6.0,7.0,0.0,5.0,3.0,1.0,4.0,2.0,14.0,15.0,8.0,13.0,9.0,11.0,10.0,12.0,7.0,6.0,5.0,0.0,1.0,3.0,2.0,4.0,15.0,14.0,13.0,8.0,11.0,9.0,12.0,10.0,8.0,9.0,10.0,11.0,12.0,13.0,14.0,15.0,0.0,1.0,2.0,3.0,4.0,5.0,6.0,7.0,9.0,8.0,11.0,10.0,13.0,12.0,15.0,14.0,1.0,0.0,3.0,2.0,5.0,4.0,7.0,6.0,10.0,11.0,9.0,8.0,15.0,14.0,13.0,12.0,2.0,3.0,1.0,0.0,7.0,6.0,5.0,4.0,11.0,10.0,8.0,9.0,14.0,15.0,12.0,13.0,3.0,2.0,0.0,1.0,6.0,7.0,4.0,5.0,12.0,14.0,13.0,15.0,8.0,11.0,10.0,9.0,4.0,5.0,7.0,6.0,3.0,2.0,1.0,0.0,13.0,15.0,12.0,14.0,9.0,10.0,11.0,8.0,5.0,4.0,6.0,7.0,2.0,3.0,0.0,1.0,14.0,12.0,15.0,13.0,11.0,8.0,9.0,10.0,6.0,7.0,5.0,4.0,0.0,1.0,2.0,3.0,15.0,13.0,14.0,12.0,10.0,9.0,8.0,11.0,7.0,6.0,4.0,5.0,1.0,0.0,3.0,2.0
306132,65516,4,multi_DTransversal_21_2025-06-08_22_24_48_082350_1,1749421825,5,1,5,779.3066,783.31748,0,1000000000.0,4194304.0,6959104.0,14815.0,3600000000000.0,86400000000000.0,500000000.0,1000000000.0,1749421488,604800,0,0,0,4,GenuineIntel,Intel Xeon Processor (Icelake) [Family 6 Model 106 Stepping 0],1000000000.0,1000000000.0,1000000000.0,Linux Ubuntu,Ubuntu 24.04.2 LTS [6.8.0-59-generic|libc 2.39],4104482816.0,16777216.0,0.0,20105105408.0,16942882816.0,4018176.0,688128.0,18764867010.56,52142024.776358,15986171.424867,0.0,1.0,0.0,0.841352,0,0.0,0.0,1.0,2.0,3.0,4.0,5.0,6.0,7.0,8.0,9.0,10.0,11.0,12.0,13.0,14.0,15.0,1.0,0.0,3.0,2.0,5.0,4.0,7.0,6.0,9.0,8.0,11.0,10.0,13.0,12.0,15.0,14.0,2.0,3.0,1.0,4.0,6.0,7.0,5.0,0.0,10.0,11.0,9.0,12.0,14.0,15.0,8.0,13.0,3.0,2.0,4.0,1.0,7.0,6.0,0.0,5.0,11.0,10.0,12.0,9.0,15.0,14.0,13.0,8.0,4.0,5.0,6.0,7.0,2.0,0.0,1.0,3.0,12.0,13.0,14.0,15.0,10.0,8.0,9.0,11.0,5.0,4.0,7.0,6.0,0.0,2.0,3.0,1.0,13.0,12.0,15.0,14.0,8.0,10.0,11.0,9.0,6.0,7.0,0.0,5.0,3.0,1.0,4.0,2.0,14.0,15.0,8.0,13.0,9.0,11.0,10.0,12.0,7.0,6.0,5.0,0.0,1.0,3.0,2.0,4.0,15.0,14.0,13.0,8.0,11.0,9.0,12.0,10.0,8.0,9.0,10.0,11.0,12.0,13.0,14.0,15.0,0.0,1.0,2.0,3.0,4.0,5.0,6.0,7.0,9.0,8.0,11.0,10.0,13.0,12.0,15.0,14.0,1.0,0.0,3.0,2.0,5.0,4.0,7.0,6.0,10.0,11.0,9.0,8.0,15.0,14.0,13.0,12.0,2.0,3.0,1.0,0.0,7.0,6.0,5.0,4.0,11.0,10.0,8.0,9.0,14.0,15.0,12.0,13.0,3.0,2.0,0.0,1.0,6.0,7.0,4.0,5.0,12.0,14.0,13.0,15.0,8.0,11.0,10.0,9.0,4.0,5.0,7.0,6.0,3.0,2.0,1.0,0.0,13.0,15.0,12.0,14.0,9.0,10.0,11.0,8.0,5.0,4.0,6.0,7.0,2.0,3.0,0.0,1.0,14.0,12.0,15.0,13.0,11.0,8.0,9.0,10.0,6.0,7.0,5.0,4.0,0.0,1.0,2.0,3.0,15.0,13.0,14.0,12.0,10.0,9.0,8.0,11.0,7.0,6.0,4.0,5.0,1.0,0.0,3.0,2.0
306133,65516,4,multi_DTransversal_21_2025-06-08_22_24_48_082350_2,1749421825,5,1,5,733.8442,737.975355,0,1000000000.0,4456448.0,6959104.0,14815.0,3600000000000.0,86400000000000.0,500000000.0,1000000000.0,1749421488,604800,0,0,0,4,GenuineIntel,Intel Xeon Processor (Icelake) [Family 6 Model 106 Stepping 0],1000000000.0,1000000000.0,1000000000.0,Linux Ubuntu,Ubuntu 24.04.2 LTS [6.8.0-59-generic|libc 2.39],4104482816.0,16777216.0,0.0,20105105408.0,16942882816.0,4018176.0,688128.0,18764867010.56,52142024.776358,15986171.424867,0.0,1.0,0.0,0.841352,0,0.0,0.0,1.0,2.0,3.0,4.0,5.0,6.0,7.0,8.0,9.0,10.0,11.0,12.0,13.0,14.0,15.0,1.0,0.0,3.0,2.0,5.0,4.0,7.0,6.0,9.0,8.0,11.0,10.0,13.0,12.0,15.0,14.0,2.0,3.0,1.0,4.0,6.0,7.0,5.0,0.0,10.0,11.0,9.0,12.0,14.0,15.0,8.0,13.0,3.0,2.0,4.0,1.0,7.0,6.0,0.0,5.0,11.0,10.0,12.0,9.0,15.0,14.0,13.0,8.0,4.0,5.0,6.0,7.0,2.0,0.0,1.0,3.0,12.0,13.0,14.0,15.0,10.0,8.0,9.0,11.0,5.0,4.0,7.0,6.0,0.0,2.0,3.0,1.0,13.0,12.0,15.0,14.0,8.0,10.0,11.0,9.0,6.0,7.0,0.0,5.0,3.0,1.0,4.0,2.0,14.0,15.0,8.0,13.0,9.0,11.0,10.0,12.0,7.0,6.0,5.0,0.0,1.0,3.0,2.0,4.0,15.0,14.0,13.0,8.0,11.0,9.0,12.0,10.0,8.0,9.0,10.0,11.0,12.0,13.0,14.0,15.0,0.0,1.0,2.0,3.0,4.0,5.0,6.0,7.0,9.0,8.0,11.0,10.0,13.0,12.0,15.0,14.0,1.0,0.0,3.0,2.0,5.0,4.0,7.0,6.0,10.0,11.0,9.0,8.0,15.0,14.0,13.0,12.0,2.0,3.0,1.0,0.0,7.0,6.0,5.0,4.0,11.0,10.0,8.0,9.0,14.0,15.0,12.0,13.0,3.0,2.0,0.0,1.0,6.0,7.0,4.0,5.0,12.0,14.0,13.0,15.0,8.0,11.0,10.0,9.0,4.0,5.0,7.0,6.0,3.0,2.0,1.0,0.0,13.0,15.0,12.0,14.0,9.0,10.0,11.0,8.0,5.0,4.0,6.0,7.0,2.0,3.0,0.0,1.0,14.0,12.0,15.0,13.0,11.0,8.0,9.0,10.0,6.0,7.0,5.0,4.0,0.0,1.0,2.0,3.0,15.0,13.0,14.0,12.0,10.0,9.0,8.0,11.0,7.0,6.0,4.0,5.0,1.0,0.0,3.0,2.0
306134,65517,14,multi_DTransversal_22_2025-06-08_22_24_48_142788_0,1749421825,5,1,5,242.2344,244.84527,0,1000000000.0,10813440.0,6529024.0,6244.0,3600000000000.0,86400000000000.0,500000000.0,1000000000.0,1749421488,604800,0,0,0,8,GenuineIntel,Intel(R) Xeon(R) CPU E5-2695 v2 @ 2.40GHz [Family 6 Model 62 Stepping 4],1000000000.0,1000000000.0,1000000000.0,Microsoft Windows 10,"Enterprise LTSB x64 Edition, (10.00.19044.00)",17171070976.0,262144.0,19721207808.0,47715450880.0,12043943936.0,50470565.0,171008.0,14504363335.66,50555456.420003,25813395.198889,0.0,1.0,0.0,0.932014,0,0.0,0.0,1.0,2.0,3.0,4.0,5.0,6.0,7.0,8.0,9.0,10.0,11.0,12.0,13.0,14.0,15.0,1.0,0.0,3.0,2.0,5.0,4.0,7.0,6.0,9.0,8.0,11.0,10.0,13.0,12.0,15.0,14.0,2.0,3.0,1.0,5.0,6.0,7.0,0.0,4.0,10.0,11.0,9.0,12.0,14.0,15.0,13.0,8.0,3.0,2.0,5.0,1.0,7.0,6.0,4.0,0.0,11.0,10.0,12.0,9.0,15.0,14.0,8.0,13.0,4.0,5.0,7.0,6.0,3.0,0.0,2.0,1.0,12.0,13.0,14.0,15.0,10.0,8.0,9.0,11.0,5.0,4.0,6.0,7.0,0.0,3.0,1.0,2.0,13.0,12.0,15.0,14.0,8.0,10.0,11.0,9.0,6.0,7.0,4.0,0.0,1.0,2.0,5.0,3.0,14.0,15.0,8.0,13.0,11.0,9.0,12.0,10.0,7.0,6.0,0.0,4.0,2.0,1.0,3.0,5.0,15.0,14.0,13.0,8.0,9.0,11.0,10.0,12.0,8.0,9.0,10.0,11.0,12.0,13.0,14.0,15.0,0.0,1.0,2.0,3.0,4.0,5.0,6.0,7.0,9.0,8.0,11.0,10.0,13.0,12.0,15.0,14.0,1.0,0.0,3.0,2.0,5.0,4.0,7.0,6.0,10.0,11.0,9.0,12.0,14.0,15.0,8.0,13.0,2.0,3.0,1.0,0.0,7.0,6.0,5.0,4.0,11.0,10.0,12.0,9.0,15.0,14.0,13.0,8.0,3.0,2.0,0.0,1.0,6.0,7.0,4.0,5.0,12.0,13.0,14.0,15.0,10.0,8.0,9.0,11.0,4.0,6.0,5.0,7.0,0.0,3.0,2.0,1.0,13.0,12.0,15.0,14.0,8.0,10.0,11.0,9.0,5.0,7.0,4.0,6.0,1.0,2.0,3.0,0.0,14.0,15.0,8.0,13.0,9.0,11.0,10.0,12.0,6.0,4.0,7.0,5.0,3.0,0.0,1.0,2.0,15.0,14.0,13.0,8.0,11.0,9.0,12.0,10.0,7.0,5.0,6.0,4.0,2.0,1.0,0.0,3.0
306135,65517,14,multi_DTransversal_22_2025-06-08_22_24_48_142788_1,1749421825,5,1,5,244.6719,246.984369,0,1000000000.0,10813440.0,6529024.0,6242.0,3600000000000.0,86400000000000.0,500000000.0,1000000000.0,1749421488,604800,0,0,0,8,GenuineIntel,Intel(R) Xeon(R) CPU E5-2695 v2 @ 2.40GHz [Family 6 Model 62 Stepping 4],1000000000.0,1000000000.0,1000000000.0,Microsoft Windows 10,"Enterprise LTSB x64 Edition, (10.00.19044.00)",17171070976.0,262144.0,19721207808.0,47715450880.0,12043943936.0,50470565.0,171008.0,14504363335.66,50555456.420003,25813395.198889,0.0,1.0,0.0,0.932014,0,0.0,0.0,1.0,2.0,3.0,4.0,5.0,6.0,7.0,8.0,9.0,10.0,11.0,12.0,13.0,14.0,15.0,1.0,0.0,3.0,2.0,5.0,4.0,7.0,6.0,9.0,8.0,11.0,10.0,13.0,12.0,15.0,14.0,2.0,3.0,1.0,5.0,6.0,7.0,0.0,4.0,10.0,11.0,9.0,12.0,14.0,15.0,13.0,8.0,3.0,2.0,5.0,1.0,7.0,6.0,4.0,0.0,11.0,10.0,12.0,9.0,15.0,14.0,8.0,13.0,4.0,5.0,7.0,6.0,3.0,0.0,2.0,1.0,12.0,13.0,14.0,15.0,10.0,8.0,9.0,11.0,5.0,4.0,6.0,7.0,0.0,3.0,1.0,2.0,13.0,12.0,15.0,14.0,8.0,10.0,11.0,9.0,6.0,7.0,4.0,0.0,1.0,2.0,5.0,3.0,14.0,15.0,8.0,13.0,11.0,9.0,12.0,10.0,7.0,6.0,0.0,4.0,2.0,1.0,3.0,5.0,15.0,14.0,13.0,8.0,9.0,11.0,10.0,12.0,8.0,9.0,10.0,11.0,12.0,13.0,14.0,15.0,0.0,1.0,2.0,3.0,4.0,5.0,6.0,7.0,9.0,8.0,11.0,10.0,13.0,12.0,15.0,14.0,1.0,0.0,3.0,2.0,5.0,4.0,7.0,6.0,10.0,11.0,9.0,12.0,14.0,15.0,8.0,13.0,2.0,3.0,1.0,0.0,7.0,6.0,5.0,4.0,11.0,10.0,12.0,9.0,15.0,14.0,13.0,8.0,3.0,2.0,0.0,1.0,6.0,7.0,4.0,5.0,12.0,13.0,14.0,15.0,10.0,8.0,9.0,11.0,4.0,6.0,5.0,7.0,0.0,3.0,2.0,1.0,13.0,12.0,15.0,14.0,8.0,10.0,11.0,9.0,5.0,7.0,4.0,6.0,1.0,2.0,3.0,0.0,14.0,15.0,8.0,13.0,9.0,11.0,10.0,12.0,6.0,4.0,7.0,5.0,3.0,0.0,1.0,2.0,15.0,14.0,13.0,8.0,11.0,9.0,12.0,10.0,7.0,5.0,6.0,4.0,2.0,1.0,0.0,3.0
306136,65517,5,multi_DTransversal_22_2025-06-08_22_24_48_142788_2,1749421825,5,1,5,622.4244,626.206902,0,3469655309.512298,4456448.0,6959104.0,14770.0,3600000000000.0,86400000000000.0,500000000.0,1000000000.0,1749421488,604800,0,0,0,2,GenuineIntel,Intel Xeon Processor (Icelake) [Family 6 Model 106 Stepping 0],3469655309.512298,61153511188.58783,1000000000.0,Linux Ubuntu,Ubuntu 24.04.2 LTS [6.8.0-59-generic|libc 2.39],2062311424.0,16777216.0,0.0,20105105408.0,16922484736.0,3227648.0,688128.0,18743965532.16,62172879.874603,27986277.102115,0.0,1.0,0.0,0.886615,0,0.0,0.0,1.0,2.0,3.0,4.0,5.0,6.0,7.0,8.0,9.0,10.0,11.0,12.0,13.0,14.0,15.0,1.0,0.0,3.0,2.0,5.0,4.0,7.0,6.0,9.0,8.0,11.0,10.0,13.0,12.0,15.0,14.0,2.0,3.0,1.0,5.0,6.0,7.0,0.0,4.0,10.0,11.0,9.0,12.0,14.0,15.0,13.0,8.0,3.0,2.0,5.0,1.0,7.0,6.0,4.0,0.0,11.0,10.0,12.0,9.0,15.0,14.0,8.0,13.0,4.0,5.0,7.0,6.0,3.0,0.0,2.0,1.0,12.0,13.0,14.0,15.0,10.0,8.0,9.0,11.0,5.0,4.0,6.0,7.0,0.0,3.0,1.0,2.0,13.0,12.0,15.0,14.0,8.0,10.0,11.0,9.0,6.0,7.0,4.0,0.0,1.0,2.0,5.0,3.0,14.0,15.0,8.0,13.0,11.0,9.0,12.0,10.0,7.0,6.0,0.0,4.0,2.0,1.0,3.0,5.0,15.0,14.0,13.0,8.0,9.0,11.0,10.0,12.0,8.0,9.0,10.0,11.0,12.0,13.0,14.0,15.0,0.0,1.0,2.0,3.0,4.0,5.0,6.0,7.0,9.0,8.0,11.0,10.0,13.0,12.0,15.0,14.0,1.0,0.0,3.0,2.0,5.0,4.0,7.0,6.0,10.0,11.0,9.0,12.0,14.0,15.0,8.0,13.0,2.0,3.0,1.0,0.0,7.0,6.0,5.0,4.0,11.0,10.0,12.0,9.0,15.0,14.0,13.0,8.0,3.0,2.0,0.0,1.0,6.0,7.0,4.0,5.0,12.0,13.0,14.0,15.0,10.0,8.0,9.0,11.0,4.0,6.0,5.0,7.0,0.0,3.0,2.0,1.0,13.0,12.0,15.0,14.0,8.0,10.0,11.0,9.0,5.0,7.0,4.0,6.0,1.0,2.0,3.0,0.0,14.0,15.0,8.0,13.0,9.0,11.0,10.0,12.0,6.0,4.0,7.0,5.0,3.0,0.0,1.0,2.0,15.0,14.0,13.0,8.0,11.0,9.0,12.0,10.0,7.0,5.0,6.0,4.0,2.0,1.0,0.0,3.0
306137,65518,5,multi_DTransversal_23_2025-06-08_22_24_48_214264_0,1749421825,5,1,5,568.2273,571.935139,0,3469655309.512298,4456448.0,6959104.0,14772.0,3600000000000.0,86400000000000.0,500000000.0,1000000000.0,1749421488,604800,0,0,0,2,GenuineIntel,Intel Xeon Processor (Icelake) [Family 6 Model 106 Stepping 0],3469655309.512298,61153511188.58783,1000000000.0,Linux Ubuntu,Ubuntu 24.04.2 LTS [6.8.0-59-generic|libc 2.39],2062311424.0,16777216.0,0.0,20105105408.0,16922484736.0,3227648.0,688128.0,18743965532.16,62172879.874603,27986277.102115,0.0,1.0,0.0,0.886615,0,0.0,0.0,1.0,2.0,3.0,4.0,5.0,6.0,7.0,8.0,9.0,10.0,11.0,12.0,13.0,14.0,15.0,1.0,0.0,3.0,2.0,5.0,4.0,7.0,6.0,9.0,8.0,11.0,10.0,13.0,12.0,15.0,14.0,2.0,3.0,1.0,6.0,0.0,7.0,5.0,4.0,10.0,11.0,9.0,13.0,14.0,15.0,8.0,12.0,3.0,2.0,0.0,7.0,1.0,6.0,4.0,5.0,11.0,10.0,13.0,9.0,15.0,14.0,12.0,8.0,4.0,7.0,5.0,1.0,6.0,3.0,2.0,0.0,12.0,13.0,15.0,14.0,11.0,8.0,10.0,9.0,5.0,6.0,4.0,0.0,7.0,2.0,3.0,1.0,13.0,12.0,14.0,15.0,8.0,11.0,9.0,10.0,6.0,4.0,7.0,5.0,2.0,0.0,1.0,3.0,14.0,15.0,12.0,8.0,9.0,10.0,13.0,11.0,7.0,5.0,6.0,4.0,3.0,1.0,0.0,2.0,15.0,14.0,8.0,12.0,10.0,9.0,11.0,13.0,8.0,9.0,10.0,11.0,12.0,13.0,14.0,15.0,0.0,1.0,2.0,3.0,4.0,5.0,6.0,7.0,9.0,8.0,11.0,10.0,13.0,12.0,15.0,14.0,1.0,0.0,3.0,2.0,5.0,4.0,7.0,6.0,10.0,11.0,9.0,12.0,14.0,15.0,13.0,8.0,2.0,3.0,1.0,4.0,6.0,7.0,0.0,5.0,11.0,10.0,12.0,9.0,15.0,14.0,8.0,13.0,3.0,2.0,4.0,1.0,7.0,6.0,5.0,0.0,12.0,13.0,14.0,15.0,10.0,8.0,9.0,11.0,4.0,5.0,6.0,7.0,2.0,0.0,1.0,3.0,13.0,12.0,15.0,14.0,8.0,10.0,11.0,9.0,5.0,4.0,7.0,6.0,0.0,2.0,3.0,1.0,14.0,15.0,8.0,13.0,11.0,9.0,12.0,10.0,6.0,7.0,0.0,5.0,1.0,3.0,2.0,4.0,15.0,14.0,13.0,8.0,9.0,11.0,10.0,12.0,7.0,6.0,5.0,0.0,3.0,1.0,4.0,2.0
306138,65518,7,multi_DTransversal_23_2025-06-08_22_24_48_214264_1,1749421825,5,1,5,581.5606,584.01333,0,1000000000.0,4325376.0,6959104.0,14772.0,3600000000000.0,86400000000000.0,500000000.0,1000000000.0,1749421488,604800,0,0,0,2,GenuineIntel,Intel Xeon Processor (Icelake) [Family 6 Model 106 Stepping 0],1000000000.0,1000000000.0,1000000000.0,Linux Ubuntu,Ubuntu 24.04.2 LTS [6.8.0-59-generic|libc 2.39],1006923776.0,16777216.0,0.0,20105105408.0,16966135808.0,3182592.0,688128.0,18792905359.36,49682873.433256,29201129.209936,0.0,1.0,0.0,0.844088,0,0.0,0.0,1.0,2.0,3.0,4.0,5.0,6.0,7.0,8.0,9.0,10.0,11.0,12.0,13.0,14.0,15.0,1.0,0.0,3.0,2.0,5.0,4.0,7.0,6.0,9.0,8.0,11.0,10.0,13.0,12.0,15.0,14.0,2.0,3.0,1.0,6.0,0.0,7.0,5.0,4.0,10.0,11.0,9.0,13.0,14.0,15.0,8.0,12.0,3.0,2.0,0.0,7.0,1.0,6.0,4.0,5.0,11.0,10.0,13.0,9.0,15.0,14.0,12.0,8.0,4.0,7.0,5.0,1.0,6.0,3.0,2.0,0.0,12.0,13.0,15.0,14.0,11.0,8.0,10.0,9.0,5.0,6.0,4.0,0.0,7.0,2.0,3.0,1.0,13.0,12.0,14.0,15.0,8.0,11.0,9.0,10.0,6.0,4.0,7.0,5.0,2.0,0.0,1.0,3.0,14.0,15.0,12.0,8.0,9.0,10.0,13.0,11.0,7.0,5.0,6.0,4.0,3.0,1.0,0.0,2.0,15.0,14.0,8.0,12.0,10.0,9.0,11.0,13.0,8.0,9.0,10.0,11.0,12.0,13.0,14.0,15.0,0.0,1.0,2.0,3.0,4.0,5.0,6.0,7.0,9.0,8.0,11.0,10.0,13.0,12.0,15.0,14.0,1.0,0.0,3.0,2.0,5.0,4.0,7.0,6.0,10.0,11.0,9.0,12.0,14.0,15.0,13.0,8.0,2.0,3.0,1.0,4.0,6.0,7.0,0.0,5.0,11.0,10.0,12.0,9.0,15.0,14.0,8.0,13.0,3.0,2.0,4.0,1.0,7.0,6.0,5.0,0.0,12.0,13.0,14.0,15.0,10.0,8.0,9.0,11.0,4.0,5.0,6.0,7.0,2.0,0.0,1.0,3.0,13.0,12.0,15.0,14.0,8.0,10.0,11.0,9.0,5.0,4.0,7.0,6.0,0.0,2.0,3.0,1.0,14.0,15.0,8.0,13.0,11.0,9.0,12.0,10.0,6.0,7.0,0.0,5.0,1.0,3.0,2.0,4.0,15.0,14.0,13.0,8.0,9.0,11.0,10.0,12.0,7.0,6.0,5.0,0.0,3.0,1.0,4.0,2.0
306139,65518,5,multi_DTransversal_23_2025-06-08_22_24_48_214264_2,1749421825,5,1,5,572.362,574.95757,0,3469655309.512298,4456448.0,6959104.0,14771.0,3600000000000.0,86400000000000.0,500000000.0,1000000000.0,1749421488,604800,0,0,0,2,GenuineIntel,Intel Xeon Processor (Icelake) [Family 6 Model 106 Stepping 0],3469655309.512298,61153511188.58783,1000000000.0,Linux Ubuntu,Ubuntu 24.04.2 LTS [6.8.0-59-generic|libc 2.39],2062311424.0,16777216.0,0.0,20105105408.0,16922484736.0,3227648.0,688128.0,18743965532.16,62172879.874603,27986277.102115,0.0,1.0,0.0,0.886615,0,0.0,0.0,1.0,2.0,3.0,4.0,5.0,6.0,7.0,8.0,9.0,10.0,11.0,12.0,13.0,14.0,15.0,1.0,0.0,3.0,2.0,5.0,4.0,7.0,6.0,9.0,8.0,11.0,10.0,13.0,12.0,15.0,14.0,2.0,3.0,1.0,6.0,0.0,7.0,5.0,4.0,10.0,11.0,9.0,13.0,14.0,15.0,8.0,12.0,3.0,2.0,0.0,7.0,1.0,6.0,4.0,5.0,11.0,10.0,13.0,9.0,15.0,14.0,12.0,8.0,4.0,7.0,5.0,1.0,6.0,3.0,2.0,0.0,12.0,13.0,15.0,14.0,11.0,8.0,10.0,9.0,5.0,6.0,4.0,0.0,7.0,2.0,3.0,1.0,13.0,12.0,14.0,15.0,8.0,11.0,9.0,10.0,6.0,4.0,7.0,5.0,2.0,0.0,1.0,3.0,14.0,15.0,12.0,8.0,9.0,10.0,13.0,11.0,7.0,5.0,6.0,4.0,3.0,1.0,0.0,2.0,15.0,14.0,8.0,12.0,10.0,9.0,11.0,13.0,8.0,9.0,10.0,11.0,12.0,13.0,14.0,15.0,0.0,1.0,2.0,3.0,4.0,5.0,6.0,7.0,9.0,8.0,11.0,10.0,13.0,12.0,15.0,14.0,1.0,0.0,3.0,2.0,5.0,4.0,7.0,6.0,10.0,11.0,9.0,12.0,14.0,15.0,13.0,8.0,2.0,3.0,1.0,4.0,6.0,7.0,0.0,5.0,11.0,10.0,12.0,9.0,15.0,14.0,8.0,13.0,3.0,2.0,4.0,1.0,7.0,6.0,5.0,0.0,12.0,13.0,14.0,15.0,10.0,8.0,9.0,11.0,4.0,5.0,6.0,7.0,2.0,0.0,1.0,3.0,13.0,12.0,15.0,14.0,8.0,10.0,11.0,9.0,5.0,4.0,7.0,6.0,0.0,2.0,3.0,1.0,14.0,15.0,8.0,13.0,11.0,9.0,12.0,10.0,6.0,7.0,0.0,5.0,1.0,3.0,2.0,4.0,15.0,14.0,13.0,8.0,9.0,11.0,10.0,12.0,7.0,6.0,5.0,0.0,3.0,1.0,4.0,2.0
306140,65519,11,multi_DTransversal_24_2025-06-08_22_24_48_289239_0,1749421825,5,1,5,210.75,212.656239,0,1000000000.0,10858496.0,6529024.0,6247.0,3600000000000.0,86400000000000.0,500000000.0,1000000000.0,1749421488,604800,0,0,0,8,GenuineIntel,Intel(R) Xeon(R) CPU E5-2695 v2 @ 2.40GHz [Family 6 Model 62 Stepping 4],1000000000.0,1000000000.0,1000000000.0,Microsoft Windows 10,"Enterprise LTSB x64 Edition, (10.00.19044.00)",17171070976.0,262144.0,19721207808.0,47715450880.0,12050235392.0,48026194.0,171008.0,31952040963.26,55829988.834023,31583643.413455,0.0,1.0,0.0,0.931986,0,0.0,0.0,1.0,2.0,3.0,4.0,5.0,6.0,7.0,8.0,9.0,10.0,11.0,12.0,13.0,14.0,15.0,1.0,0.0,3.0,2.0,5.0,4.0,7.0,6.0,9.0,8.0,11.0,10.0,13.0,12.0,15.0,14.0,2.0,3.0,4.0,0.0,6.0,7.0,1.0,5.0,10.0,11.0,9.0,14.0,8.0,15.0,13.0,12.0,3.0,2.0,0.0,7.0,1.0,6.0,5.0,4.0,11.0,10.0,8.0,15.0,9.0,14.0,12.0,13.0,4.0,6.0,5.0,1.0,7.0,2.0,0.0,3.0,12.0,15.0,13.0,9.0,14.0,11.0,10.0,8.0,5.0,7.0,1.0,6.0,0.0,3.0,4.0,2.0,13.0,14.0,12.0,8.0,15.0,10.0,11.0,9.0,6.0,4.0,7.0,5.0,2.0,1.0,3.0,0.0,14.0,12.0,15.0,13.0,10.0,8.0,9.0,11.0,7.0,5.0,6.0,4.0,3.0,0.0,2.0,1.0,15.0,13.0,14.0,12.0,11.0,9.0,8.0,10.0,8.0,9.0,10.0,11.0,12.0,13.0,14.0,15.0,0.0,1.0,2.0,3.0,4.0,5.0,6.0,7.0,9.0,8.0,11.0,10.0,13.0,12.0,15.0,14.0,1.0,0.0,3.0,2.0,5.0,4.0,7.0,6.0,10.0,11.0,9.0,13.0,14.0,15.0,8.0,12.0,2.0,3.0,1.0,4.0,6.0,7.0,5.0,0.0,11.0,10.0,13.0,9.0,15.0,14.0,12.0,8.0,3.0,2.0,4.0,1.0,7.0,6.0,0.0,5.0,12.0,13.0,15.0,14.0,11.0,8.0,10.0,9.0,4.0,5.0,6.0,7.0,2.0,0.0,1.0,3.0,13.0,12.0,14.0,15.0,8.0,11.0,9.0,10.0,5.0,4.0,7.0,6.0,0.0,2.0,3.0,1.0,14.0,15.0,12.0,8.0,9.0,10.0,13.0,11.0,6.0,7.0,0.0,5.0,3.0,1.0,4.0,2.0,15.0,14.0,8.0,12.0,10.0,9.0,11.0,13.0,7.0,6.0,5.0,0.0,1.0,3.0,2.0,4.0
306141,65519,5,multi_DTransversal_24_2025-06-08_22_24_48_289239_1,1749421825,5,1,5,534.2627,538.760211,0,3469655309.512298,4456448.0,6959104.0,14772.0,3600000000000.0,86400000000000.0,500000000.0,1000000000.0,1749421488,604800,0,0,0,2,GenuineIntel,Intel Xeon Processor (Icelake) [Family 6 Model 106 Stepping 0],3469655309.512298,61153511188.58783,1000000000.0,Linux Ubuntu,Ubuntu 24.04.2 LTS [6.8.0-59-generic|libc 2.39],2062311424.0,16777216.0,0.0,20105105408.0,16922484736.0,3227648.0,688128.0,18743965532.16,62172879.874603,27986277.102115,0.0,1.0,0.0,0.886615,0,0.0,0.0,1.0,2.0,3.0,4.0,5.0,6.0,7.0,8.0,9.0,10.0,11.0,12.0,13.0,14.0,15.0,1.0,0.0,3.0,2.0,5.0,4.0,7.0,6.0,9.0,8.0,11.0,10.0,13.0,12.0,15.0,14.0,2.0,3.0,4.0,0.0,6.0,7.0,1.0,5.0,10.0,11.0,9.0,14.0,8.0,15.0,13.0,12.0,3.0,2.0,0.0,7.0,1.0,6.0,5.0,4.0,11.0,10.0,8.0,15.0,9.0,14.0,12.0,13.0,4.0,6.0,5.0,1.0,7.0,2.0,0.0,3.0,12.0,15.0,13.0,9.0,14.0,11.0,10.0,8.0,5.0,7.0,1.0,6.0,0.0,3.0,4.0,2.0,13.0,14.0,12.0,8.0,15.0,10.0,11.0,9.0,6.0,4.0,7.0,5.0,2.0,1.0,3.0,0.0,14.0,12.0,15.0,13.0,10.0,8.0,9.0,11.0,7.0,5.0,6.0,4.0,3.0,0.0,2.0,1.0,15.0,13.0,14.0,12.0,11.0,9.0,8.0,10.0,8.0,9.0,10.0,11.0,12.0,13.0,14.0,15.0,0.0,1.0,2.0,3.0,4.0,5.0,6.0,7.0,9.0,8.0,11.0,10.0,13.0,12.0,15.0,14.0,1.0,0.0,3.0,2.0,5.0,4.0,7.0,6.0,10.0,11.0,9.0,13.0,14.0,15.0,8.0,12.0,2.0,3.0,1.0,4.0,6.0,7.0,5.0,0.0,11.0,10.0,13.0,9.0,15.0,14.0,12.0,8.0,3.0,2.0,4.0,1.0,7.0,6.0,0.0,5.0,12.0,13.0,15.0,14.0,11.0,8.0,10.0,9.0,4.0,5.0,6.0,7.0,2.0,0.0,1.0,3.0,13.0,12.0,14.0,15.0,8.0,11.0,9.0,10.0,5.0,4.0,7.0,6.0,0.0,2.0,3.0,1.0,14.0,15.0,12.0,8.0,9.0,10.0,13.0,11.0,6.0,7.0,0.0,5.0,3.0,1.0,4.0,2.0,15.0,14.0,8.0,12.0,10.0,9.0,11.0,13.0,7.0,6.0,5.0,0.0,1.0,3.0,2.0,4.0
306142,65519,12,multi_DTransversal_24_2025-06-08_22_24_48_289239_2,1749421825,5,1,5,209.9219,212.719366,0,1000000000.0,11042816.0,6512640.0,6243.0,3600000000000.0,86400000000000.0,500000000.0,1000000000.0,1749421488,604800,0,0,0,8,GenuineIntel,Intel(R) Xeon(R) CPU E5-2695 v2 @ 2.40GHz [Family 6 Model 62 Stepping 4],1000000000.0,1000000000.0,1000000000.0,Microsoft Windows 10,"Enterprise LTSB x64 Edition, (10.00.19044.00)",25761005568.0,262144.0,29519101952.0,47715450880.0,9854517248.0,50332470.0,0.0,13190576267.66,47277768.885526,29243555.256756,0.0,1.0,0.0,0.926923,0,0.0,0.0,1.0,2.0,3.0,4.0,5.0,6.0,7.0,8.0,9.0,10.0,11.0,12.0,13.0,14.0,15.0,1.0,0.0,3.0,2.0,5.0,4.0,7.0,6.0,9.0,8.0,11.0,10.0,13.0,12.0,15.0,14.0,2.0,3.0,4.0,0.0,6.0,7.0,1.0,5.0,10.0,11.0,9.0,14.0,8.0,15.0,13.0,12.0,3.0,2.0,0.0,7.0,1.0,6.0,5.0,4.0,11.0,10.0,8.0,15.0,9.0,14.0,12.0,13.0,4.0,6.0,5.0,1.0,7.0,2.0,0.0,3.0,12.0,15.0,13.0,9.0,14.0,11.0,10.0,8.0,5.0,7.0,1.0,6.0,0.0,3.0,4.0,2.0,13.0,14.0,12.0,8.0,15.0,10.0,11.0,9.0,6.0,4.0,7.0,5.0,2.0,1.0,3.0,0.0,14.0,12.0,15.0,13.0,10.0,8.0,9.0,11.0,7.0,5.0,6.0,4.0,3.0,0.0,2.0,1.0,15.0,13.0,14.0,12.0,11.0,9.0,8.0,10.0,8.0,9.0,10.0,11.0,12.0,13.0,14.0,15.0,0.0,1.0,2.0,3.0,4.0,5.0,6.0,7.0,9.0,8.0,11.0,10.0,13.0,12.0,15.0,14.0,1.0,0.0,3.0,2.0,5.0,4.0,7.0,6.0,10.0,11.0,9.0,13.0,14.0,15.0,8.0,12.0,2.0,3.0,1.0,4.0,6.0,7.0,5.0,0.0,11.0,10.0,13.0,9.0,15.0,14.0,12.0,8.0,3.0,2.0,4.0,1.0,7.0,6.0,0.0,5.0,12.0,13.0,15.0,14.0,11.0,8.0,10.0,9.0,4.0,5.0,6.0,7.0,2.0,0.0,1.0,3.0,13.0,12.0,14.0,15.0,8.0,11.0,9.0,10.0,5.0,4.0,7.0,6.0,0.0,2.0,3.0,1.0,14.0,15.0,12.0,8.0,9.0,10.0,13.0,11.0,6.0,7.0,0.0,5.0,3.0,1.0,4.0,2.0,15.0,14.0,8.0,12.0,10.0,9.0,11.0,13.0,7.0,6.0,5.0,0.0,1.0,3.0,2.0,4.0
306143,65520,12,multi_DTransversal_25_2025-06-08_22_24_48_362036_0,1749421825,5,1,5,208.0156,209.969376,0,1000000000.0,11051008.0,6520832.0,6243.0,3600000000000.0,86400000000000.0,500000000.0,1000000000.0,1749421488,604800,0,0,0,8,GenuineIntel,Intel(R) Xeon(R) CPU E5-2695 v2 @ 2.40GHz [Family 6 Model 62 Stepping 4],1000000000.0,1000000000.0,1000000000.0,Microsoft Windows 10,"Enterprise LTSB x64 Edition, (10.00.19044.00)",25761005568.0,262144.0,29519101952.0,47715450880.0,9854517248.0,50332470.0,0.0,13190576267.66,47277768.885526,29243555.256756,0.0,1.0,0.0,0.926923,0,0.0,0.0,1.0,2.0,3.0,4.0,5.0,6.0,7.0,8.0,9.0,10.0,11.0,12.0,13.0,14.0,15.0,1.0,0.0,3.0,2.0,5.0,4.0,7.0,6.0,9.0,8.0,11.0,10.0,13.0,12.0,15.0,14.0,2.0,3.0,4.0,0.0,6.0,7.0,1.0,5.0,10.0,11.0,12.0,8.0,14.0,15.0,9.0,13.0,3.0,2.0,0.0,7.0,1.0,6.0,5.0,4.0,11.0,10.0,8.0,15.0,9.0,14.0,13.0,12.0,4.0,6.0,5.0,1.0,7.0,3.0,0.0,2.0,12.0,14.0,13.0,9.0,15.0,10.0,8.0,11.0,5.0,7.0,1.0,6.0,0.0,2.0,4.0,3.0,13.0,15.0,9.0,14.0,8.0,11.0,12.0,10.0,6.0,4.0,7.0,5.0,3.0,1.0,2.0,0.0,14.0,12.0,15.0,13.0,10.0,9.0,11.0,8.0,7.0,5.0,6.0,4.0,2.0,0.0,3.0,1.0,15.0,13.0,14.0,12.0,11.0,8.0,10.0,9.0,8.0,9.0,10.0,11.0,12.0,13.0,14.0,15.0,0.0,1.0,2.0,3.0,4.0,5.0,6.0,7.0,9.0,8.0,11.0,10.0,13.0,12.0,15.0,14.0,1.0,0.0,3.0,2.0,5.0,4.0,7.0,6.0,10.0,11.0,9.0,14.0,8.0,15.0,13.0,12.0,2.0,3.0,1.0,5.0,6.0,7.0,0.0,4.0,11.0,10.0,8.0,15.0,9.0,14.0,12.0,13.0,3.0,2.0,5.0,1.0,7.0,6.0,4.0,0.0,12.0,15.0,13.0,9.0,14.0,11.0,10.0,8.0,4.0,5.0,7.0,6.0,3.0,0.0,2.0,1.0,13.0,14.0,12.0,8.0,15.0,10.0,11.0,9.0,5.0,4.0,6.0,7.0,0.0,3.0,1.0,2.0,14.0,12.0,15.0,13.0,10.0,8.0,9.0,11.0,6.0,7.0,4.0,0.0,1.0,2.0,5.0,3.0,15.0,13.0,14.0,12.0,11.0,9.0,8.0,10.0,7.0,6.0,0.0,4.0,2.0,1.0,3.0,5.0
306144,65520,12,multi_DTransversal_25_2025-06-08_22_24_48_362036_1,1749421825,5,1,5,208.625,211.87561,0,1000000000.0,11051008.0,6520832.0,6244.0,3600000000000.0,86400000000000.0,500000000.0,1000000000.0,1749421488,604800,0,0,0,8,GenuineIntel,Intel(R) Xeon(R) CPU E5-2695 v2 @ 2.40GHz [Family 6 Model 62 Stepping 4],1000000000.0,1000000000.0,1000000000.0,Microsoft Windows 10,"Enterprise LTSB x64 Edition, (10.00.19044.00)",25761005568.0,262144.0,29519101952.0,47715450880.0,9854517248.0,50332470.0,0.0,13190576267.66,47277768.885526,29243555.256756,0.0,1.0,0.0,0.926923,0,0.0,0.0,1.0,2.0,3.0,4.0,5.0,6.0,7.0,8.0,9.0,10.0,11.0,12.0,13.0,14.0,15.0,1.0,0.0,3.0,2.0,5.0,4.0,7.0,6.0,9.0,8.0,11.0,10.0,13.0,12.0,15.0,14.0,2.0,3.0,4.0,0.0,6.0,7.0,1.0,5.0,10.0,11.0,12.0,8.0,14.0,15.0,9.0,13.0,3.0,2.0,0.0,7.0,1.0,6.0,5.0,4.0,11.0,10.0,8.0,15.0,9.0,14.0,13.0,12.0,4.0,6.0,5.0,1.0,7.0,3.0,0.0,2.0,12.0,14.0,13.0,9.0,15.0,10.0,8.0,11.0,5.0,7.0,1.0,6.0,0.0,2.0,4.0,3.0,13.0,15.0,9.0,14.0,8.0,11.0,12.0,10.0,6.0,4.0,7.0,5.0,3.0,1.0,2.0,0.0,14.0,12.0,15.0,13.0,10.0,9.0,11.0,8.0,7.0,5.0,6.0,4.0,2.0,0.0,3.0,1.0,15.0,13.0,14.0,12.0,11.0,8.0,10.0,9.0,8.0,9.0,10.0,11.0,12.0,13.0,14.0,15.0,0.0,1.0,2.0,3.0,4.0,5.0,6.0,7.0,9.0,8.0,11.0,10.0,13.0,12.0,15.0,14.0,1.0,0.0,3.0,2.0,5.0,4.0,7.0,6.0,10.0,11.0,9.0,14.0,8.0,15.0,13.0,12.0,2.0,3.0,1.0,5.0,6.0,7.0,0.0,4.0,11.0,10.0,8.0,15.0,9.0,14.0,12.0,13.0,3.0,2.0,5.0,1.0,7.0,6.0,4.0,0.0,12.0,15.0,13.0,9.0,14.0,11.0,10.0,8.0,4.0,5.0,7.0,6.0,3.0,0.0,2.0,1.0,13.0,14.0,12.0,8.0,15.0,10.0,11.0,9.0,5.0,4.0,6.0,7.0,0.0,3.0,1.0,2.0,14.0,12.0,15.0,13.0,10.0,8.0,9.0,11.0,6.0,7.0,4.0,0.0,1.0,2.0,5.0,3.0,15.0,13.0,14.0,12.0,11.0,9.0,8.0,10.0,7.0,6.0,0.0,4.0,2.0,1.0,3.0,5.0
306145,65520,12,multi_DTransversal_25_2025-06-08_22_24_48_362036_2,1749421825,5,1,5,207.75,210.922472,0,1000000000.0,11051008.0,6504448.0,6243.0,3600000000000.0,86400000000000.0,500000000.0,1000000000.0,1749421488,604800,0,0,0,8,GenuineIntel,Intel(R) Xeon(R) CPU E5-2695 v2 @ 2.40GHz [Family 6 Model 62 Stepping 4],1000000000.0,1000000000.0,1000000000.0,Microsoft Windows 10,"Enterprise LTSB x64 Edition, (10.00.19044.00)",25761005568.0,262144.0,29519101952.0,47715450880.0,9854517248.0,50332470.0,0.0,13190576267.66,47277768.885526,29243555.256756,0.0,1.0,0.0,0.926923,0,0.0,0.0,1.0,2.0,3.0,4.0,5.0,6.0,7.0,8.0,9.0,10.0,11.0,12.0,13.0,14.0,15.0,1.0,0.0,3.0,2.0,5.0,4.0,7.0,6.0,9.0,8.0,11.0,10.0,13.0,12.0,15.0,14.0,2.0,3.0,4.0,0.0,6.0,7.0,1.0,5.0,10.0,11.0,12.0,8.0,14.0,15.0,9.0,13.0,3.0,2.0,0.0,7.0,1.0,6.0,5.0,4.0,11.0,10.0,8.0,15.0,9.0,14.0,13.0,12.0,4.0,6.0,5.0,1.0,7.0,3.0,0.0,2.0,12.0,14.0,13.0,9.0,15.0,10.0,8.0,11.0,5.0,7.0,1.0,6.0,0.0,2.0,4.0,3.0,13.0,15.0,9.0,14.0,8.0,11.0,12.0,10.0,6.0,4.0,7.0,5.0,3.0,1.0,2.0,0.0,14.0,12.0,15.0,13.0,10.0,9.0,11.0,8.0,7.0,5.0,6.0,4.0,2.0,0.0,3.0,1.0,15.0,13.0,14.0,12.0,11.0,8.0,10.0,9.0,8.0,9.0,10.0,11.0,12.0,13.0,14.0,15.0,0.0,1.0,2.0,3.0,4.0,5.0,6.0,7.0,9.0,8.0,11.0,10.0,13.0,12.0,15.0,14.0,1.0,0.0,3.0,2.0,5.0,4.0,7.0,6.0,10.0,11.0,9.0,14.0,8.0,15.0,13.0,12.0,2.0,3.0,1.0,5.0,6.0,7.0,0.0,4.0,11.0,10.0,8.0,15.0,9.0,14.0,12.0,13.0,3.0,2.0,5.0,1.0,7.0,6.0,4.0,0.0,12.0,15.0,13.0,9.0,14.0,11.0,10.0,8.0,4.0,5.0,7.0,6.0,3.0,0.0,2.0,1.0,13.0,14.0,12.0,8.0,15.0,10.0,11.0,9.0,5.0,4.0,6.0,7.0,0.0,3.0,1.0,2.0,14.0,12.0,15.0,13.0,10.0,8.0,9.0,11.0,6.0,7.0,4.0,0.0,1.0,2.0,5.0,3.0,15.0,13.0,14.0,12.0,11.0,9.0,8.0,10.0,7.0,6.0,0.0,4.0,2.0,1.0,3.0,5.0
306146,65521,13,multi_DTransversal_26_2025-06-08_22_24_48_407243_0,1749421825,5,1,5,207.7812,209.46875,0,1000000000.0,10801152.0,6520832.0,6242.0,3600000000000.0,86400000000000.0,500000000.0,1000000000.0,1749421488,604800,0,0,0,8,GenuineIntel,Intel(R) Xeon(R) CPU E5-2695 v2 @ 2.40GHz [Family 6 Model 62 Stepping 4],1000000000.0,1000000000.0,1000000000.0,Microsoft Windows 10,"Enterprise LTSB x64 Edition, (10.00.19044.00)",17171070976.0,262144.0,19721207808.0,47715450880.0,12161384448.0,47854504.0,0.0,14603537759.36,60997332.301195,14493303.268338,0.0,1.0,0.0,0.931104,0,0.0,0.0,1.0,2.0,3.0,4.0,5.0,6.0,7.0,8.0,9.0,10.0,11.0,12.0,13.0,14.0,15.0,1.0,0.0,3.0,2.0,5.0,4.0,7.0,6.0,9.0,8.0,11.0,10.0,13.0,12.0,15.0,14.0,2.0,3.0,4.0,0.0,6.0,7.0,5.0,1.0,10.0,11.0,12.0,8.0,14.0,15.0,9.0,13.0,3.0,2.0,5.0,1.0,7.0,6.0,4.0,0.0,11.0,10.0,8.0,15.0,9.0,14.0,13.0,12.0,4.0,6.0,7.0,5.0,1.0,3.0,0.0,2.0,12.0,14.0,13.0,9.0,15.0,11.0,8.0,10.0,5.0,7.0,6.0,4.0,0.0,2.0,1.0,3.0,13.0,15.0,9.0,14.0,8.0,10.0,12.0,11.0,6.0,5.0,1.0,7.0,2.0,0.0,3.0,4.0,14.0,12.0,15.0,13.0,11.0,9.0,10.0,8.0,7.0,4.0,0.0,6.0,3.0,1.0,2.0,5.0,15.0,13.0,14.0,12.0,10.0,8.0,11.0,9.0,8.0,9.0,10.0,11.0,12.0,13.0,14.0,15.0,0.0,1.0,2.0,3.0,4.0,5.0,6.0,7.0,9.0,8.0,11.0,10.0,13.0,12.0,15.0,14.0,1.0,0.0,3.0,2.0,5.0,4.0,7.0,6.0,10.0,11.0,12.0,8.0,14.0,15.0,9.0,13.0,2.0,3.0,1.0,6.0,0.0,7.0,5.0,4.0,11.0,10.0,8.0,15.0,9.0,14.0,13.0,12.0,3.0,2.0,0.0,7.0,1.0,6.0,4.0,5.0,12.0,14.0,13.0,9.0,15.0,10.0,8.0,11.0,4.0,7.0,5.0,1.0,6.0,3.0,2.0,0.0,13.0,15.0,9.0,14.0,8.0,11.0,12.0,10.0,5.0,6.0,4.0,0.0,7.0,2.0,3.0,1.0,14.0,12.0,15.0,13.0,10.0,9.0,11.0,8.0,6.0,4.0,7.0,5.0,2.0,0.0,1.0,3.0,15.0,13.0,14.0,12.0,11.0,8.0,10.0,9.0,7.0,5.0,6.0,4.0,3.0,1.0,0.0,2.0
306147,65521,13,multi_DTransversal_26_2025-06-08_22_24_48_407243_1,1749421825,5,1,5,208.4688,210.562494,0,1000000000.0,10805248.0,6533120.0,6244.0,3600000000000.0,86400000000000.0,500000000.0,1000000000.0,1749421488,604800,0,0,0,8,GenuineIntel,Intel(R) Xeon(R) CPU E5-2695 v2 @ 2.40GHz [Family 6 Model 62 Stepping 4],1000000000.0,1000000000.0,1000000000.0,Microsoft Windows 10,"Enterprise LTSB x64 Edition, (10.00.19044.00)",17171070976.0,262144.0,19721207808.0,47715450880.0,12161384448.0,47854504.0,0.0,14603537759.36,60997332.301195,14493303.268338,0.0,1.0,0.0,0.931104,0,0.0,0.0,1.0,2.0,3.0,4.0,5.0,6.0,7.0,8.0,9.0,10.0,11.0,12.0,13.0,14.0,15.0,1.0,0.0,3.0,2.0,5.0,4.0,7.0,6.0,9.0,8.0,11.0,10.0,13.0,12.0,15.0,14.0,2.0,3.0,4.0,0.0,6.0,7.0,5.0,1.0,10.0,11.0,12.0,8.0,14.0,15.0,9.0,13.0,3.0,2.0,5.0,1.0,7.0,6.0,4.0,0.0,11.0,10.0,8.0,15.0,9.0,14.0,13.0,12.0,4.0,6.0,7.0,5.0,1.0,3.0,0.0,2.0,12.0,14.0,13.0,9.0,15.0,11.0,8.0,10.0,5.0,7.0,6.0,4.0,0.0,2.0,1.0,3.0,13.0,15.0,9.0,14.0,8.0,10.0,12.0,11.0,6.0,5.0,1.0,7.0,2.0,0.0,3.0,4.0,14.0,12.0,15.0,13.0,11.0,9.0,10.0,8.0,7.0,4.0,0.0,6.0,3.0,1.0,2.0,5.0,15.0,13.0,14.0,12.0,10.0,8.0,11.0,9.0,8.0,9.0,10.0,11.0,12.0,13.0,14.0,15.0,0.0,1.0,2.0,3.0,4.0,5.0,6.0,7.0,9.0,8.0,11.0,10.0,13.0,12.0,15.0,14.0,1.0,0.0,3.0,2.0,5.0,4.0,7.0,6.0,10.0,11.0,12.0,8.0,14.0,15.0,9.0,13.0,2.0,3.0,1.0,6.0,0.0,7.0,5.0,4.0,11.0,10.0,8.0,15.0,9.0,14.0,13.0,12.0,3.0,2.0,0.0,7.0,1.0,6.0,4.0,5.0,12.0,14.0,13.0,9.0,15.0,10.0,8.0,11.0,4.0,7.0,5.0,1.0,6.0,3.0,2.0,0.0,13.0,15.0,9.0,14.0,8.0,11.0,12.0,10.0,5.0,6.0,4.0,0.0,7.0,2.0,3.0,1.0,14.0,12.0,15.0,13.0,10.0,9.0,11.0,8.0,6.0,4.0,7.0,5.0,2.0,0.0,1.0,3.0,15.0,13.0,14.0,12.0,11.0,8.0,10.0,9.0,7.0,5.0,6.0,4.0,3.0,1.0,0.0,2.0
306148,65521,10,multi_DTransversal_26_2025-06-08_22_24_48_407243_2,1749421825,5,1,5,497.6878,500.634815,0,1000000000.0,4456448.0,6959104.0,14779.0,3600000000000.0,86400000000000.0,500000000.0,1000000000.0,1749421488,604800,0,0,0,2,GenuineIntel,Intel Xeon Processor (Icelake) [Family 6 Model 106 Stepping 0],1000000000.0,1000000000.0,1000000000.0,Linux Ubuntu,Ubuntu 24.04.2 LTS [6.8.0-59-generic|libc 2.39],1006919680.0,16777216.0,0.0,20105105408.0,16889634816.0,2990080.0,688128.0,18595474472.96,58063412.844922,29429754.907709,0.0,1.0,0.0,0.874458,0,0.0,0.0,1.0,2.0,3.0,4.0,5.0,6.0,7.0,8.0,9.0,10.0,11.0,12.0,13.0,14.0,15.0,1.0,0.0,3.0,2.0,5.0,4.0,7.0,6.0,9.0,8.0,11.0,10.0,13.0,12.0,15.0,14.0,2.0,3.0,4.0,0.0,6.0,7.0,5.0,1.0,10.0,11.0,12.0,8.0,14.0,15.0,9.0,13.0,3.0,2.0,5.0,1.0,7.0,6.0,4.0,0.0,11.0,10.0,8.0,15.0,9.0,14.0,13.0,12.0,4.0,6.0,7.0,5.0,1.0,3.0,0.0,2.0,12.0,14.0,13.0,9.0,15.0,11.0,8.0,10.0,5.0,7.0,6.0,4.0,0.0,2.0,1.0,3.0,13.0,15.0,9.0,14.0,8.0,10.0,12.0,11.0,6.0,5.0,1.0,7.0,2.0,0.0,3.0,4.0,14.0,12.0,15.0,13.0,11.0,9.0,10.0,8.0,7.0,4.0,0.0,6.0,3.0,1.0,2.0,5.0,15.0,13.0,14.0,12.0,10.0,8.0,11.0,9.0,8.0,9.0,10.0,11.0,12.0,13.0,14.0,15.0,0.0,1.0,2.0,3.0,4.0,5.0,6.0,7.0,9.0,8.0,11.0,10.0,13.0,12.0,15.0,14.0,1.0,0.0,3.0,2.0,5.0,4.0,7.0,6.0,10.0,11.0,12.0,8.0,14.0,15.0,9.0,13.0,2.0,3.0,1.0,6.0,0.0,7.0,5.0,4.0,11.0,10.0,8.0,15.0,9.0,14.0,13.0,12.0,3.0,2.0,0.0,7.0,1.0,6.0,4.0,5.0,12.0,14.0,13.0,9.0,15.0,10.0,8.0,11.0,4.0,7.0,5.0,1.0,6.0,3.0,2.0,0.0,13.0,15.0,9.0,14.0,8.0,11.0,12.0,10.0,5.0,6.0,4.0,0.0,7.0,2.0,3.0,1.0,14.0,12.0,15.0,13.0,10.0,9.0,11.0,8.0,6.0,4.0,7.0,5.0,2.0,0.0,1.0,3.0,15.0,13.0,14.0,12.0,11.0,8.0,10.0,9.0,7.0,5.0,6.0,4.0,3.0,1.0,0.0,2.0
306149,65522,10,multi_DTransversal_27_2025-06-08_22_24_48_465232_0,1749421825,5,1,5,506.9758,509.629987,0,1000000000.0,4325376.0,6959104.0,14780.0,3600000000000.0,86400000000000.0,500000000.0,1000000000.0,1749421488,604800,0,0,0,2,GenuineIntel,Intel Xeon Processor (Icelake) [Family 6 Model 106 Stepping 0],1000000000.0,1000000000.0,1000000000.0,Linux Ubuntu,Ubuntu 24.04.2 LTS [6.8.0-59-generic|libc 2.39],1006919680.0,16777216.0,0.0,20105105408.0,16889634816.0,2990080.0,688128.0,18595474472.96,58063412.844922,29429754.907709,0.0,1.0,0.0,0.874458,0,0.0,0.0,1.0,2.0,3.0,4.0,5.0,6.0,7.0,8.0,9.0,10.0,11.0,12.0,13.0,14.0,15.0,1.0,0.0,3.0,2.0,5.0,4.0,7.0,6.0,9.0,8.0,11.0,10.0,13.0,12.0,15.0,14.0,2.0,3.0,4.0,5.0,7.0,6.0,1.0,0.0,10.0,11.0,12.0,8.0,14.0,15.0,13.0,9.0,3.0,2.0,5.0,4.0,6.0,7.0,0.0,1.0,11.0,10.0,13.0,9.0,15.0,14.0,12.0,8.0,4.0,6.0,0.0,7.0,1.0,2.0,3.0,5.0,12.0,14.0,15.0,13.0,9.0,11.0,8.0,10.0,5.0,7.0,1.0,6.0,0.0,3.0,2.0,4.0,13.0,15.0,14.0,12.0,8.0,10.0,9.0,11.0,6.0,4.0,7.0,0.0,2.0,1.0,5.0,3.0,14.0,13.0,9.0,15.0,10.0,8.0,11.0,12.0,7.0,5.0,6.0,1.0,3.0,0.0,4.0,2.0,15.0,12.0,8.0,14.0,11.0,9.0,10.0,13.0,8.0,9.0,10.0,11.0,12.0,13.0,14.0,15.0,0.0,1.0,2.0,3.0,4.0,5.0,6.0,7.0,9.0,8.0,11.0,10.0,13.0,12.0,15.0,14.0,1.0,0.0,3.0,2.0,5.0,4.0,7.0,6.0,10.0,11.0,12.0,8.0,14.0,15.0,9.0,13.0,2.0,3.0,4.0,0.0,6.0,7.0,1.0,5.0,11.0,10.0,8.0,15.0,9.0,14.0,13.0,12.0,3.0,2.0,0.0,7.0,1.0,6.0,5.0,4.0,12.0,14.0,13.0,9.0,15.0,11.0,8.0,10.0,4.0,6.0,5.0,1.0,7.0,2.0,0.0,3.0,13.0,15.0,9.0,14.0,8.0,10.0,12.0,11.0,5.0,7.0,1.0,6.0,0.0,3.0,4.0,2.0,14.0,12.0,15.0,13.0,11.0,9.0,10.0,8.0,6.0,4.0,7.0,5.0,2.0,1.0,3.0,0.0,15.0,13.0,14.0,12.0,10.0,8.0,11.0,9.0,7.0,5.0,6.0,4.0,3.0,0.0,2.0,1.0
306150,65522,10,multi_DTransversal_27_2025-06-08_22_24_48_465232_1,1749421825,5,1,5,511.9117,514.747146,0,1000000000.0,4456448.0,6959104.0,14779.0,3600000000000.0,86400000000000.0,500000000.0,1000000000.0,1749421488,604800,0,0,0,2,GenuineIntel,Intel Xeon Processor (Icelake) [Family 6 Model 106 Stepping 0],1000000000.0,1000000000.0,1000000000.0,Linux Ubuntu,Ubuntu 24.04.2 LTS [6.8.0-59-generic|libc 2.39],1006919680.0,16777216.0,0.0,20105105408.0,16889634816.0,2990080.0,688128.0,18595474472.96,58063412.844922,29429754.907709,0.0,1.0,0.0,0.874458,0,0.0,0.0,1.0,2.0,3.0,4.0,5.0,6.0,7.0,8.0,9.0,10.0,11.0,12.0,13.0,14.0,15.0,1.0,0.0,3.0,2.0,5.0,4.0,7.0,6.0,9.0,8.0,11.0,10.0,13.0,12.0,15.0,14.0,2.0,3.0,4.0,5.0,7.0,6.0,1.0,0.0,10.0,11.0,12.0,8.0,14.0,15.0,13.0,9.0,3.0,2.0,5.0,4.0,6.0,7.0,0.0,1.0,11.0,10.0,13.0,9.0,15.0,14.0,12.0,8.0,4.0,6.0,0.0,7.0,1.0,2.0,3.0,5.0,12.0,14.0,15.0,13.0,9.0,11.0,8.0,10.0,5.0,7.0,1.0,6.0,0.0,3.0,2.0,4.0,13.0,15.0,14.0,12.0,8.0,10.0,9.0,11.0,6.0,4.0,7.0,0.0,2.0,1.0,5.0,3.0,14.0,13.0,9.0,15.0,10.0,8.0,11.0,12.0,7.0,5.0,6.0,1.0,3.0,0.0,4.0,2.0,15.0,12.0,8.0,14.0,11.0,9.0,10.0,13.0,8.0,9.0,10.0,11.0,12.0,13.0,14.0,15.0,0.0,1.0,2.0,3.0,4.0,5.0,6.0,7.0,9.0,8.0,11.0,10.0,13.0,12.0,15.0,14.0,1.0,0.0,3.0,2.0,5.0,4.0,7.0,6.0,10.0,11.0,12.0,8.0,14.0,15.0,9.0,13.0,2.0,3.0,4.0,0.0,6.0,7.0,1.0,5.0,11.0,10.0,8.0,15.0,9.0,14.0,13.0,12.0,3.0,2.0,0.0,7.0,1.0,6.0,5.0,4.0,12.0,14.0,13.0,9.0,15.0,11.0,8.0,10.0,4.0,6.0,5.0,1.0,7.0,2.0,0.0,3.0,13.0,15.0,9.0,14.0,8.0,10.0,12.0,11.0,5.0,7.0,1.0,6.0,0.0,3.0,4.0,2.0,14.0,12.0,15.0,13.0,11.0,9.0,10.0,8.0,6.0,4.0,7.0,5.0,2.0,1.0,3.0,0.0,15.0,13.0,14.0,12.0,10.0,8.0,11.0,9.0,7.0,5.0,6.0,4.0,3.0,0.0,2.0,1.0
306151,65522,12,multi_DTransversal_27_2025-06-08_22_24_48_465232_2,1749421825,5,1,5,212.2656,215.031263,0,1000000000.0,11051008.0,6516736.0,6243.0,3600000000000.0,86400000000000.0,500000000.0,1000000000.0,1749421488,604800,0,0,0,8,GenuineIntel,Intel(R) Xeon(R) CPU E5-2695 v2 @ 2.40GHz [Family 6 Model 62 Stepping 4],1000000000.0,1000000000.0,1000000000.0,Microsoft Windows 10,"Enterprise LTSB x64 Edition, (10.00.19044.00)",25761005568.0,262144.0,29519101952.0,47715450880.0,9854517248.0,50332470.0,0.0,13190576267.66,47277768.885526,29243555.256756,0.0,1.0,0.0,0.926923,0,0.0,0.0,1.0,2.0,3.0,4.0,5.0,6.0,7.0,8.0,9.0,10.0,11.0,12.0,13.0,14.0,15.0,1.0,0.0,3.0,2.0,5.0,4.0,7.0,6.0,9.0,8.0,11.0,10.0,13.0,12.0,15.0,14.0,2.0,3.0,4.0,5.0,7.0,6.0,1.0,0.0,10.0,11.0,12.0,8.0,14.0,15.0,13.0,9.0,3.0,2.0,5.0,4.0,6.0,7.0,0.0,1.0,11.0,10.0,13.0,9.0,15.0,14.0,12.0,8.0,4.0,6.0,0.0,7.0,1.0,2.0,3.0,5.0,12.0,14.0,15.0,13.0,9.0,11.0,8.0,10.0,5.0,7.0,1.0,6.0,0.0,3.0,2.0,4.0,13.0,15.0,14.0,12.0,8.0,10.0,9.0,11.0,6.0,4.0,7.0,0.0,2.0,1.0,5.0,3.0,14.0,13.0,9.0,15.0,10.0,8.0,11.0,12.0,7.0,5.0,6.0,1.0,3.0,0.0,4.0,2.0,15.0,12.0,8.0,14.0,11.0,9.0,10.0,13.0,8.0,9.0,10.0,11.0,12.0,13.0,14.0,15.0,0.0,1.0,2.0,3.0,4.0,5.0,6.0,7.0,9.0,8.0,11.0,10.0,13.0,12.0,15.0,14.0,1.0,0.0,3.0,2.0,5.0,4.0,7.0,6.0,10.0,11.0,12.0,8.0,14.0,15.0,9.0,13.0,2.0,3.0,4.0,0.0,6.0,7.0,1.0,5.0,11.0,10.0,8.0,15.0,9.0,14.0,13.0,12.0,3.0,2.0,0.0,7.0,1.0,6.0,5.0,4.0,12.0,14.0,13.0,9.0,15.0,11.0,8.0,10.0,4.0,6.0,5.0,1.0,7.0,2.0,0.0,3.0,13.0,15.0,9.0,14.0,8.0,10.0,12.0,11.0,5.0,7.0,1.0,6.0,0.0,3.0,4.0,2.0,14.0,12.0,15.0,13.0,11.0,9.0,10.0,8.0,6.0,4.0,7.0,5.0,2.0,1.0,3.0,0.0,15.0,13.0,14.0,12.0,10.0,8.0,11.0,9.0,7.0,5.0,6.0,4.0,3.0,0.0,2.0,1.0
306152,65523,12,multi_DTransversal_28_2025-06-08_22_24_48_519347_0,1749421825,5,1,5,210.125,213.062494,0,1000000000.0,11051008.0,6504448.0,6244.0,3600000000000.0,86400000000000.0,500000000.0,1000000000.0,1749421488,604800,0,0,0,8,GenuineIntel,Intel(R) Xeon(R) CPU E5-2695 v2 @ 2.40GHz [Family 6 Model 62 Stepping 4],1000000000.0,1000000000.0,1000000000.0,Microsoft Windows 10,"Enterprise LTSB x64 Edition, (10.00.19044.00)",25761005568.0,262144.0,29519101952.0,47715450880.0,9854517248.0,50332470.0,0.0,13190576267.66,47277768.885526,29243555.256756,0.0,1.0,0.0,0.926923,0,0.0,0.0,1.0,2.0,3.0,4.0,5.0,6.0,7.0,8.0,9.0,10.0,11.0,12.0,13.0,14.0,15.0,1.0,0.0,3.0,2.0,5.0,4.0,7.0,6.0,9.0,8.0,11.0,10.0,13.0,12.0,15.0,14.0,2.0,3.0,4.0,5.0,7.0,6.0,1.0,0.0,10.0,11.0,12.0,13.0,15.0,14.0,9.0,8.0,3.0,2.0,5.0,4.0,6.0,7.0,0.0,1.0,11.0,10.0,13.0,12.0,14.0,15.0,8.0,9.0,4.0,6.0,0.0,7.0,1.0,3.0,5.0,2.0,12.0,14.0,8.0,15.0,9.0,10.0,11.0,13.0,5.0,7.0,1.0,6.0,0.0,2.0,4.0,3.0,13.0,15.0,9.0,14.0,8.0,11.0,10.0,12.0,6.0,4.0,7.0,0.0,3.0,1.0,2.0,5.0,14.0,12.0,15.0,8.0,10.0,9.0,13.0,11.0,7.0,5.0,6.0,1.0,2.0,0.0,3.0,4.0,15.0,13.0,14.0,9.0,11.0,8.0,12.0,10.0,8.0,9.0,10.0,11.0,12.0,13.0,14.0,15.0,0.0,1.0,2.0,3.0,4.0,5.0,6.0,7.0,9.0,8.0,11.0,10.0,13.0,12.0,15.0,14.0,1.0,0.0,3.0,2.0,5.0,4.0,7.0,6.0,10.0,11.0,12.0,8.0,14.0,15.0,13.0,9.0,2.0,3.0,4.0,0.0,6.0,7.0,1.0,5.0,11.0,10.0,13.0,9.0,15.0,14.0,12.0,8.0,3.0,2.0,0.0,7.0,1.0,6.0,5.0,4.0,12.0,14.0,15.0,13.0,9.0,11.0,8.0,10.0,4.0,6.0,5.0,1.0,7.0,3.0,0.0,2.0,13.0,15.0,14.0,12.0,8.0,10.0,9.0,11.0,5.0,7.0,1.0,6.0,0.0,2.0,4.0,3.0,14.0,13.0,9.0,15.0,10.0,8.0,11.0,12.0,6.0,4.0,7.0,5.0,3.0,1.0,2.0,0.0,15.0,12.0,8.0,14.0,11.0,9.0,10.0,13.0,7.0,5.0,6.0,4.0,2.0,0.0,3.0,1.0
306153,65523,15,multi_DTransversal_28_2025-06-08_22_24_48_519347_1,1749421825,5,1,5,190.0781,192.421703,0,1000000000.0,10817536.0,6524928.0,6241.0,3600000000000.0,86400000000000.0,500000000.0,1000000000.0,1749421488,604800,0,0,0,8,GenuineIntel,Intel(R) Xeon(R) CPU E5-2630 v3 @ 2.40GHz [Family 6 Model 63 Stepping 2],1000000000.0,1000000000.0,1000000000.0,Microsoft Windows 10,"Enterprise LTSB x64 Edition, (10.00.19044.00)",17171070976.0,262144.0,19721207808.0,47715450880.0,12169773056.0,41069893.0,0.0,14931112898.46,74228947.62302,14098642.125756,0.0,1.0,0.0,0.923155,0,0.0,0.0,1.0,2.0,3.0,4.0,5.0,6.0,7.0,8.0,9.0,10.0,11.0,12.0,13.0,14.0,15.0,1.0,0.0,3.0,2.0,5.0,4.0,7.0,6.0,9.0,8.0,11.0,10.0,13.0,12.0,15.0,14.0,2.0,3.0,4.0,5.0,7.0,6.0,1.0,0.0,10.0,11.0,12.0,13.0,15.0,14.0,9.0,8.0,3.0,2.0,5.0,4.0,6.0,7.0,0.0,1.0,11.0,10.0,13.0,12.0,14.0,15.0,8.0,9.0,4.0,6.0,0.0,7.0,1.0,3.0,5.0,2.0,12.0,14.0,8.0,15.0,9.0,10.0,11.0,13.0,5.0,7.0,1.0,6.0,0.0,2.0,4.0,3.0,13.0,15.0,9.0,14.0,8.0,11.0,10.0,12.0,6.0,4.0,7.0,0.0,3.0,1.0,2.0,5.0,14.0,12.0,15.0,8.0,10.0,9.0,13.0,11.0,7.0,5.0,6.0,1.0,2.0,0.0,3.0,4.0,15.0,13.0,14.0,9.0,11.0,8.0,12.0,10.0,8.0,9.0,10.0,11.0,12.0,13.0,14.0,15.0,0.0,1.0,2.0,3.0,4.0,5.0,6.0,7.0,9.0,8.0,11.0,10.0,13.0,12.0,15.0,14.0,1.0,0.0,3.0,2.0,5.0,4.0,7.0,6.0,10.0,11.0,12.0,8.0,14.0,15.0,13.0,9.0,2.0,3.0,4.0,0.0,6.0,7.0,1.0,5.0,11.0,10.0,13.0,9.0,15.0,14.0,12.0,8.0,3.0,2.0,0.0,7.0,1.0,6.0,5.0,4.0,12.0,14.0,15.0,13.0,9.0,11.0,8.0,10.0,4.0,6.0,5.0,1.0,7.0,3.0,0.0,2.0,13.0,15.0,14.0,12.0,8.0,10.0,9.0,11.0,5.0,7.0,1.0,6.0,0.0,2.0,4.0,3.0,14.0,13.0,9.0,15.0,10.0,8.0,11.0,12.0,6.0,4.0,7.0,5.0,3.0,1.0,2.0,0.0,15.0,12.0,8.0,14.0,11.0,9.0,10.0,13.0,7.0,5.0,6.0,4.0,2.0,0.0,3.0,1.0
306154,65523,11,multi_DTransversal_28_2025-06-08_22_24_48_519347_2,1749421825,5,1,5,213.2344,215.542505,0,1000000000.0,10866688.0,6537216.0,6246.0,3600000000000.0,86400000000000.0,500000000.0,1000000000.0,1749421488,604800,0,0,0,8,GenuineIntel,Intel(R) Xeon(R) CPU E5-2695 v2 @ 2.40GHz [Family 6 Model 62 Stepping 4],1000000000.0,1000000000.0,1000000000.0,Microsoft Windows 10,"Enterprise LTSB x64 Edition, (10.00.19044.00)",17171070976.0,262144.0,19721207808.0,47715450880.0,12050235392.0,48026194.0,171008.0,31952040963.26,55829988.834023,31583643.413455,0.0,1.0,0.0,0.931986,0,0.0,0.0,1.0,2.0,3.0,4.0,5.0,6.0,7.0,8.0,9.0,10.0,11.0,12.0,13.0,14.0,15.0,1.0,0.0,3.0,2.0,5.0,4.0,7.0,6.0,9.0,8.0,11.0,10.0,13.0,12.0,15.0,14.0,2.0,3.0,4.0,5.0,7.0,6.0,1.0,0.0,10.0,11.0,12.0,13.0,15.0,14.0,9.0,8.0,3.0,2.0,5.0,4.0,6.0,7.0,0.0,1.0,11.0,10.0,13.0,12.0,14.0,15.0,8.0,9.0,4.0,6.0,0.0,7.0,1.0,3.0,5.0,2.0,12.0,14.0,8.0,15.0,9.0,10.0,11.0,13.0,5.0,7.0,1.0,6.0,0.0,2.0,4.0,3.0,13.0,15.0,9.0,14.0,8.0,11.0,10.0,12.0,6.0,4.0,7.0,0.0,3.0,1.0,2.0,5.0,14.0,12.0,15.0,8.0,10.0,9.0,13.0,11.0,7.0,5.0,6.0,1.0,2.0,0.0,3.0,4.0,15.0,13.0,14.0,9.0,11.0,8.0,12.0,10.0,8.0,9.0,10.0,11.0,12.0,13.0,14.0,15.0,0.0,1.0,2.0,3.0,4.0,5.0,6.0,7.0,9.0,8.0,11.0,10.0,13.0,12.0,15.0,14.0,1.0,0.0,3.0,2.0,5.0,4.0,7.0,6.0,10.0,11.0,12.0,8.0,14.0,15.0,13.0,9.0,2.0,3.0,4.0,0.0,6.0,7.0,1.0,5.0,11.0,10.0,13.0,9.0,15.0,14.0,12.0,8.0,3.0,2.0,0.0,7.0,1.0,6.0,5.0,4.0,12.0,14.0,15.0,13.0,9.0,11.0,8.0,10.0,4.0,6.0,5.0,1.0,7.0,3.0,0.0,2.0,13.0,15.0,14.0,12.0,8.0,10.0,9.0,11.0,5.0,7.0,1.0,6.0,0.0,2.0,4.0,3.0,14.0,13.0,9.0,15.0,10.0,8.0,11.0,12.0,6.0,4.0,7.0,5.0,3.0,1.0,2.0,0.0,15.0,12.0,8.0,14.0,11.0,9.0,10.0,13.0,7.0,5.0,6.0,4.0,2.0,0.0,3.0,1.0
306158,65525,4,multi_DTransversal_30_2025-06-08_22_24_48_631872_0,1749421826,5,1,5,699.5383,702.874296,0,1000000000.0,4456448.0,6959104.0,14815.0,3600000000000.0,86400000000000.0,500000000.0,1000000000.0,1749421488,604800,0,0,0,4,GenuineIntel,Intel Xeon Processor (Icelake) [Family 6 Model 106 Stepping 0],1000000000.0,1000000000.0,1000000000.0,Linux Ubuntu,Ubuntu 24.04.2 LTS [6.8.0-59-generic|libc 2.39],4104482816.0,16777216.0,0.0,20105105408.0,16942882816.0,4018176.0,688128.0,18764867010.56,52142024.776358,15986171.424867,0.0,1.0,0.0,0.841352,0,0.0,0.0,1.0,2.0,3.0,4.0,5.0,6.0,7.0,8.0,9.0,10.0,11.0,12.0,13.0,14.0,15.0,1.0,0.0,3.0,2.0,5.0,4.0,7.0,6.0,9.0,8.0,11.0,10.0,13.0,12.0,15.0,14.0,2.0,3.0,4.0,5.0,7.0,6.0,1.0,0.0,10.0,11.0,12.0,13.0,15.0,14.0,9.0,8.0,3.0,2.0,5.0,4.0,6.0,7.0,0.0,1.0,11.0,10.0,13.0,12.0,14.0,15.0,8.0,9.0,4.0,7.0,0.0,6.0,1.0,2.0,5.0,3.0,12.0,14.0,15.0,8.0,10.0,9.0,11.0,13.0,5.0,6.0,1.0,7.0,0.0,3.0,4.0,2.0,13.0,15.0,14.0,9.0,11.0,8.0,10.0,12.0,6.0,5.0,7.0,1.0,3.0,0.0,2.0,4.0,14.0,12.0,8.0,15.0,9.0,10.0,13.0,11.0,7.0,4.0,6.0,0.0,2.0,1.0,3.0,5.0,15.0,13.0,9.0,14.0,8.0,11.0,12.0,10.0,8.0,9.0,10.0,11.0,12.0,13.0,14.0,15.0,0.0,1.0,2.0,3.0,4.0,5.0,6.0,7.0,9.0,8.0,11.0,10.0,13.0,12.0,15.0,14.0,1.0,0.0,3.0,2.0,5.0,4.0,7.0,6.0,10.0,11.0,12.0,13.0,15.0,14.0,9.0,8.0,2.0,3.0,4.0,5.0,7.0,6.0,1.0,0.0,11.0,10.0,13.0,12.0,14.0,15.0,8.0,9.0,3.0,2.0,5.0,4.0,6.0,7.0,0.0,1.0,12.0,14.0,8.0,15.0,9.0,11.0,13.0,10.0,4.0,6.0,0.0,7.0,1.0,2.0,3.0,5.0,13.0,15.0,9.0,14.0,8.0,10.0,12.0,11.0,5.0,7.0,1.0,6.0,0.0,3.0,2.0,4.0,14.0,12.0,15.0,8.0,11.0,9.0,10.0,13.0,6.0,4.0,7.0,0.0,2.0,1.0,5.0,3.0,15.0,13.0,14.0,9.0,10.0,8.0,11.0,12.0,7.0,5.0,6.0,1.0,3.0,0.0,4.0,2.0
306159,65525,4,multi_DTransversal_30_2025-06-08_22_24_48_631872_1,1749421826,5,1,5,699.4051,702.892411,0,1000000000.0,4456448.0,6959104.0,14815.0,3600000000000.0,86400000000000.0,500000000.0,1000000000.0,1749421488,604800,0,0,0,4,GenuineIntel,Intel Xeon Processor (Icelake) [Family 6 Model 106 Stepping 0],1000000000.0,1000000000.0,1000000000.0,Linux Ubuntu,Ubuntu 24.04.2 LTS [6.8.0-59-generic|libc 2.39],4104482816.0,16777216.0,0.0,20105105408.0,16942882816.0,4018176.0,688128.0,18764867010.56,52142024.776358,15986171.424867,0.0,1.0,0.0,0.841352,0,0.0,0.0,1.0,2.0,3.0,4.0,5.0,6.0,7.0,8.0,9.0,10.0,11.0,12.0,13.0,14.0,15.0,1.0,0.0,3.0,2.0,5.0,4.0,7.0,6.0,9.0,8.0,11.0,10.0,13.0,12.0,15.0,14.0,2.0,3.0,4.0,5.0,7.0,6.0,1.0,0.0,10.0,11.0,12.0,13.0,15.0,14.0,9.0,8.0,3.0,2.0,5.0,4.0,6.0,7.0,0.0,1.0,11.0,10.0,13.0,12.0,14.0,15.0,8.0,9.0,4.0,7.0,0.0,6.0,1.0,2.0,5.0,3.0,12.0,14.0,15.0,8.0,10.0,9.0,11.0,13.0,5.0,6.0,1.0,7.0,0.0,3.0,4.0,2.0,13.0,15.0,14.0,9.0,11.0,8.0,10.0,12.0,6.0,5.0,7.0,1.0,3.0,0.0,2.0,4.0,14.0,12.0,8.0,15.0,9.0,10.0,13.0,11.0,7.0,4.0,6.0,0.0,2.0,1.0,3.0,5.0,15.0,13.0,9.0,14.0,8.0,11.0,12.0,10.0,8.0,9.0,10.0,11.0,12.0,13.0,14.0,15.0,0.0,1.0,2.0,3.0,4.0,5.0,6.0,7.0,9.0,8.0,11.0,10.0,13.0,12.0,15.0,14.0,1.0,0.0,3.0,2.0,5.0,4.0,7.0,6.0,10.0,11.0,12.0,13.0,15.0,14.0,9.0,8.0,2.0,3.0,4.0,5.0,7.0,6.0,1.0,0.0,11.0,10.0,13.0,12.0,14.0,15.0,8.0,9.0,3.0,2.0,5.0,4.0,6.0,7.0,0.0,1.0,12.0,14.0,8.0,15.0,9.0,11.0,13.0,10.0,4.0,6.0,0.0,7.0,1.0,2.0,3.0,5.0,13.0,15.0,9.0,14.0,8.0,10.0,12.0,11.0,5.0,7.0,1.0,6.0,0.0,3.0,2.0,4.0,14.0,12.0,15.0,8.0,11.0,9.0,10.0,13.0,6.0,4.0,7.0,0.0,2.0,1.0,5.0,3.0,15.0,13.0,14.0,9.0,10.0,8.0,11.0,12.0,7.0,5.0,6.0,1.0,3.0,0.0,4.0,2.0
306160,65525,4,multi_DTransversal_30_2025-06-08_22_24_48_631872_2,1749421826,5,1,5,700.2397,702.764551,0,1000000000.0,4456448.0,6959104.0,14815.0,3600000000000.0,86400000000000.0,500000000.0,1000000000.0,1749421488,604800,0,0,0,4,GenuineIntel,Intel Xeon Processor (Icelake) [Family 6 Model 106 Stepping 0],1000000000.0,1000000000.0,1000000000.0,Linux Ubuntu,Ubuntu 24.04.2 LTS [6.8.0-59-generic|libc 2.39],4104482816.0,16777216.0,0.0,20105105408.0,16942882816.0,4018176.0,688128.0,18764867010.56,52142024.776358,15986171.424867,0.0,1.0,0.0,0.841352,0,0.0,0.0,1.0,2.0,3.0,4.0,5.0,6.0,7.0,8.0,9.0,10.0,11.0,12.0,13.0,14.0,15.0,1.0,0.0,3.0,2.0,5.0,4.0,7.0,6.0,9.0,8.0,11.0,10.0,13.0,12.0,15.0,14.0,2.0,3.0,4.0,5.0,7.0,6.0,1.0,0.0,10.0,11.0,12.0,13.0,15.0,14.0,9.0,8.0,3.0,2.0,5.0,4.0,6.0,7.0,0.0,1.0,11.0,10.0,13.0,12.0,14.0,15.0,8.0,9.0,4.0,7.0,0.0,6.0,1.0,2.0,5.0,3.0,12.0,14.0,15.0,8.0,10.0,9.0,11.0,13.0,5.0,6.0,1.0,7.0,0.0,3.0,4.0,2.0,13.0,15.0,14.0,9.0,11.0,8.0,10.0,12.0,6.0,5.0,7.0,1.0,3.0,0.0,2.0,4.0,14.0,12.0,8.0,15.0,9.0,10.0,13.0,11.0,7.0,4.0,6.0,0.0,2.0,1.0,3.0,5.0,15.0,13.0,9.0,14.0,8.0,11.0,12.0,10.0,8.0,9.0,10.0,11.0,12.0,13.0,14.0,15.0,0.0,1.0,2.0,3.0,4.0,5.0,6.0,7.0,9.0,8.0,11.0,10.0,13.0,12.0,15.0,14.0,1.0,0.0,3.0,2.0,5.0,4.0,7.0,6.0,10.0,11.0,12.0,13.0,15.0,14.0,9.0,8.0,2.0,3.0,4.0,5.0,7.0,6.0,1.0,0.0,11.0,10.0,13.0,12.0,14.0,15.0,8.0,9.0,3.0,2.0,5.0,4.0,6.0,7.0,0.0,1.0,12.0,14.0,8.0,15.0,9.0,11.0,13.0,10.0,4.0,6.0,0.0,7.0,1.0,2.0,3.0,5.0,13.0,15.0,9.0,14.0,8.0,10.0,12.0,11.0,5.0,7.0,1.0,6.0,0.0,3.0,2.0,4.0,14.0,12.0,15.0,8.0,11.0,9.0,10.0,13.0,6.0,4.0,7.0,0.0,2.0,1.0,5.0,3.0,15.0,13.0,14.0,9.0,10.0,8.0,11.0,12.0,7.0,5.0,6.0,1.0,3.0,0.0,4.0,2.0
306161,65526,4,multi_DTransversal_31_2025-06-08_22_24_48_696997_0,1749421826,5,1,5,700.3979,701.759272,0,1000000000.0,4325376.0,6959104.0,14814.0,3600000000000.0,86400000000000.0,500000000.0,1000000000.0,1749421488,604800,0,0,0,4,GenuineIntel,Intel Xeon Processor (Icelake) [Family 6 Model 106 Stepping 0],1000000000.0,1000000000.0,1000000000.0,Linux Ubuntu,Ubuntu 24.04.2 LTS [6.8.0-59-generic|libc 2.39],4104482816.0,16777216.0,0.0,20105105408.0,16942882816.0,4018176.0,688128.0,18764867010.56,52142024.776358,15986171.424867,0.0,1.0,0.0,0.841352,0,0.0,0.0,1.0,2.0,3.0,4.0,5.0,6.0,7.0,8.0,9.0,10.0,11.0,12.0,13.0,14.0,15.0,1.0,0.0,3.0,2.0,5.0,4.0,7.0,6.0,9.0,8.0,11.0,10.0,13.0,12.0,15.0,14.0,2.0,3.0,4.0,6.0,7.0,0.0,1.0,5.0,10.0,11.0,12.0,13.0,15.0,14.0,9.0,8.0,3.0,2.0,6.0,4.0,0.0,7.0,5.0,1.0,11.0,10.0,13.0,12.0,14.0,15.0,8.0,9.0,4.0,5.0,7.0,1.0,3.0,6.0,0.0,2.0,12.0,15.0,8.0,14.0,9.0,10.0,13.0,11.0,5.0,4.0,1.0,7.0,6.0,3.0,2.0,0.0,13.0,14.0,9.0,15.0,8.0,11.0,12.0,10.0,6.0,7.0,5.0,0.0,1.0,2.0,3.0,4.0,14.0,13.0,15.0,9.0,11.0,8.0,10.0,12.0,7.0,6.0,0.0,5.0,2.0,1.0,4.0,3.0,15.0,12.0,14.0,8.0,10.0,9.0,11.0,13.0,8.0,9.0,10.0,11.0,12.0,13.0,14.0,15.0,0.0,1.0,2.0,3.0,4.0,5.0,6.0,7.0,9.0,8.0,11.0,10.0,13.0,12.0,15.0,14.0,1.0,0.0,3.0,2.0,5.0,4.0,7.0,6.0,10.0,11.0,12.0,13.0,15.0,14.0,9.0,8.0,2.0,3.0,4.0,5.0,7.0,6.0,1.0,0.0,11.0,10.0,13.0,12.0,14.0,15.0,8.0,9.0,3.0,2.0,5.0,4.0,6.0,7.0,0.0,1.0,12.0,14.0,15.0,8.0,10.0,9.0,11.0,13.0,4.0,6.0,0.0,7.0,1.0,3.0,5.0,2.0,13.0,15.0,14.0,9.0,11.0,8.0,10.0,12.0,5.0,7.0,1.0,6.0,0.0,2.0,4.0,3.0,14.0,12.0,8.0,15.0,9.0,10.0,13.0,11.0,6.0,4.0,7.0,0.0,3.0,1.0,2.0,5.0,15.0,13.0,9.0,14.0,8.0,11.0,12.0,10.0,7.0,5.0,6.0,1.0,2.0,0.0,3.0,4.0
306162,65526,3,multi_DTransversal_31_2025-06-08_22_24_48_696997_1,1749421826,5,1,5,582.6743,586.049639,0,1000000000.0,4456448.0,6959104.0,14773.0,3600000000000.0,86400000000000.0,500000000.0,1000000000.0,1749421488,604800,0,0,0,2,GenuineIntel,Intel Xeon Processor (Icelake) [Family 6 Model 106 Stepping 0],1000000000.0,1000000000.0,1000000000.0,Linux Ubuntu,Ubuntu 24.04.2 LTS [6.8.0-59-generic|libc 2.39],2062311424.0,16777216.0,0.0,20105105408.0,16945373184.0,3219456.0,688128.0,18755873832.96,53237188.156481,21103376.896969,0.0,1.0,0.0,0.872446,0,0.0,0.0,1.0,2.0,3.0,4.0,5.0,6.0,7.0,8.0,9.0,10.0,11.0,12.0,13.0,14.0,15.0,1.0,0.0,3.0,2.0,5.0,4.0,7.0,6.0,9.0,8.0,11.0,10.0,13.0,12.0,15.0,14.0,2.0,3.0,4.0,6.0,7.0,0.0,1.0,5.0,10.0,11.0,12.0,13.0,15.0,14.0,9.0,8.0,3.0,2.0,6.0,4.0,0.0,7.0,5.0,1.0,11.0,10.0,13.0,12.0,14.0,15.0,8.0,9.0,4.0,5.0,7.0,1.0,3.0,6.0,0.0,2.0,12.0,15.0,8.0,14.0,9.0,10.0,13.0,11.0,5.0,4.0,1.0,7.0,6.0,3.0,2.0,0.0,13.0,14.0,9.0,15.0,8.0,11.0,12.0,10.0,6.0,7.0,5.0,0.0,1.0,2.0,3.0,4.0,14.0,13.0,15.0,9.0,11.0,8.0,10.0,12.0,7.0,6.0,0.0,5.0,2.0,1.0,4.0,3.0,15.0,12.0,14.0,8.0,10.0,9.0,11.0,13.0,8.0,9.0,10.0,11.0,12.0,13.0,14.0,15.0,0.0,1.0,2.0,3.0,4.0,5.0,6.0,7.0,9.0,8.0,11.0,10.0,13.0,12.0,15.0,14.0,1.0,0.0,3.0,2.0,5.0,4.0,7.0,6.0,10.0,11.0,12.0,13.0,15.0,14.0,9.0,8.0,2.0,3.0,4.0,5.0,7.0,6.0,1.0,0.0,11.0,10.0,13.0,12.0,14.0,15.0,8.0,9.0,3.0,2.0,5.0,4.0,6.0,7.0,0.0,1.0,12.0,14.0,15.0,8.0,10.0,9.0,11.0,13.0,4.0,6.0,0.0,7.0,1.0,3.0,5.0,2.0,13.0,15.0,14.0,9.0,11.0,8.0,10.0,12.0,5.0,7.0,1.0,6.0,0.0,2.0,4.0,3.0,14.0,12.0,8.0,15.0,9.0,10.0,13.0,11.0,6.0,4.0,7.0,0.0,3.0,1.0,2.0,5.0,15.0,13.0,9.0,14.0,8.0,11.0,12.0,10.0,7.0,5.0,6.0,1.0,2.0,0.0,3.0,4.0
306163,65526,4,multi_DTransversal_31_2025-06-08_22_24_48_696997_2,1749421826,5,1,5,707.6776,710.944958,0,1000000000.0,4456448.0,6959104.0,14814.0,3600000000000.0,86400000000000.0,500000000.0,1000000000.0,1749421488,604800,0,0,0,4,GenuineIntel,Intel Xeon Processor (Icelake) [Family 6 Model 106 Stepping 0],1000000000.0,1000000000.0,1000000000.0,Linux Ubuntu,Ubuntu 24.04.2 LTS [6.8.0-59-generic|libc 2.39],4104482816.0,16777216.0,0.0,20105105408.0,16942882816.0,4018176.0,688128.0,18764867010.56,52142024.776358,15986171.424867,0.0,1.0,0.0,0.841352,0,0.0,0.0,1.0,2.0,3.0,4.0,5.0,6.0,7.0,8.0,9.0,10.0,11.0,12.0,13.0,14.0,15.0,1.0,0.0,3.0,2.0,5.0,4.0,7.0,6.0,9.0,8.0,11.0,10.0,13.0,12.0,15.0,14.0,2.0,3.0,4.0,6.0,7.0,0.0,1.0,5.0,10.0,11.0,12.0,13.0,15.0,14.0,9.0,8.0,3.0,2.0,6.0,4.0,0.0,7.0,5.0,1.0,11.0,10.0,13.0,12.0,14.0,15.0,8.0,9.0,4.0,5.0,7.0,1.0,3.0,6.0,0.0,2.0,12.0,15.0,8.0,14.0,9.0,10.0,13.0,11.0,5.0,4.0,1.0,7.0,6.0,3.0,2.0,0.0,13.0,14.0,9.0,15.0,8.0,11.0,12.0,10.0,6.0,7.0,5.0,0.0,1.0,2.0,3.0,4.0,14.0,13.0,15.0,9.0,11.0,8.0,10.0,12.0,7.0,6.0,0.0,5.0,2.0,1.0,4.0,3.0,15.0,12.0,14.0,8.0,10.0,9.0,11.0,13.0,8.0,9.0,10.0,11.0,12.0,13.0,14.0,15.0,0.0,1.0,2.0,3.0,4.0,5.0,6.0,7.0,9.0,8.0,11.0,10.0,13.0,12.0,15.0,14.0,1.0,0.0,3.0,2.0,5.0,4.0,7.0,6.0,10.0,11.0,12.0,13.0,15.0,14.0,9.0,8.0,2.0,3.0,4.0,5.0,7.0,6.0,1.0,0.0,11.0,10.0,13.0,12.0,14.0,15.0,8.0,9.0,3.0,2.0,5.0,4.0,6.0,7.0,0.0,1.0,12.0,14.0,15.0,8.0,10.0,9.0,11.0,13.0,4.0,6.0,0.0,7.0,1.0,3.0,5.0,2.0,13.0,15.0,14.0,9.0,11.0,8.0,10.0,12.0,5.0,7.0,1.0,6.0,0.0,2.0,4.0,3.0,14.0,12.0,8.0,15.0,9.0,10.0,13.0,11.0,6.0,4.0,7.0,0.0,3.0,1.0,2.0,5.0,15.0,13.0,9.0,14.0,8.0,11.0,12.0,10.0,7.0,5.0,6.0,1.0,2.0,0.0,3.0,4.0
306164,65527,6,multi_DTransversal_32_2025-06-08_22_24_48_771452_0,1749421826,5,1,5,538.0935,540.801174,0,1000000000.0,4456448.0,6959104.0,14772.0,3600000000000.0,86400000000000.0,500000000.0,1000000000.0,1749421488,604800,0,0,0,2,GenuineIntel,Intel Xeon Processor (Icelake) [Family 6 Model 106 Stepping 0],1000000000.0,1000000000.0,1000000000.0,Linux Ubuntu,Ubuntu 24.04.2 LTS [6.8.0-59-generic|libc 2.39],3048230912.0,16777216.0,0.0,20105105408.0,16965623808.0,3190784.0,688128.0,18792121384.96,53384885.675031,30362404.540574,0.0,1.0,0.0,0.878584,0,0.0,0.0,1.0,2.0,3.0,4.0,5.0,6.0,7.0,8.0,9.0,10.0,11.0,12.0,13.0,14.0,15.0,1.0,0.0,3.0,2.0,5.0,4.0,7.0,6.0,9.0,8.0,11.0,10.0,13.0,12.0,15.0,14.0,2.0,3.0,4.0,6.0,7.0,1.0,5.0,0.0,10.0,11.0,12.0,14.0,15.0,8.0,9.0,13.0,3.0,2.0,6.0,4.0,1.0,7.0,0.0,5.0,11.0,10.0,14.0,12.0,8.0,15.0,13.0,9.0,4.0,5.0,7.0,0.0,6.0,2.0,3.0,1.0,12.0,13.0,15.0,9.0,11.0,14.0,8.0,10.0,5.0,4.0,0.0,7.0,2.0,6.0,1.0,3.0,13.0,12.0,9.0,15.0,14.0,11.0,10.0,8.0,6.0,7.0,5.0,1.0,3.0,0.0,4.0,2.0,14.0,15.0,13.0,8.0,9.0,10.0,11.0,12.0,7.0,6.0,1.0,5.0,0.0,3.0,2.0,4.0,15.0,14.0,8.0,13.0,10.0,9.0,12.0,11.0,8.0,9.0,10.0,11.0,12.0,13.0,14.0,15.0,0.0,1.0,2.0,3.0,4.0,5.0,6.0,7.0,9.0,8.0,11.0,10.0,13.0,12.0,15.0,14.0,1.0,0.0,3.0,2.0,5.0,4.0,7.0,6.0,10.0,11.0,12.0,13.0,15.0,14.0,9.0,8.0,2.0,3.0,4.0,5.0,7.0,6.0,1.0,0.0,11.0,10.0,13.0,12.0,14.0,15.0,8.0,9.0,3.0,2.0,5.0,4.0,6.0,7.0,0.0,1.0,12.0,15.0,8.0,14.0,9.0,10.0,13.0,11.0,4.0,6.0,7.0,0.0,2.0,1.0,3.0,5.0,13.0,14.0,9.0,15.0,8.0,11.0,12.0,10.0,5.0,7.0,6.0,1.0,3.0,0.0,2.0,4.0,14.0,13.0,15.0,9.0,11.0,8.0,10.0,12.0,6.0,4.0,0.0,7.0,1.0,2.0,5.0,3.0,15.0,12.0,14.0,8.0,10.0,9.0,11.0,13.0,7.0,5.0,1.0,6.0,0.0,3.0,4.0,2.0
306165,65527,12,multi_DTransversal_32_2025-06-08_22_24_48_771452_1,1749421826,5,1,5,208.5312,210.82814,0,1000000000.0,11046912.0,6504448.0,6244.0,3600000000000.0,86400000000000.0,500000000.0,1000000000.0,1749421488,604800,0,0,0,8,GenuineIntel,Intel(R) Xeon(R) CPU E5-2695 v2 @ 2.40GHz [Family 6 Model 62 Stepping 4],1000000000.0,1000000000.0,1000000000.0,Microsoft Windows 10,"Enterprise LTSB x64 Edition, (10.00.19044.00)",25761005568.0,262144.0,29519101952.0,47715450880.0,9854517248.0,50332470.0,0.0,13190576267.66,47277768.885526,29243555.256756,0.0,1.0,0.0,0.926923,0,0.0,0.0,1.0,2.0,3.0,4.0,5.0,6.0,7.0,8.0,9.0,10.0,11.0,12.0,13.0,14.0,15.0,1.0,0.0,3.0,2.0,5.0,4.0,7.0,6.0,9.0,8.0,11.0,10.0,13.0,12.0,15.0,14.0,2.0,3.0,4.0,6.0,7.0,1.0,5.0,0.0,10.0,11.0,12.0,14.0,15.0,8.0,9.0,13.0,3.0,2.0,6.0,4.0,1.0,7.0,0.0,5.0,11.0,10.0,14.0,12.0,8.0,15.0,13.0,9.0,4.0,5.0,7.0,0.0,6.0,2.0,3.0,1.0,12.0,13.0,15.0,9.0,11.0,14.0,8.0,10.0,5.0,4.0,0.0,7.0,2.0,6.0,1.0,3.0,13.0,12.0,9.0,15.0,14.0,11.0,10.0,8.0,6.0,7.0,5.0,1.0,3.0,0.0,4.0,2.0,14.0,15.0,13.0,8.0,9.0,10.0,11.0,12.0,7.0,6.0,1.0,5.0,0.0,3.0,2.0,4.0,15.0,14.0,8.0,13.0,10.0,9.0,12.0,11.0,8.0,9.0,10.0,11.0,12.0,13.0,14.0,15.0,0.0,1.0,2.0,3.0,4.0,5.0,6.0,7.0,9.0,8.0,11.0,10.0,13.0,12.0,15.0,14.0,1.0,0.0,3.0,2.0,5.0,4.0,7.0,6.0,10.0,11.0,12.0,13.0,15.0,14.0,9.0,8.0,2.0,3.0,4.0,5.0,7.0,6.0,1.0,0.0,11.0,10.0,13.0,12.0,14.0,15.0,8.0,9.0,3.0,2.0,5.0,4.0,6.0,7.0,0.0,1.0,12.0,15.0,8.0,14.0,9.0,10.0,13.0,11.0,4.0,6.0,7.0,0.0,2.0,1.0,3.0,5.0,13.0,14.0,9.0,15.0,8.0,11.0,12.0,10.0,5.0,7.0,6.0,1.0,3.0,0.0,2.0,4.0,14.0,13.0,15.0,9.0,11.0,8.0,10.0,12.0,6.0,4.0,0.0,7.0,1.0,2.0,5.0,3.0,15.0,12.0,14.0,8.0,10.0,9.0,11.0,13.0,7.0,5.0,1.0,6.0,0.0,3.0,4.0,2.0
306166,65527,10,multi_DTransversal_32_2025-06-08_22_24_48_771452_2,1749421826,5,1,5,500.7524,502.560454,0,1000000000.0,4456448.0,6959104.0,14780.0,3600000000000.0,86400000000000.0,500000000.0,1000000000.0,1749421488,604800,0,0,0,2,GenuineIntel,Intel Xeon Processor (Icelake) [Family 6 Model 106 Stepping 0],1000000000.0,1000000000.0,1000000000.0,Linux Ubuntu,Ubuntu 24.04.2 LTS [6.8.0-59-generic|libc 2.39],1006919680.0,16777216.0,0.0,20105105408.0,16889634816.0,2990080.0,688128.0,18595474472.96,58063412.844922,29429754.907709,0.0,1.0,0.0,0.874458,0,0.0,0.0,1.0,2.0,3.0,4.0,5.0,6.0,7.0,8.0,9.0,10.0,11.0,12.0,13.0,14.0,15.0,1.0,0.0,3.0,2.0,5.0,4.0,7.0,6.0,9.0,8.0,11.0,10.0,13.0,12.0,15.0,14.0,2.0,3.0,4.0,6.0,7.0,1.0,5.0,0.0,10.0,11.0,12.0,14.0,15.0,8.0,9.0,13.0,3.0,2.0,6.0,4.0,1.0,7.0,0.0,5.0,11.0,10.0,14.0,12.0,8.0,15.0,13.0,9.0,4.0,5.0,7.0,0.0,6.0,2.0,3.0,1.0,12.0,13.0,15.0,9.0,11.0,14.0,8.0,10.0,5.0,4.0,0.0,7.0,2.0,6.0,1.0,3.0,13.0,12.0,9.0,15.0,14.0,11.0,10.0,8.0,6.0,7.0,5.0,1.0,3.0,0.0,4.0,2.0,14.0,15.0,13.0,8.0,9.0,10.0,11.0,12.0,7.0,6.0,1.0,5.0,0.0,3.0,2.0,4.0,15.0,14.0,8.0,13.0,10.0,9.0,12.0,11.0,8.0,9.0,10.0,11.0,12.0,13.0,14.0,15.0,0.0,1.0,2.0,3.0,4.0,5.0,6.0,7.0,9.0,8.0,11.0,10.0,13.0,12.0,15.0,14.0,1.0,0.0,3.0,2.0,5.0,4.0,7.0,6.0,10.0,11.0,12.0,13.0,15.0,14.0,9.0,8.0,2.0,3.0,4.0,5.0,7.0,6.0,1.0,0.0,11.0,10.0,13.0,12.0,14.0,15.0,8.0,9.0,3.0,2.0,5.0,4.0,6.0,7.0,0.0,1.0,12.0,15.0,8.0,14.0,9.0,10.0,13.0,11.0,4.0,6.0,7.0,0.0,2.0,1.0,3.0,5.0,13.0,14.0,9.0,15.0,8.0,11.0,12.0,10.0,5.0,7.0,6.0,1.0,3.0,0.0,2.0,4.0,14.0,13.0,15.0,9.0,11.0,8.0,10.0,12.0,6.0,4.0,0.0,7.0,1.0,2.0,5.0,3.0,15.0,12.0,14.0,8.0,10.0,9.0,11.0,13.0,7.0,5.0,1.0,6.0,0.0,3.0,4.0,2.0
306167,65528,12,multi_DTransversal_33_2025-06-08_22_24_48_836664_0,1749421826,5,1,5,207.4688,208.953127,0,1000000000.0,11051008.0,6516736.0,6243.0,3600000000000.0,86400000000000.0,500000000.0,1000000000.0,1749421488,604800,0,0,0,8,GenuineIntel,Intel(R) Xeon(R) CPU E5-2695 v2 @ 2.40GHz [Family 6 Model 62 Stepping 4],1000000000.0,1000000000.0,1000000000.0,Microsoft Windows 10,"Enterprise LTSB x64 Edition, (10.00.19044.00)",25761005568.0,262144.0,29519101952.0,47715450880.0,9854517248.0,50332470.0,0.0,13190576267.66,47277768.885526,29243555.256756,0.0,1.0,0.0,0.926923,0,0.0,0.0,1.0,2.0,3.0,4.0,5.0,6.0,7.0,8.0,9.0,10.0,11.0,12.0,13.0,14.0,15.0,1.0,0.0,3.0,2.0,5.0,4.0,7.0,6.0,9.0,8.0,11.0,10.0,13.0,12.0,15.0,14.0,2.0,3.0,5.0,1.0,7.0,6.0,4.0,0.0,10.0,11.0,12.0,14.0,15.0,9.0,13.0,8.0,3.0,2.0,1.0,4.0,6.0,7.0,0.0,5.0,11.0,10.0,14.0,12.0,9.0,15.0,8.0,13.0,4.0,5.0,7.0,6.0,1.0,0.0,2.0,3.0,12.0,13.0,15.0,8.0,14.0,10.0,11.0,9.0,5.0,4.0,6.0,7.0,0.0,1.0,3.0,2.0,13.0,12.0,8.0,15.0,10.0,14.0,9.0,11.0,6.0,7.0,0.0,5.0,2.0,3.0,1.0,4.0,14.0,15.0,13.0,9.0,11.0,8.0,12.0,10.0,7.0,6.0,4.0,0.0,3.0,2.0,5.0,1.0,15.0,14.0,9.0,13.0,8.0,11.0,10.0,12.0,8.0,9.0,10.0,11.0,12.0,13.0,14.0,15.0,0.0,1.0,2.0,3.0,4.0,5.0,6.0,7.0,9.0,8.0,11.0,10.0,13.0,12.0,15.0,14.0,1.0,0.0,3.0,2.0,5.0,4.0,7.0,6.0,10.0,11.0,12.0,14.0,15.0,8.0,9.0,13.0,2.0,3.0,4.0,5.0,7.0,6.0,1.0,0.0,11.0,10.0,14.0,12.0,8.0,15.0,13.0,9.0,3.0,2.0,5.0,4.0,6.0,7.0,0.0,1.0,12.0,13.0,15.0,9.0,11.0,14.0,8.0,10.0,4.0,7.0,0.0,6.0,1.0,2.0,5.0,3.0,13.0,12.0,9.0,15.0,14.0,11.0,10.0,8.0,5.0,6.0,1.0,7.0,0.0,3.0,4.0,2.0,14.0,15.0,13.0,8.0,9.0,10.0,11.0,12.0,6.0,5.0,7.0,1.0,3.0,0.0,2.0,4.0,15.0,14.0,8.0,13.0,10.0,9.0,12.0,11.0,7.0,4.0,6.0,0.0,2.0,1.0,3.0,5.0
306168,65528,11,multi_DTransversal_33_2025-06-08_22_24_48_836664_1,1749421826,5,1,5,204.6875,206.68751,0,1000000000.0,10858496.0,6529024.0,6246.0,3600000000000.0,86400000000000.0,500000000.0,1000000000.0,1749421488,604800,0,0,0,8,GenuineIntel,Intel(R) Xeon(R) CPU E5-2695 v2 @ 2.40GHz [Family 6 Model 62 Stepping 4],1000000000.0,1000000000.0,1000000000.0,Microsoft Windows 10,"Enterprise LTSB x64 Edition, (10.00.19044.00)",17171070976.0,262144.0,19721207808.0,47715450880.0,12050235392.0,48026194.0,171008.0,31952040963.26,55829988.834023,31583643.413455,0.0,1.0,0.0,0.931986,0,0.0,0.0,1.0,2.0,3.0,4.0,5.0,6.0,7.0,8.0,9.0,10.0,11.0,12.0,13.0,14.0,15.0,1.0,0.0,3.0,2.0,5.0,4.0,7.0,6.0,9.0,8.0,11.0,10.0,13.0,12.0,15.0,14.0,2.0,3.0,5.0,1.0,7.0,6.0,4.0,0.0,10.0,11.0,12.0,14.0,15.0,9.0,13.0,8.0,3.0,2.0,1.0,4.0,6.0,7.0,0.0,5.0,11.0,10.0,14.0,12.0,9.0,15.0,8.0,13.0,4.0,5.0,7.0,6.0,1.0,0.0,2.0,3.0,12.0,13.0,15.0,8.0,14.0,10.0,11.0,9.0,5.0,4.0,6.0,7.0,0.0,1.0,3.0,2.0,13.0,12.0,8.0,15.0,10.0,14.0,9.0,11.0,6.0,7.0,0.0,5.0,2.0,3.0,1.0,4.0,14.0,15.0,13.0,9.0,11.0,8.0,12.0,10.0,7.0,6.0,4.0,0.0,3.0,2.0,5.0,1.0,15.0,14.0,9.0,13.0,8.0,11.0,10.0,12.0,8.0,9.0,10.0,11.0,12.0,13.0,14.0,15.0,0.0,1.0,2.0,3.0,4.0,5.0,6.0,7.0,9.0,8.0,11.0,10.0,13.0,12.0,15.0,14.0,1.0,0.0,3.0,2.0,5.0,4.0,7.0,6.0,10.0,11.0,12.0,14.0,15.0,8.0,9.0,13.0,2.0,3.0,4.0,5.0,7.0,6.0,1.0,0.0,11.0,10.0,14.0,12.0,8.0,15.0,13.0,9.0,3.0,2.0,5.0,4.0,6.0,7.0,0.0,1.0,12.0,13.0,15.0,9.0,11.0,14.0,8.0,10.0,4.0,7.0,0.0,6.0,1.0,2.0,5.0,3.0,13.0,12.0,9.0,15.0,14.0,11.0,10.0,8.0,5.0,6.0,1.0,7.0,0.0,3.0,4.0,2.0,14.0,15.0,13.0,8.0,9.0,10.0,11.0,12.0,6.0,5.0,7.0,1.0,3.0,0.0,2.0,4.0,15.0,14.0,8.0,13.0,10.0,9.0,12.0,11.0,7.0,4.0,6.0,0.0,2.0,1.0,3.0,5.0
306169,65528,11,multi_DTransversal_33_2025-06-08_22_24_48_836664_2,1749421826,5,1,5,205.7188,207.703148,0,1000000000.0,10862592.0,6533120.0,6247.0,3600000000000.0,86400000000000.0,500000000.0,1000000000.0,1749421488,604800,0,0,0,8,GenuineIntel,Intel(R) Xeon(R) CPU E5-2695 v2 @ 2.40GHz [Family 6 Model 62 Stepping 4],1000000000.0,1000000000.0,1000000000.0,Microsoft Windows 10,"Enterprise LTSB x64 Edition, (10.00.19044.00)",17171070976.0,262144.0,19721207808.0,47715450880.0,12050235392.0,48026194.0,171008.0,31952040963.26,55829988.834023,31583643.413455,0.0,1.0,0.0,0.931986,0,0.0,0.0,1.0,2.0,3.0,4.0,5.0,6.0,7.0,8.0,9.0,10.0,11.0,12.0,13.0,14.0,15.0,1.0,0.0,3.0,2.0,5.0,4.0,7.0,6.0,9.0,8.0,11.0,10.0,13.0,12.0,15.0,14.0,2.0,3.0,5.0,1.0,7.0,6.0,4.0,0.0,10.0,11.0,12.0,14.0,15.0,9.0,13.0,8.0,3.0,2.0,1.0,4.0,6.0,7.0,0.0,5.0,11.0,10.0,14.0,12.0,9.0,15.0,8.0,13.0,4.0,5.0,7.0,6.0,1.0,0.0,2.0,3.0,12.0,13.0,15.0,8.0,14.0,10.0,11.0,9.0,5.0,4.0,6.0,7.0,0.0,1.0,3.0,2.0,13.0,12.0,8.0,15.0,10.0,14.0,9.0,11.0,6.0,7.0,0.0,5.0,2.0,3.0,1.0,4.0,14.0,15.0,13.0,9.0,11.0,8.0,12.0,10.0,7.0,6.0,4.0,0.0,3.0,2.0,5.0,1.0,15.0,14.0,9.0,13.0,8.0,11.0,10.0,12.0,8.0,9.0,10.0,11.0,12.0,13.0,14.0,15.0,0.0,1.0,2.0,3.0,4.0,5.0,6.0,7.0,9.0,8.0,11.0,10.0,13.0,12.0,15.0,14.0,1.0,0.0,3.0,2.0,5.0,4.0,7.0,6.0,10.0,11.0,12.0,14.0,15.0,8.0,9.0,13.0,2.0,3.0,4.0,5.0,7.0,6.0,1.0,0.0,11.0,10.0,14.0,12.0,8.0,15.0,13.0,9.0,3.0,2.0,5.0,4.0,6.0,7.0,0.0,1.0,12.0,13.0,15.0,9.0,11.0,14.0,8.0,10.0,4.0,7.0,0.0,6.0,1.0,2.0,5.0,3.0,13.0,12.0,9.0,15.0,14.0,11.0,10.0,8.0,5.0,6.0,1.0,7.0,0.0,3.0,4.0,2.0,14.0,15.0,13.0,8.0,9.0,10.0,11.0,12.0,6.0,5.0,7.0,1.0,3.0,0.0,2.0,4.0,15.0,14.0,8.0,13.0,10.0,9.0,12.0,11.0,7.0,4.0,6.0,0.0,2.0,1.0,3.0,5.0
306170,65529,10,multi_DTransversal_34_2025-06-08_22_24_48_983772_0,1749421826,5,1,5,498.5484,501.621901,0,1000000000.0,4456448.0,6959104.0,14779.0,3600000000000.0,86400000000000.0,500000000.0,1000000000.0,1749421488,604800,0,0,0,2,GenuineIntel,Intel Xeon Processor (Icelake) [Family 6 Model 106 Stepping 0],1000000000.0,1000000000.0,1000000000.0,Linux Ubuntu,Ubuntu 24.04.2 LTS [6.8.0-59-generic|libc 2.39],1006919680.0,16777216.0,0.0,20105105408.0,16889634816.0,2990080.0,688128.0,18595474472.96,58063412.844922,29429754.907709,0.0,1.0,0.0,0.874458,0,0.0,0.0,1.0,2.0,3.0,4.0,5.0,6.0,7.0,8.0,9.0,10.0,11.0,12.0,13.0,14.0,15.0,1.0,0.0,3.0,2.0,5.0,4.0,7.0,6.0,9.0,8.0,11.0,10.0,13.0,12.0,15.0,14.0,2.0,3.0,5.0,4.0,6.0,7.0,0.0,1.0,10.0,11.0,13.0,9.0,15.0,14.0,12.0,8.0,3.0,2.0,4.0,5.0,7.0,6.0,1.0,0.0,11.0,10.0,9.0,12.0,14.0,15.0,8.0,13.0,4.0,7.0,1.0,6.0,2.0,0.0,3.0,5.0,12.0,13.0,15.0,14.0,9.0,8.0,10.0,11.0,5.0,6.0,0.0,7.0,3.0,1.0,2.0,4.0,13.0,12.0,14.0,15.0,8.0,9.0,11.0,10.0,6.0,5.0,7.0,0.0,1.0,3.0,4.0,2.0,14.0,15.0,8.0,13.0,10.0,11.0,9.0,12.0,7.0,4.0,6.0,1.0,0.0,2.0,5.0,3.0,15.0,14.0,12.0,8.0,11.0,10.0,13.0,9.0,8.0,9.0,10.0,11.0,12.0,13.0,14.0,15.0,0.0,1.0,2.0,3.0,4.0,5.0,6.0,7.0,9.0,8.0,11.0,10.0,13.0,12.0,15.0,14.0,1.0,0.0,3.0,2.0,5.0,4.0,7.0,6.0,10.0,11.0,12.0,14.0,15.0,9.0,13.0,8.0,2.0,3.0,4.0,6.0,7.0,0.0,1.0,5.0,11.0,10.0,14.0,12.0,9.0,15.0,8.0,13.0,3.0,2.0,6.0,4.0,0.0,7.0,5.0,1.0,12.0,13.0,15.0,8.0,14.0,10.0,11.0,9.0,4.0,5.0,7.0,1.0,3.0,6.0,0.0,2.0,13.0,12.0,8.0,15.0,10.0,14.0,9.0,11.0,5.0,4.0,1.0,7.0,6.0,3.0,2.0,0.0,14.0,15.0,13.0,9.0,11.0,8.0,12.0,10.0,6.0,7.0,5.0,0.0,1.0,2.0,3.0,4.0,15.0,14.0,9.0,13.0,8.0,11.0,10.0,12.0,7.0,6.0,0.0,5.0,2.0,1.0,4.0,3.0
306171,65529,6,multi_DTransversal_34_2025-06-08_22_24_48_983772_1,1749421826,5,1,5,524.9095,527.74,0,1000000000.0,4325376.0,6959104.0,14771.0,3600000000000.0,86400000000000.0,500000000.0,1000000000.0,1749421488,604800,0,0,0,2,GenuineIntel,Intel Xeon Processor (Icelake) [Family 6 Model 106 Stepping 0],1000000000.0,1000000000.0,1000000000.0,Linux Ubuntu,Ubuntu 24.04.2 LTS [6.8.0-59-generic|libc 2.39],3048230912.0,16777216.0,0.0,20105105408.0,16965623808.0,3190784.0,688128.0,18792121384.96,53384885.675031,30362404.540574,0.0,1.0,0.0,0.878584,0,0.0,0.0,1.0,2.0,3.0,4.0,5.0,6.0,7.0,8.0,9.0,10.0,11.0,12.0,13.0,14.0,15.0,1.0,0.0,3.0,2.0,5.0,4.0,7.0,6.0,9.0,8.0,11.0,10.0,13.0,12.0,15.0,14.0,2.0,3.0,5.0,4.0,6.0,7.0,0.0,1.0,10.0,11.0,13.0,9.0,15.0,14.0,12.0,8.0,3.0,2.0,4.0,5.0,7.0,6.0,1.0,0.0,11.0,10.0,9.0,12.0,14.0,15.0,8.0,13.0,4.0,7.0,1.0,6.0,2.0,0.0,3.0,5.0,12.0,13.0,15.0,14.0,9.0,8.0,10.0,11.0,5.0,6.0,0.0,7.0,3.0,1.0,2.0,4.0,13.0,12.0,14.0,15.0,8.0,9.0,11.0,10.0,6.0,5.0,7.0,0.0,1.0,3.0,4.0,2.0,14.0,15.0,8.0,13.0,10.0,11.0,9.0,12.0,7.0,4.0,6.0,1.0,0.0,2.0,5.0,3.0,15.0,14.0,12.0,8.0,11.0,10.0,13.0,9.0,8.0,9.0,10.0,11.0,12.0,13.0,14.0,15.0,0.0,1.0,2.0,3.0,4.0,5.0,6.0,7.0,9.0,8.0,11.0,10.0,13.0,12.0,15.0,14.0,1.0,0.0,3.0,2.0,5.0,4.0,7.0,6.0,10.0,11.0,12.0,14.0,15.0,9.0,13.0,8.0,2.0,3.0,4.0,6.0,7.0,0.0,1.0,5.0,11.0,10.0,14.0,12.0,9.0,15.0,8.0,13.0,3.0,2.0,6.0,4.0,0.0,7.0,5.0,1.0,12.0,13.0,15.0,8.0,14.0,10.0,11.0,9.0,4.0,5.0,7.0,1.0,3.0,6.0,0.0,2.0,13.0,12.0,8.0,15.0,10.0,14.0,9.0,11.0,5.0,4.0,1.0,7.0,6.0,3.0,2.0,0.0,14.0,15.0,13.0,9.0,11.0,8.0,12.0,10.0,6.0,7.0,5.0,0.0,1.0,2.0,3.0,4.0,15.0,14.0,9.0,13.0,8.0,11.0,10.0,12.0,7.0,6.0,0.0,5.0,2.0,1.0,4.0,3.0
306172,65529,6,multi_DTransversal_34_2025-06-08_22_24_48_983772_2,1749421826,5,1,5,524.9925,527.753211,0,1000000000.0,4456448.0,6959104.0,14772.0,3600000000000.0,86400000000000.0,500000000.0,1000000000.0,1749421488,604800,0,0,0,2,GenuineIntel,Intel Xeon Processor (Icelake) [Family 6 Model 106 Stepping 0],1000000000.0,1000000000.0,1000000000.0,Linux Ubuntu,Ubuntu 24.04.2 LTS [6.8.0-59-generic|libc 2.39],3048230912.0,16777216.0,0.0,20105105408.0,16965623808.0,3190784.0,688128.0,18792121384.96,53384885.675031,30362404.540574,0.0,1.0,0.0,0.878584,0,0.0,0.0,1.0,2.0,3.0,4.0,5.0,6.0,7.0,8.0,9.0,10.0,11.0,12.0,13.0,14.0,15.0,1.0,0.0,3.0,2.0,5.0,4.0,7.0,6.0,9.0,8.0,11.0,10.0,13.0,12.0,15.0,14.0,2.0,3.0,5.0,4.0,6.0,7.0,0.0,1.0,10.0,11.0,13.0,9.0,15.0,14.0,12.0,8.0,3.0,2.0,4.0,5.0,7.0,6.0,1.0,0.0,11.0,10.0,9.0,12.0,14.0,15.0,8.0,13.0,4.0,7.0,1.0,6.0,2.0,0.0,3.0,5.0,12.0,13.0,15.0,14.0,9.0,8.0,10.0,11.0,5.0,6.0,0.0,7.0,3.0,1.0,2.0,4.0,13.0,12.0,14.0,15.0,8.0,9.0,11.0,10.0,6.0,5.0,7.0,0.0,1.0,3.0,4.0,2.0,14.0,15.0,8.0,13.0,10.0,11.0,9.0,12.0,7.0,4.0,6.0,1.0,0.0,2.0,5.0,3.0,15.0,14.0,12.0,8.0,11.0,10.0,13.0,9.0,8.0,9.0,10.0,11.0,12.0,13.0,14.0,15.0,0.0,1.0,2.0,3.0,4.0,5.0,6.0,7.0,9.0,8.0,11.0,10.0,13.0,12.0,15.0,14.0,1.0,0.0,3.0,2.0,5.0,4.0,7.0,6.0,10.0,11.0,12.0,14.0,15.0,9.0,13.0,8.0,2.0,3.0,4.0,6.0,7.0,0.0,1.0,5.0,11.0,10.0,14.0,12.0,9.0,15.0,8.0,13.0,3.0,2.0,6.0,4.0,0.0,7.0,5.0,1.0,12.0,13.0,15.0,8.0,14.0,10.0,11.0,9.0,4.0,5.0,7.0,1.0,3.0,6.0,0.0,2.0,13.0,12.0,8.0,15.0,10.0,14.0,9.0,11.0,5.0,4.0,1.0,7.0,6.0,3.0,2.0,0.0,14.0,15.0,13.0,9.0,11.0,8.0,12.0,10.0,6.0,7.0,5.0,0.0,1.0,2.0,3.0,4.0,15.0,14.0,9.0,13.0,8.0,11.0,10.0,12.0,7.0,6.0,0.0,5.0,2.0,1.0,4.0,3.0
306173,65530,6,multi_DTransversal_35_2025-06-08_22_24_49_088635_0,1749421826,5,1,5,534.617,537.807937,0,1000000000.0,4456448.0,6959104.0,14772.0,3600000000000.0,86400000000000.0,500000000.0,1000000000.0,1749421489,604800,0,0,0,2,GenuineIntel,Intel Xeon Processor (Icelake) [Family 6 Model 106 Stepping 0],1000000000.0,1000000000.0,1000000000.0,Linux Ubuntu,Ubuntu 24.04.2 LTS [6.8.0-59-generic|libc 2.39],3048230912.0,16777216.0,0.0,20105105408.0,16965623808.0,3190784.0,688128.0,18792121384.96,53384885.675031,30362404.540574,0.0,1.0,0.0,0.878584,0,0.0,0.0,1.0,2.0,3.0,4.0,5.0,6.0,7.0,8.0,9.0,10.0,11.0,12.0,13.0,14.0,15.0,1.0,0.0,3.0,2.0,5.0,4.0,7.0,6.0,9.0,8.0,11.0,10.0,13.0,12.0,15.0,14.0,2.0,3.0,5.0,4.0,7.0,6.0,0.0,1.0,10.0,11.0,13.0,12.0,14.0,15.0,8.0,9.0,3.0,2.0,4.0,5.0,6.0,7.0,1.0,0.0,11.0,10.0,12.0,13.0,15.0,14.0,9.0,8.0,4.0,6.0,0.0,7.0,2.0,1.0,5.0,3.0,12.0,15.0,9.0,14.0,10.0,8.0,11.0,13.0,5.0,7.0,1.0,6.0,3.0,0.0,4.0,2.0,13.0,14.0,8.0,15.0,11.0,9.0,10.0,12.0,6.0,4.0,7.0,0.0,1.0,2.0,3.0,5.0,14.0,13.0,15.0,8.0,9.0,11.0,12.0,10.0,7.0,5.0,6.0,1.0,0.0,3.0,2.0,4.0,15.0,12.0,14.0,9.0,8.0,10.0,13.0,11.0,8.0,9.0,10.0,11.0,12.0,13.0,14.0,15.0,0.0,1.0,2.0,3.0,4.0,5.0,6.0,7.0,9.0,8.0,11.0,10.0,13.0,12.0,15.0,14.0,1.0,0.0,3.0,2.0,5.0,4.0,7.0,6.0,10.0,11.0,13.0,9.0,15.0,14.0,12.0,8.0,2.0,3.0,4.0,6.0,7.0,1.0,5.0,0.0,11.0,10.0,9.0,12.0,14.0,15.0,8.0,13.0,3.0,2.0,6.0,4.0,1.0,7.0,0.0,5.0,12.0,13.0,15.0,14.0,9.0,8.0,10.0,11.0,4.0,5.0,7.0,0.0,6.0,2.0,3.0,1.0,13.0,12.0,14.0,15.0,8.0,9.0,11.0,10.0,5.0,4.0,0.0,7.0,2.0,6.0,1.0,3.0,14.0,15.0,8.0,13.0,10.0,11.0,9.0,12.0,6.0,7.0,5.0,1.0,3.0,0.0,4.0,2.0,15.0,14.0,12.0,8.0,11.0,10.0,13.0,9.0,7.0,6.0,1.0,5.0,0.0,3.0,2.0,4.0
306174,65530,6,multi_DTransversal_35_2025-06-08_22_24_49_088635_1,1749421826,5,1,5,535.6754,538.813155,0,1000000000.0,4456448.0,6959104.0,14772.0,3600000000000.0,86400000000000.0,500000000.0,1000000000.0,1749421489,604800,0,0,0,2,GenuineIntel,Intel Xeon Processor (Icelake) [Family 6 Model 106 Stepping 0],1000000000.0,1000000000.0,1000000000.0,Linux Ubuntu,Ubuntu 24.04.2 LTS [6.8.0-59-generic|libc 2.39],3048230912.0,16777216.0,0.0,20105105408.0,16965623808.0,3190784.0,688128.0,18792121384.96,53384885.675031,30362404.540574,0.0,1.0,0.0,0.878584,0,0.0,0.0,1.0,2.0,3.0,4.0,5.0,6.0,7.0,8.0,9.0,10.0,11.0,12.0,13.0,14.0,15.0,1.0,0.0,3.0,2.0,5.0,4.0,7.0,6.0,9.0,8.0,11.0,10.0,13.0,12.0,15.0,14.0,2.0,3.0,5.0,4.0,7.0,6.0,0.0,1.0,10.0,11.0,13.0,12.0,14.0,15.0,8.0,9.0,3.0,2.0,4.0,5.0,6.0,7.0,1.0,0.0,11.0,10.0,12.0,13.0,15.0,14.0,9.0,8.0,4.0,6.0,0.0,7.0,2.0,1.0,5.0,3.0,12.0,15.0,9.0,14.0,10.0,8.0,11.0,13.0,5.0,7.0,1.0,6.0,3.0,0.0,4.0,2.0,13.0,14.0,8.0,15.0,11.0,9.0,10.0,12.0,6.0,4.0,7.0,0.0,1.0,2.0,3.0,5.0,14.0,13.0,15.0,8.0,9.0,11.0,12.0,10.0,7.0,5.0,6.0,1.0,0.0,3.0,2.0,4.0,15.0,12.0,14.0,9.0,8.0,10.0,13.0,11.0,8.0,9.0,10.0,11.0,12.0,13.0,14.0,15.0,0.0,1.0,2.0,3.0,4.0,5.0,6.0,7.0,9.0,8.0,11.0,10.0,13.0,12.0,15.0,14.0,1.0,0.0,3.0,2.0,5.0,4.0,7.0,6.0,10.0,11.0,13.0,9.0,15.0,14.0,12.0,8.0,2.0,3.0,4.0,6.0,7.0,1.0,5.0,0.0,11.0,10.0,9.0,12.0,14.0,15.0,8.0,13.0,3.0,2.0,6.0,4.0,1.0,7.0,0.0,5.0,12.0,13.0,15.0,14.0,9.0,8.0,10.0,11.0,4.0,5.0,7.0,0.0,6.0,2.0,3.0,1.0,13.0,12.0,14.0,15.0,8.0,9.0,11.0,10.0,5.0,4.0,0.0,7.0,2.0,6.0,1.0,3.0,14.0,15.0,8.0,13.0,10.0,11.0,9.0,12.0,6.0,7.0,5.0,1.0,3.0,0.0,4.0,2.0,15.0,14.0,12.0,8.0,11.0,10.0,13.0,9.0,7.0,6.0,1.0,5.0,0.0,3.0,2.0,4.0
306175,65530,6,multi_DTransversal_35_2025-06-08_22_24_49_088635_2,1749421826,5,1,5,541.9978,544.84773,0,1000000000.0,4325376.0,6959104.0,14772.0,3600000000000.0,86400000000000.0,500000000.0,1000000000.0,1749421489,604800,0,0,0,2,GenuineIntel,Intel Xeon Processor (Icelake) [Family 6 Model 106 Stepping 0],1000000000.0,1000000000.0,1000000000.0,Linux Ubuntu,Ubuntu 24.04.2 LTS [6.8.0-59-generic|libc 2.39],3048230912.0,16777216.0,0.0,20105105408.0,16965623808.0,3190784.0,688128.0,18792121384.96,53384885.675031,30362404.540574,0.0,1.0,0.0,0.878584,0,0.0,0.0,1.0,2.0,3.0,4.0,5.0,6.0,7.0,8.0,9.0,10.0,11.0,12.0,13.0,14.0,15.0,1.0,0.0,3.0,2.0,5.0,4.0,7.0,6.0,9.0,8.0,11.0,10.0,13.0,12.0,15.0,14.0,2.0,3.0,5.0,4.0,7.0,6.0,0.0,1.0,10.0,11.0,13.0,12.0,14.0,15.0,8.0,9.0,3.0,2.0,4.0,5.0,6.0,7.0,1.0,0.0,11.0,10.0,12.0,13.0,15.0,14.0,9.0,8.0,4.0,6.0,0.0,7.0,2.0,1.0,5.0,3.0,12.0,15.0,9.0,14.0,10.0,8.0,11.0,13.0,5.0,7.0,1.0,6.0,3.0,0.0,4.0,2.0,13.0,14.0,8.0,15.0,11.0,9.0,10.0,12.0,6.0,4.0,7.0,0.0,1.0,2.0,3.0,5.0,14.0,13.0,15.0,8.0,9.0,11.0,12.0,10.0,7.0,5.0,6.0,1.0,0.0,3.0,2.0,4.0,15.0,12.0,14.0,9.0,8.0,10.0,13.0,11.0,8.0,9.0,10.0,11.0,12.0,13.0,14.0,15.0,0.0,1.0,2.0,3.0,4.0,5.0,6.0,7.0,9.0,8.0,11.0,10.0,13.0,12.0,15.0,14.0,1.0,0.0,3.0,2.0,5.0,4.0,7.0,6.0,10.0,11.0,13.0,9.0,15.0,14.0,12.0,8.0,2.0,3.0,4.0,6.0,7.0,1.0,5.0,0.0,11.0,10.0,9.0,12.0,14.0,15.0,8.0,13.0,3.0,2.0,6.0,4.0,1.0,7.0,0.0,5.0,12.0,13.0,15.0,14.0,9.0,8.0,10.0,11.0,4.0,5.0,7.0,0.0,6.0,2.0,3.0,1.0,13.0,12.0,14.0,15.0,8.0,9.0,11.0,10.0,5.0,4.0,0.0,7.0,2.0,6.0,1.0,3.0,14.0,15.0,8.0,13.0,10.0,11.0,9.0,12.0,6.0,7.0,5.0,1.0,3.0,0.0,4.0,2.0,15.0,14.0,12.0,8.0,11.0,10.0,13.0,9.0,7.0,6.0,1.0,5.0,0.0,3.0,2.0,4.0
306176,65531,12,multi_DTransversal_36_2025-06-08_22_24_49_153534_0,1749421826,5,1,5,211.9688,214.015642,0,1000000000.0,11051008.0,6512640.0,6243.0,3600000000000.0,86400000000000.0,500000000.0,1000000000.0,1749421489,604800,0,0,0,8,GenuineIntel,Intel(R) Xeon(R) CPU E5-2695 v2 @ 2.40GHz [Family 6 Model 62 Stepping 4],1000000000.0,1000000000.0,1000000000.0,Microsoft Windows 10,"Enterprise LTSB x64 Edition, (10.00.19044.00)",25761005568.0,262144.0,29519101952.0,47715450880.0,9854517248.0,50332470.0,0.0,13190576267.66,47277768.885526,29243555.256756,0.0,1.0,0.0,0.926923,0,0.0,0.0,1.0,2.0,3.0,4.0,5.0,6.0,7.0,8.0,9.0,10.0,11.0,12.0,13.0,14.0,15.0,1.0,0.0,3.0,2.0,5.0,4.0,7.0,6.0,9.0,8.0,11.0,10.0,13.0,12.0,15.0,14.0,2.0,3.0,5.0,4.0,7.0,6.0,0.0,1.0,10.0,11.0,13.0,12.0,15.0,14.0,8.0,9.0,3.0,2.0,4.0,5.0,6.0,7.0,1.0,0.0,11.0,10.0,12.0,13.0,14.0,15.0,9.0,8.0,4.0,6.0,7.0,0.0,2.0,1.0,3.0,5.0,12.0,14.0,8.0,15.0,10.0,9.0,13.0,11.0,5.0,7.0,6.0,1.0,3.0,0.0,2.0,4.0,13.0,15.0,9.0,14.0,11.0,8.0,12.0,10.0,6.0,4.0,0.0,7.0,1.0,2.0,5.0,3.0,14.0,12.0,15.0,8.0,9.0,10.0,11.0,13.0,7.0,5.0,1.0,6.0,0.0,3.0,4.0,2.0,15.0,13.0,14.0,9.0,8.0,11.0,10.0,12.0,8.0,9.0,10.0,11.0,12.0,13.0,14.0,15.0,0.0,1.0,2.0,3.0,4.0,5.0,6.0,7.0,9.0,8.0,11.0,10.0,13.0,12.0,15.0,14.0,1.0,0.0,3.0,2.0,5.0,4.0,7.0,6.0,10.0,11.0,13.0,12.0,14.0,15.0,8.0,9.0,2.0,3.0,5.0,1.0,7.0,6.0,4.0,0.0,11.0,10.0,12.0,13.0,15.0,14.0,9.0,8.0,3.0,2.0,1.0,4.0,6.0,7.0,0.0,5.0,12.0,15.0,9.0,14.0,10.0,8.0,11.0,13.0,4.0,5.0,7.0,6.0,1.0,0.0,2.0,3.0,13.0,14.0,8.0,15.0,11.0,9.0,10.0,12.0,5.0,4.0,6.0,7.0,0.0,1.0,3.0,2.0,14.0,13.0,15.0,8.0,9.0,11.0,12.0,10.0,6.0,7.0,0.0,5.0,2.0,3.0,1.0,4.0,15.0,12.0,14.0,9.0,8.0,10.0,13.0,11.0,7.0,6.0,4.0,0.0,3.0,2.0,5.0,1.0
306177,65531,12,multi_DTransversal_36_2025-06-08_22_24_49_153534_1,1749421826,5,1,5,210.7656,212.953125,0,1000000000.0,11059200.0,6516736.0,6244.0,3600000000000.0,86400000000000.0,500000000.0,1000000000.0,1749421489,604800,0,0,0,8,GenuineIntel,Intel(R) Xeon(R) CPU E5-2695 v2 @ 2.40GHz [Family 6 Model 62 Stepping 4],1000000000.0,1000000000.0,1000000000.0,Microsoft Windows 10,"Enterprise LTSB x64 Edition, (10.00.19044.00)",25761005568.0,262144.0,29519101952.0,47715450880.0,9854517248.0,50332470.0,0.0,13190576267.66,47277768.885526,29243555.256756,0.0,1.0,0.0,0.926923,0,0.0,0.0,1.0,2.0,3.0,4.0,5.0,6.0,7.0,8.0,9.0,10.0,11.0,12.0,13.0,14.0,15.0,1.0,0.0,3.0,2.0,5.0,4.0,7.0,6.0,9.0,8.0,11.0,10.0,13.0,12.0,15.0,14.0,2.0,3.0,5.0,4.0,7.0,6.0,0.0,1.0,10.0,11.0,13.0,12.0,15.0,14.0,8.0,9.0,3.0,2.0,4.0,5.0,6.0,7.0,1.0,0.0,11.0,10.0,12.0,13.0,14.0,15.0,9.0,8.0,4.0,6.0,7.0,0.0,2.0,1.0,3.0,5.0,12.0,14.0,8.0,15.0,10.0,9.0,13.0,11.0,5.0,7.0,6.0,1.0,3.0,0.0,2.0,4.0,13.0,15.0,9.0,14.0,11.0,8.0,12.0,10.0,6.0,4.0,0.0,7.0,1.0,2.0,5.0,3.0,14.0,12.0,15.0,8.0,9.0,10.0,11.0,13.0,7.0,5.0,1.0,6.0,0.0,3.0,4.0,2.0,15.0,13.0,14.0,9.0,8.0,11.0,10.0,12.0,8.0,9.0,10.0,11.0,12.0,13.0,14.0,15.0,0.0,1.0,2.0,3.0,4.0,5.0,6.0,7.0,9.0,8.0,11.0,10.0,13.0,12.0,15.0,14.0,1.0,0.0,3.0,2.0,5.0,4.0,7.0,6.0,10.0,11.0,13.0,12.0,14.0,15.0,8.0,9.0,2.0,3.0,5.0,1.0,7.0,6.0,4.0,0.0,11.0,10.0,12.0,13.0,15.0,14.0,9.0,8.0,3.0,2.0,1.0,4.0,6.0,7.0,0.0,5.0,12.0,15.0,9.0,14.0,10.0,8.0,11.0,13.0,4.0,5.0,7.0,6.0,1.0,0.0,2.0,3.0,13.0,14.0,8.0,15.0,11.0,9.0,10.0,12.0,5.0,4.0,6.0,7.0,0.0,1.0,3.0,2.0,14.0,13.0,15.0,8.0,9.0,11.0,12.0,10.0,6.0,7.0,0.0,5.0,2.0,3.0,1.0,4.0,15.0,12.0,14.0,9.0,8.0,10.0,13.0,11.0,7.0,6.0,4.0,0.0,3.0,2.0,5.0,1.0
306178,65531,8,multi_DTransversal_36_2025-06-08_22_24_49_153534_2,1749421826,5,1,5,497.6506,501.605101,0,1000000000.0,4456448.0,6959104.0,14778.0,3600000000000.0,86400000000000.0,500000000.0,1000000000.0,1749421489,604800,0,0,0,2,GenuineIntel,Intel Xeon Processor (Icelake) [Family 6 Model 106 Stepping 0],1000000000.0,1000000000.0,1000000000.0,Linux Ubuntu,Ubuntu 24.04.2 LTS [6.8.0-59-generic|libc 2.39],1006923776.0,16777216.0,0.0,20105105408.0,16990814208.0,2961408.0,688128.0,18773959311.36,50902949.273249,36815514.871639,0.0,1.0,0.0,0.863835,0,0.0,0.0,1.0,2.0,3.0,4.0,5.0,6.0,7.0,8.0,9.0,10.0,11.0,12.0,13.0,14.0,15.0,1.0,0.0,3.0,2.0,5.0,4.0,7.0,6.0,9.0,8.0,11.0,10.0,13.0,12.0,15.0,14.0,2.0,3.0,5.0,4.0,7.0,6.0,0.0,1.0,10.0,11.0,13.0,12.0,15.0,14.0,8.0,9.0,3.0,2.0,4.0,5.0,6.0,7.0,1.0,0.0,11.0,10.0,12.0,13.0,14.0,15.0,9.0,8.0,4.0,6.0,7.0,0.0,2.0,1.0,3.0,5.0,12.0,14.0,8.0,15.0,10.0,9.0,13.0,11.0,5.0,7.0,6.0,1.0,3.0,0.0,2.0,4.0,13.0,15.0,9.0,14.0,11.0,8.0,12.0,10.0,6.0,4.0,0.0,7.0,1.0,2.0,5.0,3.0,14.0,12.0,15.0,8.0,9.0,10.0,11.0,13.0,7.0,5.0,1.0,6.0,0.0,3.0,4.0,2.0,15.0,13.0,14.0,9.0,8.0,11.0,10.0,12.0,8.0,9.0,10.0,11.0,12.0,13.0,14.0,15.0,0.0,1.0,2.0,3.0,4.0,5.0,6.0,7.0,9.0,8.0,11.0,10.0,13.0,12.0,15.0,14.0,1.0,0.0,3.0,2.0,5.0,4.0,7.0,6.0,10.0,11.0,13.0,12.0,14.0,15.0,8.0,9.0,2.0,3.0,5.0,1.0,7.0,6.0,4.0,0.0,11.0,10.0,12.0,13.0,15.0,14.0,9.0,8.0,3.0,2.0,1.0,4.0,6.0,7.0,0.0,5.0,12.0,15.0,9.0,14.0,10.0,8.0,11.0,13.0,4.0,5.0,7.0,6.0,1.0,0.0,2.0,3.0,13.0,14.0,8.0,15.0,11.0,9.0,10.0,12.0,5.0,4.0,6.0,7.0,0.0,1.0,3.0,2.0,14.0,13.0,15.0,8.0,9.0,11.0,12.0,10.0,6.0,7.0,0.0,5.0,2.0,3.0,1.0,4.0,15.0,12.0,14.0,9.0,8.0,10.0,13.0,11.0,7.0,6.0,4.0,0.0,3.0,2.0,5.0,1.0
306179,65532,8,multi_DTransversal_37_2025-06-08_22_24_49_234636_0,1749421826,5,1,5,489.1924,491.521153,0,1000000000.0,4194304.0,6959104.0,14777.0,3600000000000.0,86400000000000.0,500000000.0,1000000000.0,1749421489,604800,0,0,0,2,GenuineIntel,Intel Xeon Processor (Icelake) [Family 6 Model 106 Stepping 0],1000000000.0,1000000000.0,1000000000.0,Linux Ubuntu,Ubuntu 24.04.2 LTS [6.8.0-59-generic|libc 2.39],1006923776.0,16777216.0,0.0,20105105408.0,16990814208.0,2961408.0,688128.0,18773959311.36,50902949.273249,36815514.871639,0.0,1.0,0.0,0.863835,0,0.0,0.0,1.0,2.0,3.0,4.0,5.0,6.0,7.0,8.0,9.0,10.0,11.0,12.0,13.0,14.0,15.0,1.0,0.0,3.0,2.0,5.0,4.0,7.0,6.0,9.0,8.0,11.0,10.0,13.0,12.0,15.0,14.0,2.0,3.0,5.0,4.0,7.0,6.0,1.0,0.0,10.0,11.0,13.0,12.0,15.0,14.0,8.0,9.0,3.0,2.0,4.0,5.0,6.0,7.0,0.0,1.0,11.0,10.0,12.0,13.0,14.0,15.0,9.0,8.0,4.0,7.0,1.0,6.0,3.0,0.0,5.0,2.0,12.0,14.0,15.0,8.0,10.0,9.0,11.0,13.0,5.0,6.0,0.0,7.0,2.0,1.0,4.0,3.0,13.0,15.0,14.0,9.0,11.0,8.0,10.0,12.0,6.0,5.0,7.0,0.0,1.0,2.0,3.0,4.0,14.0,12.0,8.0,15.0,9.0,10.0,13.0,11.0,7.0,4.0,6.0,1.0,0.0,3.0,2.0,5.0,15.0,13.0,9.0,14.0,8.0,11.0,12.0,10.0,8.0,9.0,10.0,11.0,12.0,13.0,14.0,15.0,0.0,1.0,2.0,3.0,4.0,5.0,6.0,7.0,9.0,8.0,11.0,10.0,13.0,12.0,15.0,14.0,1.0,0.0,3.0,2.0,5.0,4.0,7.0,6.0,10.0,11.0,13.0,12.0,15.0,14.0,8.0,9.0,2.0,3.0,5.0,4.0,6.0,7.0,0.0,1.0,11.0,10.0,12.0,13.0,14.0,15.0,9.0,8.0,3.0,2.0,4.0,5.0,7.0,6.0,1.0,0.0,12.0,14.0,8.0,15.0,10.0,9.0,13.0,11.0,4.0,7.0,1.0,6.0,2.0,0.0,3.0,5.0,13.0,15.0,9.0,14.0,11.0,8.0,12.0,10.0,5.0,6.0,0.0,7.0,3.0,1.0,2.0,4.0,14.0,12.0,15.0,8.0,9.0,10.0,11.0,13.0,6.0,5.0,7.0,0.0,1.0,3.0,4.0,2.0,15.0,13.0,14.0,9.0,8.0,11.0,10.0,12.0,7.0,4.0,6.0,1.0,0.0,2.0,5.0,3.0
306180,65532,8,multi_DTransversal_37_2025-06-08_22_24_49_234636_1,1749421826,5,1,5,491.9484,494.547956,0,1000000000.0,4456448.0,6959104.0,14776.0,3600000000000.0,86400000000000.0,500000000.0,1000000000.0,1749421489,604800,0,0,0,2,GenuineIntel,Intel Xeon Processor (Icelake) [Family 6 Model 106 Stepping 0],1000000000.0,1000000000.0,1000000000.0,Linux Ubuntu,Ubuntu 24.04.2 LTS [6.8.0-59-generic|libc 2.39],1006923776.0,16777216.0,0.0,20105105408.0,16990814208.0,2961408.0,688128.0,18773959311.36,50902949.273249,36815514.871639,0.0,1.0,0.0,0.863835,0,0.0,0.0,1.0,2.0,3.0,4.0,5.0,6.0,7.0,8.0,9.0,10.0,11.0,12.0,13.0,14.0,15.0,1.0,0.0,3.0,2.0,5.0,4.0,7.0,6.0,9.0,8.0,11.0,10.0,13.0,12.0,15.0,14.0,2.0,3.0,5.0,4.0,7.0,6.0,1.0,0.0,10.0,11.0,13.0,12.0,15.0,14.0,8.0,9.0,3.0,2.0,4.0,5.0,6.0,7.0,0.0,1.0,11.0,10.0,12.0,13.0,14.0,15.0,9.0,8.0,4.0,7.0,1.0,6.0,3.0,0.0,5.0,2.0,12.0,14.0,15.0,8.0,10.0,9.0,11.0,13.0,5.0,6.0,0.0,7.0,2.0,1.0,4.0,3.0,13.0,15.0,14.0,9.0,11.0,8.0,10.0,12.0,6.0,5.0,7.0,0.0,1.0,2.0,3.0,4.0,14.0,12.0,8.0,15.0,9.0,10.0,13.0,11.0,7.0,4.0,6.0,1.0,0.0,3.0,2.0,5.0,15.0,13.0,9.0,14.0,8.0,11.0,12.0,10.0,8.0,9.0,10.0,11.0,12.0,13.0,14.0,15.0,0.0,1.0,2.0,3.0,4.0,5.0,6.0,7.0,9.0,8.0,11.0,10.0,13.0,12.0,15.0,14.0,1.0,0.0,3.0,2.0,5.0,4.0,7.0,6.0,10.0,11.0,13.0,12.0,15.0,14.0,8.0,9.0,2.0,3.0,5.0,4.0,6.0,7.0,0.0,1.0,11.0,10.0,12.0,13.0,14.0,15.0,9.0,8.0,3.0,2.0,4.0,5.0,7.0,6.0,1.0,0.0,12.0,14.0,8.0,15.0,10.0,9.0,13.0,11.0,4.0,7.0,1.0,6.0,2.0,0.0,3.0,5.0,13.0,15.0,9.0,14.0,11.0,8.0,12.0,10.0,5.0,6.0,0.0,7.0,3.0,1.0,2.0,4.0,14.0,12.0,15.0,8.0,9.0,10.0,11.0,13.0,6.0,5.0,7.0,0.0,1.0,3.0,4.0,2.0,15.0,13.0,14.0,9.0,8.0,11.0,10.0,12.0,7.0,4.0,6.0,1.0,0.0,2.0,5.0,3.0
306181,65532,14,multi_DTransversal_37_2025-06-08_22_24_49_234636_2,1749421826,5,1,5,206.7812,209.734385,0,1000000000.0,10817536.0,6529024.0,6244.0,3600000000000.0,86400000000000.0,500000000.0,1000000000.0,1749421489,604800,0,0,0,8,GenuineIntel,Intel(R) Xeon(R) CPU E5-2695 v2 @ 2.40GHz [Family 6 Model 62 Stepping 4],1000000000.0,1000000000.0,1000000000.0,Microsoft Windows 10,"Enterprise LTSB x64 Edition, (10.00.19044.00)",17171070976.0,262144.0,19721207808.0,47715450880.0,12043943936.0,50470565.0,171008.0,14504363335.66,50555456.420003,25813395.198889,0.0,1.0,0.0,0.932014,0,0.0,0.0,1.0,2.0,3.0,4.0,5.0,6.0,7.0,8.0,9.0,10.0,11.0,12.0,13.0,14.0,15.0,1.0,0.0,3.0,2.0,5.0,4.0,7.0,6.0,9.0,8.0,11.0,10.0,13.0,12.0,15.0,14.0,2.0,3.0,5.0,4.0,7.0,6.0,1.0,0.0,10.0,11.0,13.0,12.0,15.0,14.0,8.0,9.0,3.0,2.0,4.0,5.0,6.0,7.0,0.0,1.0,11.0,10.0,12.0,13.0,14.0,15.0,9.0,8.0,4.0,7.0,1.0,6.0,3.0,0.0,5.0,2.0,12.0,14.0,15.0,8.0,10.0,9.0,11.0,13.0,5.0,6.0,0.0,7.0,2.0,1.0,4.0,3.0,13.0,15.0,14.0,9.0,11.0,8.0,10.0,12.0,6.0,5.0,7.0,0.0,1.0,2.0,3.0,4.0,14.0,12.0,8.0,15.0,9.0,10.0,13.0,11.0,7.0,4.0,6.0,1.0,0.0,3.0,2.0,5.0,15.0,13.0,9.0,14.0,8.0,11.0,12.0,10.0,8.0,9.0,10.0,11.0,12.0,13.0,14.0,15.0,0.0,1.0,2.0,3.0,4.0,5.0,6.0,7.0,9.0,8.0,11.0,10.0,13.0,12.0,15.0,14.0,1.0,0.0,3.0,2.0,5.0,4.0,7.0,6.0,10.0,11.0,13.0,12.0,15.0,14.0,8.0,9.0,2.0,3.0,5.0,4.0,6.0,7.0,0.0,1.0,11.0,10.0,12.0,13.0,14.0,15.0,9.0,8.0,3.0,2.0,4.0,5.0,7.0,6.0,1.0,0.0,12.0,14.0,8.0,15.0,10.0,9.0,13.0,11.0,4.0,7.0,1.0,6.0,2.0,0.0,3.0,5.0,13.0,15.0,9.0,14.0,11.0,8.0,12.0,10.0,5.0,6.0,0.0,7.0,3.0,1.0,2.0,4.0,14.0,12.0,15.0,8.0,9.0,10.0,11.0,13.0,6.0,5.0,7.0,0.0,1.0,3.0,4.0,2.0,15.0,13.0,14.0,9.0,8.0,11.0,10.0,12.0,7.0,4.0,6.0,1.0,0.0,2.0,5.0,3.0
306182,65533,14,multi_DTransversal_38_2025-06-08_22_24_49_294363_0,1749421826,5,1,5,205.5469,207.499996,0,1000000000.0,10813440.0,6520832.0,6245.0,3600000000000.0,86400000000000.0,500000000.0,1000000000.0,1749421489,604800,0,0,0,8,GenuineIntel,Intel(R) Xeon(R) CPU E5-2695 v2 @ 2.40GHz [Family 6 Model 62 Stepping 4],1000000000.0,1000000000.0,1000000000.0,Microsoft Windows 10,"Enterprise LTSB x64 Edition, (10.00.19044.00)",17171070976.0,262144.0,19721207808.0,47715450880.0,12043943936.0,50470565.0,171008.0,14504363335.66,50555456.420003,25813395.198889,0.0,1.0,0.0,0.932014,0,0.0,0.0,1.0,2.0,3.0,4.0,5.0,6.0,7.0,8.0,9.0,10.0,11.0,12.0,13.0,14.0,15.0,1.0,0.0,3.0,2.0,5.0,4.0,7.0,6.0,9.0,8.0,11.0,10.0,13.0,12.0,15.0,14.0,2.0,3.0,6.0,7.0,1.0,0.0,4.0,5.0,10.0,11.0,13.0,12.0,15.0,14.0,9.0,8.0,3.0,2.0,7.0,6.0,0.0,1.0,5.0,4.0,11.0,10.0,12.0,13.0,14.0,15.0,8.0,9.0,4.0,7.0,1.0,5.0,6.0,2.0,3.0,0.0,12.0,15.0,9.0,14.0,11.0,8.0,13.0,10.0,5.0,6.0,0.0,4.0,7.0,3.0,2.0,1.0,13.0,14.0,8.0,15.0,10.0,9.0,12.0,11.0,6.0,5.0,4.0,0.0,3.0,7.0,1.0,2.0,14.0,13.0,15.0,8.0,9.0,10.0,11.0,12.0,7.0,4.0,5.0,1.0,2.0,6.0,0.0,3.0,15.0,12.0,14.0,9.0,8.0,11.0,10.0,13.0,8.0,9.0,10.0,11.0,12.0,13.0,14.0,15.0,0.0,1.0,2.0,3.0,4.0,5.0,6.0,7.0,9.0,8.0,11.0,10.0,13.0,12.0,15.0,14.0,1.0,0.0,3.0,2.0,5.0,4.0,7.0,6.0,10.0,11.0,13.0,12.0,15.0,14.0,8.0,9.0,2.0,3.0,5.0,4.0,7.0,6.0,0.0,1.0,11.0,10.0,12.0,13.0,14.0,15.0,9.0,8.0,3.0,2.0,4.0,5.0,6.0,7.0,1.0,0.0,12.0,14.0,15.0,8.0,10.0,9.0,11.0,13.0,4.0,6.0,0.0,7.0,2.0,1.0,5.0,3.0,13.0,15.0,14.0,9.0,11.0,8.0,10.0,12.0,5.0,7.0,1.0,6.0,3.0,0.0,4.0,2.0,14.0,12.0,8.0,15.0,9.0,10.0,13.0,11.0,6.0,4.0,7.0,0.0,1.0,2.0,3.0,5.0,15.0,13.0,9.0,14.0,8.0,11.0,12.0,10.0,7.0,5.0,6.0,1.0,0.0,3.0,2.0,4.0
306183,65533,14,multi_DTransversal_38_2025-06-08_22_24_49_294363_1,1749421826,5,1,5,205.3281,207.656237,0,1000000000.0,10833920.0,6533120.0,6245.0,3600000000000.0,86400000000000.0,500000000.0,1000000000.0,1749421489,604800,0,0,0,8,GenuineIntel,Intel(R) Xeon(R) CPU E5-2695 v2 @ 2.40GHz [Family 6 Model 62 Stepping 4],1000000000.0,1000000000.0,1000000000.0,Microsoft Windows 10,"Enterprise LTSB x64 Edition, (10.00.19044.00)",17171070976.0,262144.0,19721207808.0,47715450880.0,12043943936.0,50470565.0,171008.0,14504363335.66,50555456.420003,25813395.198889,0.0,1.0,0.0,0.932014,0,0.0,0.0,1.0,2.0,3.0,4.0,5.0,6.0,7.0,8.0,9.0,10.0,11.0,12.0,13.0,14.0,15.0,1.0,0.0,3.0,2.0,5.0,4.0,7.0,6.0,9.0,8.0,11.0,10.0,13.0,12.0,15.0,14.0,2.0,3.0,6.0,7.0,1.0,0.0,4.0,5.0,10.0,11.0,13.0,12.0,15.0,14.0,9.0,8.0,3.0,2.0,7.0,6.0,0.0,1.0,5.0,4.0,11.0,10.0,12.0,13.0,14.0,15.0,8.0,9.0,4.0,7.0,1.0,5.0,6.0,2.0,3.0,0.0,12.0,15.0,9.0,14.0,11.0,8.0,13.0,10.0,5.0,6.0,0.0,4.0,7.0,3.0,2.0,1.0,13.0,14.0,8.0,15.0,10.0,9.0,12.0,11.0,6.0,5.0,4.0,0.0,3.0,7.0,1.0,2.0,14.0,13.0,15.0,8.0,9.0,10.0,11.0,12.0,7.0,4.0,5.0,1.0,2.0,6.0,0.0,3.0,15.0,12.0,14.0,9.0,8.0,11.0,10.0,13.0,8.0,9.0,10.0,11.0,12.0,13.0,14.0,15.0,0.0,1.0,2.0,3.0,4.0,5.0,6.0,7.0,9.0,8.0,11.0,10.0,13.0,12.0,15.0,14.0,1.0,0.0,3.0,2.0,5.0,4.0,7.0,6.0,10.0,11.0,13.0,12.0,15.0,14.0,8.0,9.0,2.0,3.0,5.0,4.0,7.0,6.0,0.0,1.0,11.0,10.0,12.0,13.0,14.0,15.0,9.0,8.0,3.0,2.0,4.0,5.0,6.0,7.0,1.0,0.0,12.0,14.0,15.0,8.0,10.0,9.0,11.0,13.0,4.0,6.0,0.0,7.0,2.0,1.0,5.0,3.0,13.0,15.0,14.0,9.0,11.0,8.0,10.0,12.0,5.0,7.0,1.0,6.0,3.0,0.0,4.0,2.0,14.0,12.0,8.0,15.0,9.0,10.0,13.0,11.0,6.0,4.0,7.0,0.0,1.0,2.0,3.0,5.0,15.0,13.0,9.0,14.0,8.0,11.0,12.0,10.0,7.0,5.0,6.0,1.0,0.0,3.0,2.0,4.0
306184,65533,14,multi_DTransversal_38_2025-06-08_22_24_49_294363_2,1749421826,5,1,5,205.0312,207.64061,0,1000000000.0,10829824.0,6524928.0,6245.0,3600000000000.0,86400000000000.0,500000000.0,1000000000.0,1749421489,604800,0,0,0,8,GenuineIntel,Intel(R) Xeon(R) CPU E5-2695 v2 @ 2.40GHz [Family 6 Model 62 Stepping 4],1000000000.0,1000000000.0,1000000000.0,Microsoft Windows 10,"Enterprise LTSB x64 Edition, (10.00.19044.00)",17171070976.0,262144.0,19721207808.0,47715450880.0,12043943936.0,50470565.0,171008.0,14504363335.66,50555456.420003,25813395.198889,0.0,1.0,0.0,0.932014,0,0.0,0.0,1.0,2.0,3.0,4.0,5.0,6.0,7.0,8.0,9.0,10.0,11.0,12.0,13.0,14.0,15.0,1.0,0.0,3.0,2.0,5.0,4.0,7.0,6.0,9.0,8.0,11.0,10.0,13.0,12.0,15.0,14.0,2.0,3.0,6.0,7.0,1.0,0.0,4.0,5.0,10.0,11.0,13.0,12.0,15.0,14.0,9.0,8.0,3.0,2.0,7.0,6.0,0.0,1.0,5.0,4.0,11.0,10.0,12.0,13.0,14.0,15.0,8.0,9.0,4.0,7.0,1.0,5.0,6.0,2.0,3.0,0.0,12.0,15.0,9.0,14.0,11.0,8.0,13.0,10.0,5.0,6.0,0.0,4.0,7.0,3.0,2.0,1.0,13.0,14.0,8.0,15.0,10.0,9.0,12.0,11.0,6.0,5.0,4.0,0.0,3.0,7.0,1.0,2.0,14.0,13.0,15.0,8.0,9.0,10.0,11.0,12.0,7.0,4.0,5.0,1.0,2.0,6.0,0.0,3.0,15.0,12.0,14.0,9.0,8.0,11.0,10.0,13.0,8.0,9.0,10.0,11.0,12.0,13.0,14.0,15.0,0.0,1.0,2.0,3.0,4.0,5.0,6.0,7.0,9.0,8.0,11.0,10.0,13.0,12.0,15.0,14.0,1.0,0.0,3.0,2.0,5.0,4.0,7.0,6.0,10.0,11.0,13.0,12.0,15.0,14.0,8.0,9.0,2.0,3.0,5.0,4.0,7.0,6.0,0.0,1.0,11.0,10.0,12.0,13.0,14.0,15.0,9.0,8.0,3.0,2.0,4.0,5.0,6.0,7.0,1.0,0.0,12.0,14.0,15.0,8.0,10.0,9.0,11.0,13.0,4.0,6.0,0.0,7.0,2.0,1.0,5.0,3.0,13.0,15.0,14.0,9.0,11.0,8.0,10.0,12.0,5.0,7.0,1.0,6.0,3.0,0.0,4.0,2.0,14.0,12.0,8.0,15.0,9.0,10.0,13.0,11.0,6.0,4.0,7.0,0.0,1.0,2.0,3.0,5.0,15.0,13.0,9.0,14.0,8.0,11.0,12.0,10.0,7.0,5.0,6.0,1.0,0.0,3.0,2.0,4.0
306185,65534,4,multi_DTransversal_39_2025-06-08_22_24_49_421189_0,1749421826,5,1,5,696.3026,699.833333,0,1000000000.0,4456448.0,6959104.0,14815.0,3600000000000.0,86400000000000.0,500000000.0,1000000000.0,1749421489,604800,0,0,0,4,GenuineIntel,Intel Xeon Processor (Icelake) [Family 6 Model 106 Stepping 0],1000000000.0,1000000000.0,1000000000.0,Linux Ubuntu,Ubuntu 24.04.2 LTS [6.8.0-59-generic|libc 2.39],4104482816.0,16777216.0,0.0,20105105408.0,16942882816.0,4018176.0,688128.0,18764867010.56,52142024.776358,15986171.424867,0.0,1.0,0.0,0.841352,0,0.0,0.0,1.0,2.0,3.0,4.0,5.0,6.0,7.0,8.0,9.0,10.0,11.0,12.0,13.0,14.0,15.0,1.0,0.0,3.0,2.0,5.0,4.0,7.0,6.0,9.0,8.0,11.0,10.0,13.0,12.0,15.0,14.0,2.0,3.0,7.0,5.0,0.0,6.0,4.0,1.0,10.0,11.0,14.0,15.0,9.0,8.0,12.0,13.0,3.0,2.0,5.0,7.0,6.0,0.0,1.0,4.0,11.0,10.0,15.0,14.0,8.0,9.0,13.0,12.0,4.0,5.0,1.0,6.0,7.0,2.0,3.0,0.0,12.0,15.0,9.0,13.0,14.0,10.0,11.0,8.0,5.0,4.0,6.0,1.0,2.0,7.0,0.0,3.0,13.0,14.0,8.0,12.0,15.0,11.0,10.0,9.0,6.0,7.0,0.0,4.0,3.0,1.0,5.0,2.0,14.0,13.0,12.0,8.0,11.0,15.0,9.0,10.0,7.0,6.0,4.0,0.0,1.0,3.0,2.0,5.0,15.0,12.0,13.0,9.0,10.0,14.0,8.0,11.0,8.0,9.0,10.0,11.0,12.0,13.0,14.0,15.0,0.0,1.0,2.0,3.0,4.0,5.0,6.0,7.0,9.0,8.0,11.0,10.0,13.0,12.0,15.0,14.0,1.0,0.0,3.0,2.0,5.0,4.0,7.0,6.0,10.0,11.0,13.0,12.0,15.0,14.0,9.0,8.0,2.0,3.0,5.0,4.0,7.0,6.0,0.0,1.0,11.0,10.0,12.0,13.0,14.0,15.0,8.0,9.0,3.0,2.0,4.0,5.0,6.0,7.0,1.0,0.0,12.0,15.0,9.0,14.0,11.0,8.0,13.0,10.0,4.0,6.0,7.0,0.0,2.0,1.0,3.0,5.0,13.0,14.0,8.0,15.0,10.0,9.0,12.0,11.0,5.0,7.0,6.0,1.0,3.0,0.0,2.0,4.0,14.0,13.0,15.0,8.0,9.0,10.0,11.0,12.0,6.0,4.0,0.0,7.0,1.0,2.0,5.0,3.0,15.0,12.0,14.0,9.0,8.0,11.0,10.0,13.0,7.0,5.0,1.0,6.0,0.0,3.0,4.0,2.0
306186,65534,4,multi_DTransversal_39_2025-06-08_22_24_49_421189_1,1749421826,5,1,5,708.1572,712.966614,0,1000000000.0,4456448.0,6959104.0,14815.0,3600000000000.0,86400000000000.0,500000000.0,1000000000.0,1749421489,604800,0,0,0,4,GenuineIntel,Intel Xeon Processor (Icelake) [Family 6 Model 106 Stepping 0],1000000000.0,1000000000.0,1000000000.0,Linux Ubuntu,Ubuntu 24.04.2 LTS [6.8.0-59-generic|libc 2.39],4104482816.0,16777216.0,0.0,20105105408.0,16942882816.0,4018176.0,688128.0,18764867010.56,52142024.776358,15986171.424867,0.0,1.0,0.0,0.841352,0,0.0,0.0,1.0,2.0,3.0,4.0,5.0,6.0,7.0,8.0,9.0,10.0,11.0,12.0,13.0,14.0,15.0,1.0,0.0,3.0,2.0,5.0,4.0,7.0,6.0,9.0,8.0,11.0,10.0,13.0,12.0,15.0,14.0,2.0,3.0,7.0,5.0,0.0,6.0,4.0,1.0,10.0,11.0,14.0,15.0,9.0,8.0,12.0,13.0,3.0,2.0,5.0,7.0,6.0,0.0,1.0,4.0,11.0,10.0,15.0,14.0,8.0,9.0,13.0,12.0,4.0,5.0,1.0,6.0,7.0,2.0,3.0,0.0,12.0,15.0,9.0,13.0,14.0,10.0,11.0,8.0,5.0,4.0,6.0,1.0,2.0,7.0,0.0,3.0,13.0,14.0,8.0,12.0,15.0,11.0,10.0,9.0,6.0,7.0,0.0,4.0,3.0,1.0,5.0,2.0,14.0,13.0,12.0,8.0,11.0,15.0,9.0,10.0,7.0,6.0,4.0,0.0,1.0,3.0,2.0,5.0,15.0,12.0,13.0,9.0,10.0,14.0,8.0,11.0,8.0,9.0,10.0,11.0,12.0,13.0,14.0,15.0,0.0,1.0,2.0,3.0,4.0,5.0,6.0,7.0,9.0,8.0,11.0,10.0,13.0,12.0,15.0,14.0,1.0,0.0,3.0,2.0,5.0,4.0,7.0,6.0,10.0,11.0,13.0,12.0,15.0,14.0,9.0,8.0,2.0,3.0,5.0,4.0,7.0,6.0,0.0,1.0,11.0,10.0,12.0,13.0,14.0,15.0,8.0,9.0,3.0,2.0,4.0,5.0,6.0,7.0,1.0,0.0,12.0,15.0,9.0,14.0,11.0,8.0,13.0,10.0,4.0,6.0,7.0,0.0,2.0,1.0,3.0,5.0,13.0,14.0,8.0,15.0,10.0,9.0,12.0,11.0,5.0,7.0,6.0,1.0,3.0,0.0,2.0,4.0,14.0,13.0,15.0,8.0,9.0,10.0,11.0,12.0,6.0,4.0,0.0,7.0,1.0,2.0,5.0,3.0,15.0,12.0,14.0,9.0,8.0,11.0,10.0,13.0,7.0,5.0,1.0,6.0,0.0,3.0,4.0,2.0
306188,65535,4,multi_DTransversal_40_2025-06-08_22_24_49_478128_0,1749421826,5,1,5,701.8744,702.764551,0,1000000000.0,4456448.0,6959104.0,14813.0,3600000000000.0,86400000000000.0,500000000.0,1000000000.0,1749421489,604800,0,0,0,4,GenuineIntel,Intel Xeon Processor (Icelake) [Family 6 Model 106 Stepping 0],1000000000.0,1000000000.0,1000000000.0,Linux Ubuntu,Ubuntu 24.04.2 LTS [6.8.0-59-generic|libc 2.39],4104482816.0,16777216.0,0.0,20105105408.0,16942882816.0,4018176.0,688128.0,18764867010.56,52142024.776358,15986171.424867,0.0,1.0,0.0,0.841352,0,0.0,0.0,1.0,2.0,3.0,4.0,5.0,6.0,7.0,8.0,9.0,10.0,11.0,12.0,13.0,14.0,15.0,1.0,0.0,3.0,2.0,5.0,4.0,7.0,6.0,9.0,8.0,11.0,10.0,13.0,12.0,15.0,14.0,2.0,3.0,7.0,6.0,1.0,0.0,5.0,4.0,10.0,11.0,15.0,13.0,8.0,14.0,12.0,9.0,3.0,2.0,6.0,7.0,0.0,1.0,4.0,5.0,11.0,10.0,13.0,15.0,14.0,8.0,9.0,12.0,4.0,7.0,0.0,5.0,6.0,2.0,1.0,3.0,12.0,13.0,9.0,14.0,15.0,10.0,11.0,8.0,5.0,6.0,1.0,4.0,7.0,3.0,0.0,2.0,13.0,12.0,14.0,9.0,10.0,15.0,8.0,11.0,6.0,5.0,4.0,1.0,3.0,7.0,2.0,0.0,14.0,15.0,8.0,12.0,11.0,9.0,13.0,10.0,7.0,4.0,5.0,0.0,2.0,6.0,3.0,1.0,15.0,14.0,12.0,8.0,9.0,11.0,10.0,13.0,8.0,9.0,10.0,11.0,12.0,13.0,14.0,15.0,0.0,1.0,2.0,3.0,4.0,5.0,6.0,7.0,9.0,8.0,11.0,10.0,13.0,12.0,15.0,14.0,1.0,0.0,3.0,2.0,5.0,4.0,7.0,6.0,10.0,11.0,14.0,15.0,9.0,8.0,12.0,13.0,2.0,3.0,5.0,4.0,7.0,6.0,1.0,0.0,11.0,10.0,15.0,14.0,8.0,9.0,13.0,12.0,3.0,2.0,4.0,5.0,6.0,7.0,0.0,1.0,12.0,15.0,9.0,13.0,14.0,10.0,11.0,8.0,4.0,7.0,1.0,6.0,3.0,0.0,5.0,2.0,13.0,14.0,8.0,12.0,15.0,11.0,10.0,9.0,5.0,6.0,0.0,7.0,2.0,1.0,4.0,3.0,14.0,13.0,12.0,8.0,11.0,15.0,9.0,10.0,6.0,5.0,7.0,0.0,1.0,2.0,3.0,4.0,15.0,12.0,13.0,9.0,10.0,14.0,8.0,11.0,7.0,4.0,6.0,1.0,0.0,3.0,2.0,5.0
306190,65535,3,multi_DTransversal_40_2025-06-08_22_24_49_478128_2,1749421826,5,1,5,582.2228,585.017589,0,1000000000.0,4456448.0,6959104.0,14773.0,3600000000000.0,86400000000000.0,500000000.0,1000000000.0,1749421489,604800,0,0,0,2,GenuineIntel,Intel Xeon Processor (Icelake) [Family 6 Model 106 Stepping 0],1000000000.0,1000000000.0,1000000000.0,Linux Ubuntu,Ubuntu 24.04.2 LTS [6.8.0-59-generic|libc 2.39],2062311424.0,16777216.0,0.0,20105105408.0,16945373184.0,3219456.0,688128.0,18755873832.96,53237188.156481,21103376.896969,0.0,1.0,0.0,0.872446,0,0.0,0.0,1.0,2.0,3.0,4.0,5.0,6.0,7.0,8.0,9.0,10.0,11.0,12.0,13.0,14.0,15.0,1.0,0.0,3.0,2.0,5.0,4.0,7.0,6.0,9.0,8.0,11.0,10.0,13.0,12.0,15.0,14.0,2.0,3.0,7.0,6.0,1.0,0.0,5.0,4.0,10.0,11.0,15.0,13.0,8.0,14.0,12.0,9.0,3.0,2.0,6.0,7.0,0.0,1.0,4.0,5.0,11.0,10.0,13.0,15.0,14.0,8.0,9.0,12.0,4.0,7.0,0.0,5.0,6.0,2.0,1.0,3.0,12.0,13.0,9.0,14.0,15.0,10.0,11.0,8.0,5.0,6.0,1.0,4.0,7.0,3.0,0.0,2.0,13.0,12.0,14.0,9.0,10.0,15.0,8.0,11.0,6.0,5.0,4.0,1.0,3.0,7.0,2.0,0.0,14.0,15.0,8.0,12.0,11.0,9.0,13.0,10.0,7.0,4.0,5.0,0.0,2.0,6.0,3.0,1.0,15.0,14.0,12.0,8.0,9.0,11.0,10.0,13.0,8.0,9.0,10.0,11.0,12.0,13.0,14.0,15.0,0.0,1.0,2.0,3.0,4.0,5.0,6.0,7.0,9.0,8.0,11.0,10.0,13.0,12.0,15.0,14.0,1.0,0.0,3.0,2.0,5.0,4.0,7.0,6.0,10.0,11.0,14.0,15.0,9.0,8.0,12.0,13.0,2.0,3.0,5.0,4.0,7.0,6.0,1.0,0.0,11.0,10.0,15.0,14.0,8.0,9.0,13.0,12.0,3.0,2.0,4.0,5.0,6.0,7.0,0.0,1.0,12.0,15.0,9.0,13.0,14.0,10.0,11.0,8.0,4.0,7.0,1.0,6.0,3.0,0.0,5.0,2.0,13.0,14.0,8.0,12.0,15.0,11.0,10.0,9.0,5.0,6.0,0.0,7.0,2.0,1.0,4.0,3.0,14.0,13.0,12.0,8.0,11.0,15.0,9.0,10.0,6.0,5.0,7.0,0.0,1.0,2.0,3.0,4.0,15.0,12.0,13.0,9.0,10.0,14.0,8.0,11.0,7.0,4.0,6.0,1.0,0.0,3.0,2.0,5.0
306191,65536,3,multi_DTransversal_41_2025-06-08_22_24_49_525268_0,1749421826,5,1,5,550.7496,553.917553,0,1000000000.0,4456448.0,6959104.0,14773.0,3600000000000.0,86400000000000.0,500000000.0,1000000000.0,1749421489,604800,0,0,0,2,GenuineIntel,Intel Xeon Processor (Icelake) [Family 6 Model 106 Stepping 0],1000000000.0,1000000000.0,1000000000.0,Linux Ubuntu,Ubuntu 24.04.2 LTS [6.8.0-59-generic|libc 2.39],2062311424.0,16777216.0,0.0,20105105408.0,16945373184.0,3219456.0,688128.0,18755873832.96,53237188.156481,21103376.896969,0.0,1.0,0.0,0.872446,0,0.0,0.0,1.0,2.0,3.0,4.0,5.0,6.0,7.0,8.0,9.0,10.0,11.0,12.0,13.0,14.0,15.0,1.0,0.0,3.0,2.0,5.0,4.0,7.0,6.0,9.0,8.0,11.0,10.0,13.0,12.0,15.0,14.0,2.0,4.0,1.0,6.0,0.0,7.0,5.0,3.0,10.0,11.0,15.0,14.0,9.0,8.0,13.0,12.0,3.0,5.0,0.0,7.0,1.0,6.0,4.0,2.0,11.0,10.0,14.0,15.0,8.0,9.0,12.0,13.0,4.0,7.0,6.0,0.0,2.0,3.0,1.0,5.0,12.0,15.0,8.0,13.0,14.0,10.0,9.0,11.0,5.0,6.0,7.0,1.0,3.0,2.0,0.0,4.0,13.0,14.0,9.0,12.0,15.0,11.0,8.0,10.0,6.0,2.0,5.0,4.0,7.0,1.0,3.0,0.0,14.0,13.0,12.0,9.0,11.0,15.0,10.0,8.0,7.0,3.0,4.0,5.0,6.0,0.0,2.0,1.0,15.0,12.0,13.0,8.0,10.0,14.0,11.0,9.0,8.0,9.0,10.0,11.0,12.0,13.0,14.0,15.0,0.0,1.0,2.0,3.0,4.0,5.0,6.0,7.0,9.0,8.0,11.0,10.0,13.0,12.0,15.0,14.0,1.0,0.0,3.0,2.0,5.0,4.0,7.0,6.0,10.0,11.0,15.0,13.0,8.0,14.0,12.0,9.0,2.0,3.0,6.0,7.0,1.0,0.0,4.0,5.0,11.0,10.0,13.0,15.0,14.0,8.0,9.0,12.0,3.0,2.0,7.0,6.0,0.0,1.0,5.0,4.0,12.0,13.0,9.0,14.0,15.0,10.0,11.0,8.0,4.0,7.0,1.0,5.0,6.0,2.0,3.0,0.0,13.0,12.0,14.0,9.0,10.0,15.0,8.0,11.0,5.0,6.0,0.0,4.0,7.0,3.0,2.0,1.0,14.0,15.0,8.0,12.0,11.0,9.0,13.0,10.0,6.0,5.0,4.0,0.0,3.0,7.0,1.0,2.0,15.0,14.0,12.0,8.0,9.0,11.0,10.0,13.0,7.0,4.0,5.0,1.0,2.0,6.0,0.0,3.0
306192,65536,3,multi_DTransversal_41_2025-06-08_22_24_49_525268_1,1749421826,5,1,5,552.7626,556.918779,0,1000000000.0,4456448.0,6959104.0,14772.0,3600000000000.0,86400000000000.0,500000000.0,1000000000.0,1749421489,604800,0,0,0,2,GenuineIntel,Intel Xeon Processor (Icelake) [Family 6 Model 106 Stepping 0],1000000000.0,1000000000.0,1000000000.0,Linux Ubuntu,Ubuntu 24.04.2 LTS [6.8.0-59-generic|libc 2.39],2062311424.0,16777216.0,0.0,20105105408.0,16945373184.0,3219456.0,688128.0,18755873832.96,53237188.156481,21103376.896969,0.0,1.0,0.0,0.872446,0,0.0,0.0,1.0,2.0,3.0,4.0,5.0,6.0,7.0,8.0,9.0,10.0,11.0,12.0,13.0,14.0,15.0,1.0,0.0,3.0,2.0,5.0,4.0,7.0,6.0,9.0,8.0,11.0,10.0,13.0,12.0,15.0,14.0,2.0,4.0,1.0,6.0,0.0,7.0,5.0,3.0,10.0,11.0,15.0,14.0,9.0,8.0,13.0,12.0,3.0,5.0,0.0,7.0,1.0,6.0,4.0,2.0,11.0,10.0,14.0,15.0,8.0,9.0,12.0,13.0,4.0,7.0,6.0,0.0,2.0,3.0,1.0,5.0,12.0,15.0,8.0,13.0,14.0,10.0,9.0,11.0,5.0,6.0,7.0,1.0,3.0,2.0,0.0,4.0,13.0,14.0,9.0,12.0,15.0,11.0,8.0,10.0,6.0,2.0,5.0,4.0,7.0,1.0,3.0,0.0,14.0,13.0,12.0,9.0,11.0,15.0,10.0,8.0,7.0,3.0,4.0,5.0,6.0,0.0,2.0,1.0,15.0,12.0,13.0,8.0,10.0,14.0,11.0,9.0,8.0,9.0,10.0,11.0,12.0,13.0,14.0,15.0,0.0,1.0,2.0,3.0,4.0,5.0,6.0,7.0,9.0,8.0,11.0,10.0,13.0,12.0,15.0,14.0,1.0,0.0,3.0,2.0,5.0,4.0,7.0,6.0,10.0,11.0,15.0,13.0,8.0,14.0,12.0,9.0,2.0,3.0,6.0,7.0,1.0,0.0,4.0,5.0,11.0,10.0,13.0,15.0,14.0,8.0,9.0,12.0,3.0,2.0,7.0,6.0,0.0,1.0,5.0,4.0,12.0,13.0,9.0,14.0,15.0,10.0,11.0,8.0,4.0,7.0,1.0,5.0,6.0,2.0,3.0,0.0,13.0,12.0,14.0,9.0,10.0,15.0,8.0,11.0,5.0,6.0,0.0,4.0,7.0,3.0,2.0,1.0,14.0,15.0,8.0,12.0,11.0,9.0,13.0,10.0,6.0,5.0,4.0,0.0,3.0,7.0,1.0,2.0,15.0,14.0,12.0,8.0,9.0,11.0,10.0,13.0,7.0,4.0,5.0,1.0,2.0,6.0,0.0,3.0
306193,65536,3,multi_DTransversal_41_2025-06-08_22_24_49_525268_2,1749421826,5,1,5,583.8692,587.058795,0,1000000000.0,4456448.0,6959104.0,14772.0,3600000000000.0,86400000000000.0,500000000.0,1000000000.0,1749421489,604800,0,0,0,2,GenuineIntel,Intel Xeon Processor (Icelake) [Family 6 Model 106 Stepping 0],1000000000.0,1000000000.0,1000000000.0,Linux Ubuntu,Ubuntu 24.04.2 LTS [6.8.0-59-generic|libc 2.39],2062311424.0,16777216.0,0.0,20105105408.0,16945373184.0,3219456.0,688128.0,18755873832.96,53237188.156481,21103376.896969,0.0,1.0,0.0,0.872446,0,0.0,0.0,1.0,2.0,3.0,4.0,5.0,6.0,7.0,8.0,9.0,10.0,11.0,12.0,13.0,14.0,15.0,1.0,0.0,3.0,2.0,5.0,4.0,7.0,6.0,9.0,8.0,11.0,10.0,13.0,12.0,15.0,14.0,2.0,4.0,1.0,6.0,0.0,7.0,5.0,3.0,10.0,11.0,15.0,14.0,9.0,8.0,13.0,12.0,3.0,5.0,0.0,7.0,1.0,6.0,4.0,2.0,11.0,10.0,14.0,15.0,8.0,9.0,12.0,13.0,4.0,7.0,6.0,0.0,2.0,3.0,1.0,5.0,12.0,15.0,8.0,13.0,14.0,10.0,9.0,11.0,5.0,6.0,7.0,1.0,3.0,2.0,0.0,4.0,13.0,14.0,9.0,12.0,15.0,11.0,8.0,10.0,6.0,2.0,5.0,4.0,7.0,1.0,3.0,0.0,14.0,13.0,12.0,9.0,11.0,15.0,10.0,8.0,7.0,3.0,4.0,5.0,6.0,0.0,2.0,1.0,15.0,12.0,13.0,8.0,10.0,14.0,11.0,9.0,8.0,9.0,10.0,11.0,12.0,13.0,14.0,15.0,0.0,1.0,2.0,3.0,4.0,5.0,6.0,7.0,9.0,8.0,11.0,10.0,13.0,12.0,15.0,14.0,1.0,0.0,3.0,2.0,5.0,4.0,7.0,6.0,10.0,11.0,15.0,13.0,8.0,14.0,12.0,9.0,2.0,3.0,6.0,7.0,1.0,0.0,4.0,5.0,11.0,10.0,13.0,15.0,14.0,8.0,9.0,12.0,3.0,2.0,7.0,6.0,0.0,1.0,5.0,4.0,12.0,13.0,9.0,14.0,15.0,10.0,11.0,8.0,4.0,7.0,1.0,5.0,6.0,2.0,3.0,0.0,13.0,12.0,14.0,9.0,10.0,15.0,8.0,11.0,5.0,6.0,0.0,4.0,7.0,3.0,2.0,1.0,14.0,15.0,8.0,12.0,11.0,9.0,13.0,10.0,6.0,5.0,4.0,0.0,3.0,7.0,1.0,2.0,15.0,14.0,12.0,8.0,9.0,11.0,10.0,13.0,7.0,4.0,5.0,1.0,2.0,6.0,0.0,3.0
306194,65537,3,multi_DTransversal_42_2025-06-08_22_24_49_564284_0,1749421826,5,1,5,607.4067,611.216599,0,1000000000.0,4325376.0,6959104.0,14772.0,3600000000000.0,86400000000000.0,500000000.0,1000000000.0,1749421489,604800,0,0,0,2,GenuineIntel,Intel Xeon Processor (Icelake) [Family 6 Model 106 Stepping 0],1000000000.0,1000000000.0,1000000000.0,Linux Ubuntu,Ubuntu 24.04.2 LTS [6.8.0-59-generic|libc 2.39],2062311424.0,16777216.0,0.0,20105105408.0,16945373184.0,3219456.0,688128.0,18755873832.96,53237188.156481,21103376.896969,0.0,1.0,0.0,0.872446,0,0.0,0.0,1.0,2.0,3.0,4.0,5.0,6.0,7.0,8.0,9.0,10.0,11.0,12.0,13.0,14.0,15.0,1.0,0.0,3.0,2.0,5.0,4.0,7.0,6.0,9.0,8.0,11.0,10.0,13.0,12.0,15.0,14.0,2.0,4.0,6.0,0.0,7.0,1.0,3.0,5.0,10.0,12.0,9.0,14.0,8.0,15.0,13.0,11.0,3.0,5.0,0.0,6.0,1.0,7.0,2.0,4.0,11.0,13.0,8.0,15.0,9.0,14.0,12.0,10.0,4.0,3.0,1.0,7.0,6.0,0.0,5.0,2.0,12.0,15.0,14.0,8.0,10.0,11.0,9.0,13.0,5.0,2.0,7.0,1.0,0.0,6.0,4.0,3.0,13.0,14.0,15.0,9.0,11.0,10.0,8.0,12.0,6.0,7.0,5.0,4.0,2.0,3.0,1.0,0.0,14.0,10.0,13.0,12.0,15.0,9.0,11.0,8.0,7.0,6.0,4.0,5.0,3.0,2.0,0.0,1.0,15.0,11.0,12.0,13.0,14.0,8.0,10.0,9.0,8.0,9.0,10.0,11.0,12.0,13.0,14.0,15.0,0.0,1.0,2.0,3.0,4.0,5.0,6.0,7.0,9.0,8.0,11.0,10.0,13.0,12.0,15.0,14.0,1.0,0.0,3.0,2.0,5.0,4.0,7.0,6.0,10.0,11.0,15.0,14.0,9.0,8.0,13.0,12.0,2.0,3.0,7.0,5.0,0.0,6.0,4.0,1.0,11.0,10.0,14.0,15.0,8.0,9.0,12.0,13.0,3.0,2.0,5.0,7.0,6.0,0.0,1.0,4.0,12.0,15.0,8.0,13.0,14.0,10.0,9.0,11.0,4.0,5.0,1.0,6.0,7.0,2.0,3.0,0.0,13.0,14.0,9.0,12.0,15.0,11.0,8.0,10.0,5.0,4.0,6.0,1.0,2.0,7.0,0.0,3.0,14.0,13.0,12.0,9.0,11.0,15.0,10.0,8.0,6.0,7.0,0.0,4.0,3.0,1.0,5.0,2.0,15.0,12.0,13.0,8.0,10.0,14.0,11.0,9.0,7.0,6.0,4.0,0.0,1.0,3.0,2.0,5.0
306195,65537,5,multi_DTransversal_42_2025-06-08_22_24_49_564284_1,1749421826,5,1,5,535.402,538.761048,0,3469655309.512298,4456448.0,6959104.0,14771.0,3600000000000.0,86400000000000.0,500000000.0,1000000000.0,1749421489,604800,0,0,0,2,GenuineIntel,Intel Xeon Processor (Icelake) [Family 6 Model 106 Stepping 0],3469655309.512298,61153511188.58783,1000000000.0,Linux Ubuntu,Ubuntu 24.04.2 LTS [6.8.0-59-generic|libc 2.39],2062311424.0,16777216.0,0.0,20105105408.0,16922484736.0,3227648.0,688128.0,18743965532.16,62172879.874603,27986277.102115,0.0,1.0,0.0,0.886615,0,0.0,0.0,1.0,2.0,3.0,4.0,5.0,6.0,7.0,8.0,9.0,10.0,11.0,12.0,13.0,14.0,15.0,1.0,0.0,3.0,2.0,5.0,4.0,7.0,6.0,9.0,8.0,11.0,10.0,13.0,12.0,15.0,14.0,2.0,4.0,6.0,0.0,7.0,1.0,3.0,5.0,10.0,12.0,9.0,14.0,8.0,15.0,13.0,11.0,3.0,5.0,0.0,6.0,1.0,7.0,2.0,4.0,11.0,13.0,8.0,15.0,9.0,14.0,12.0,10.0,4.0,3.0,1.0,7.0,6.0,0.0,5.0,2.0,12.0,15.0,14.0,8.0,10.0,11.0,9.0,13.0,5.0,2.0,7.0,1.0,0.0,6.0,4.0,3.0,13.0,14.0,15.0,9.0,11.0,10.0,8.0,12.0,6.0,7.0,5.0,4.0,2.0,3.0,1.0,0.0,14.0,10.0,13.0,12.0,15.0,9.0,11.0,8.0,7.0,6.0,4.0,5.0,3.0,2.0,0.0,1.0,15.0,11.0,12.0,13.0,14.0,8.0,10.0,9.0,8.0,9.0,10.0,11.0,12.0,13.0,14.0,15.0,0.0,1.0,2.0,3.0,4.0,5.0,6.0,7.0,9.0,8.0,11.0,10.0,13.0,12.0,15.0,14.0,1.0,0.0,3.0,2.0,5.0,4.0,7.0,6.0,10.0,11.0,15.0,14.0,9.0,8.0,13.0,12.0,2.0,3.0,7.0,5.0,0.0,6.0,4.0,1.0,11.0,10.0,14.0,15.0,8.0,9.0,12.0,13.0,3.0,2.0,5.0,7.0,6.0,0.0,1.0,4.0,12.0,15.0,8.0,13.0,14.0,10.0,9.0,11.0,4.0,5.0,1.0,6.0,7.0,2.0,3.0,0.0,13.0,14.0,9.0,12.0,15.0,11.0,8.0,10.0,5.0,4.0,6.0,1.0,2.0,7.0,0.0,3.0,14.0,13.0,12.0,9.0,11.0,15.0,10.0,8.0,6.0,7.0,0.0,4.0,3.0,1.0,5.0,2.0,15.0,12.0,13.0,8.0,10.0,14.0,11.0,9.0,7.0,6.0,4.0,0.0,1.0,3.0,2.0,5.0
306196,65537,5,multi_DTransversal_42_2025-06-08_22_24_49_564284_2,1749421826,5,1,5,536.9156,540.789264,0,3469655309.512298,4456448.0,6959104.0,14771.0,3600000000000.0,86400000000000.0,500000000.0,1000000000.0,1749421489,604800,0,0,0,2,GenuineIntel,Intel Xeon Processor (Icelake) [Family 6 Model 106 Stepping 0],3469655309.512298,61153511188.58783,1000000000.0,Linux Ubuntu,Ubuntu 24.04.2 LTS [6.8.0-59-generic|libc 2.39],2062311424.0,16777216.0,0.0,20105105408.0,16922484736.0,3227648.0,688128.0,18743965532.16,62172879.874603,27986277.102115,0.0,1.0,0.0,0.886615,0,0.0,0.0,1.0,2.0,3.0,4.0,5.0,6.0,7.0,8.0,9.0,10.0,11.0,12.0,13.0,14.0,15.0,1.0,0.0,3.0,2.0,5.0,4.0,7.0,6.0,9.0,8.0,11.0,10.0,13.0,12.0,15.0,14.0,2.0,4.0,6.0,0.0,7.0,1.0,3.0,5.0,10.0,12.0,9.0,14.0,8.0,15.0,13.0,11.0,3.0,5.0,0.0,6.0,1.0,7.0,2.0,4.0,11.0,13.0,8.0,15.0,9.0,14.0,12.0,10.0,4.0,3.0,1.0,7.0,6.0,0.0,5.0,2.0,12.0,15.0,14.0,8.0,10.0,11.0,9.0,13.0,5.0,2.0,7.0,1.0,0.0,6.0,4.0,3.0,13.0,14.0,15.0,9.0,11.0,10.0,8.0,12.0,6.0,7.0,5.0,4.0,2.0,3.0,1.0,0.0,14.0,10.0,13.0,12.0,15.0,9.0,11.0,8.0,7.0,6.0,4.0,5.0,3.0,2.0,0.0,1.0,15.0,11.0,12.0,13.0,14.0,8.0,10.0,9.0,8.0,9.0,10.0,11.0,12.0,13.0,14.0,15.0,0.0,1.0,2.0,3.0,4.0,5.0,6.0,7.0,9.0,8.0,11.0,10.0,13.0,12.0,15.0,14.0,1.0,0.0,3.0,2.0,5.0,4.0,7.0,6.0,10.0,11.0,15.0,14.0,9.0,8.0,13.0,12.0,2.0,3.0,7.0,5.0,0.0,6.0,4.0,1.0,11.0,10.0,14.0,15.0,8.0,9.0,12.0,13.0,3.0,2.0,5.0,7.0,6.0,0.0,1.0,4.0,12.0,15.0,8.0,13.0,14.0,10.0,9.0,11.0,4.0,5.0,1.0,6.0,7.0,2.0,3.0,0.0,13.0,14.0,9.0,12.0,15.0,11.0,8.0,10.0,5.0,4.0,6.0,1.0,2.0,7.0,0.0,3.0,14.0,13.0,12.0,9.0,11.0,15.0,10.0,8.0,6.0,7.0,0.0,4.0,3.0,1.0,5.0,2.0,15.0,12.0,13.0,8.0,10.0,14.0,11.0,9.0,7.0,6.0,4.0,0.0,1.0,3.0,2.0,5.0
306197,65538,5,multi_DTransversal_43_2025-06-08_22_24_49_613140_0,1749421826,5,1,5,553.8318,557.870788,0,3469655309.512298,4456448.0,6959104.0,14772.0,3600000000000.0,86400000000000.0,500000000.0,1000000000.0,1749421489,604800,0,0,0,2,GenuineIntel,Intel Xeon Processor (Icelake) [Family 6 Model 106 Stepping 0],3469655309.512298,61153511188.58783,1000000000.0,Linux Ubuntu,Ubuntu 24.04.2 LTS [6.8.0-59-generic|libc 2.39],2062311424.0,16777216.0,0.0,20105105408.0,16922484736.0,3227648.0,688128.0,18743965532.16,62172879.874603,27986277.102115,0.0,1.0,0.0,0.886615,0,0.0,0.0,1.0,2.0,3.0,4.0,5.0,6.0,7.0,8.0,9.0,10.0,11.0,12.0,13.0,14.0,15.0,1.0,0.0,3.0,2.0,5.0,4.0,7.0,6.0,9.0,8.0,11.0,10.0,13.0,12.0,15.0,14.0,2.0,4.0,6.0,7.0,0.0,3.0,1.0,5.0,10.0,12.0,14.0,8.0,15.0,9.0,11.0,13.0,3.0,5.0,7.0,6.0,1.0,2.0,0.0,4.0,11.0,13.0,8.0,14.0,9.0,15.0,10.0,12.0,4.0,6.0,1.0,5.0,7.0,0.0,3.0,2.0,12.0,11.0,9.0,15.0,14.0,8.0,13.0,10.0,5.0,7.0,0.0,4.0,6.0,1.0,2.0,3.0,13.0,10.0,15.0,9.0,8.0,14.0,12.0,11.0,6.0,3.0,5.0,1.0,2.0,7.0,4.0,0.0,14.0,15.0,13.0,12.0,10.0,11.0,9.0,8.0,7.0,2.0,4.0,0.0,3.0,6.0,5.0,1.0,15.0,14.0,12.0,13.0,11.0,10.0,8.0,9.0,8.0,9.0,10.0,11.0,12.0,13.0,14.0,15.0,0.0,1.0,2.0,3.0,4.0,5.0,6.0,7.0,9.0,8.0,11.0,10.0,13.0,12.0,15.0,14.0,1.0,0.0,3.0,2.0,5.0,4.0,7.0,6.0,10.0,12.0,9.0,14.0,8.0,15.0,13.0,11.0,2.0,3.0,7.0,6.0,1.0,0.0,5.0,4.0,11.0,13.0,8.0,15.0,9.0,14.0,12.0,10.0,3.0,2.0,6.0,7.0,0.0,1.0,4.0,5.0,12.0,15.0,14.0,8.0,10.0,11.0,9.0,13.0,4.0,7.0,0.0,5.0,6.0,2.0,1.0,3.0,13.0,14.0,15.0,9.0,11.0,10.0,8.0,12.0,5.0,6.0,1.0,4.0,7.0,3.0,0.0,2.0,14.0,10.0,13.0,12.0,15.0,9.0,11.0,8.0,6.0,5.0,4.0,1.0,3.0,7.0,2.0,0.0,15.0,11.0,12.0,13.0,14.0,8.0,10.0,9.0,7.0,4.0,5.0,0.0,2.0,6.0,3.0,1.0
306198,65538,11,multi_DTransversal_43_2025-06-08_22_24_49_613140_1,1749421826,5,1,5,217.5625,220.671871,0,1000000000.0,10850304.0,6529024.0,6246.0,3600000000000.0,86400000000000.0,500000000.0,1000000000.0,1749421489,604800,0,0,0,8,GenuineIntel,Intel(R) Xeon(R) CPU E5-2695 v2 @ 2.40GHz [Family 6 Model 62 Stepping 4],1000000000.0,1000000000.0,1000000000.0,Microsoft Windows 10,"Enterprise LTSB x64 Edition, (10.00.19044.00)",17171070976.0,262144.0,19721207808.0,47715450880.0,12050235392.0,48026194.0,171008.0,31952040963.26,55829988.834023,31583643.413455,0.0,1.0,0.0,0.931986,0,0.0,0.0,1.0,2.0,3.0,4.0,5.0,6.0,7.0,8.0,9.0,10.0,11.0,12.0,13.0,14.0,15.0,1.0,0.0,3.0,2.0,5.0,4.0,7.0,6.0,9.0,8.0,11.0,10.0,13.0,12.0,15.0,14.0,2.0,4.0,6.0,7.0,0.0,3.0,1.0,5.0,10.0,12.0,14.0,8.0,15.0,9.0,11.0,13.0,3.0,5.0,7.0,6.0,1.0,2.0,0.0,4.0,11.0,13.0,8.0,14.0,9.0,15.0,10.0,12.0,4.0,6.0,1.0,5.0,7.0,0.0,3.0,2.0,12.0,11.0,9.0,15.0,14.0,8.0,13.0,10.0,5.0,7.0,0.0,4.0,6.0,1.0,2.0,3.0,13.0,10.0,15.0,9.0,8.0,14.0,12.0,11.0,6.0,3.0,5.0,1.0,2.0,7.0,4.0,0.0,14.0,15.0,13.0,12.0,10.0,11.0,9.0,8.0,7.0,2.0,4.0,0.0,3.0,6.0,5.0,1.0,15.0,14.0,12.0,13.0,11.0,10.0,8.0,9.0,8.0,9.0,10.0,11.0,12.0,13.0,14.0,15.0,0.0,1.0,2.0,3.0,4.0,5.0,6.0,7.0,9.0,8.0,11.0,10.0,13.0,12.0,15.0,14.0,1.0,0.0,3.0,2.0,5.0,4.0,7.0,6.0,10.0,12.0,9.0,14.0,8.0,15.0,13.0,11.0,2.0,3.0,7.0,6.0,1.0,0.0,5.0,4.0,11.0,13.0,8.0,15.0,9.0,14.0,12.0,10.0,3.0,2.0,6.0,7.0,0.0,1.0,4.0,5.0,12.0,15.0,14.0,8.0,10.0,11.0,9.0,13.0,4.0,7.0,0.0,5.0,6.0,2.0,1.0,3.0,13.0,14.0,15.0,9.0,11.0,10.0,8.0,12.0,5.0,6.0,1.0,4.0,7.0,3.0,0.0,2.0,14.0,10.0,13.0,12.0,15.0,9.0,11.0,8.0,6.0,5.0,4.0,1.0,3.0,7.0,2.0,0.0,15.0,11.0,12.0,13.0,14.0,8.0,10.0,9.0,7.0,4.0,5.0,0.0,2.0,6.0,3.0,1.0
306199,65538,11,multi_DTransversal_43_2025-06-08_22_24_49_613140_2,1749421826,5,1,5,217.875,220.656254,0,1000000000.0,10850304.0,6529024.0,6245.0,3600000000000.0,86400000000000.0,500000000.0,1000000000.0,1749421489,604800,0,0,0,8,GenuineIntel,Intel(R) Xeon(R) CPU E5-2695 v2 @ 2.40GHz [Family 6 Model 62 Stepping 4],1000000000.0,1000000000.0,1000000000.0,Microsoft Windows 10,"Enterprise LTSB x64 Edition, (10.00.19044.00)",17171070976.0,262144.0,19721207808.0,47715450880.0,12050235392.0,48026194.0,171008.0,31952040963.26,55829988.834023,31583643.413455,0.0,1.0,0.0,0.931986,0,0.0,0.0,1.0,2.0,3.0,4.0,5.0,6.0,7.0,8.0,9.0,10.0,11.0,12.0,13.0,14.0,15.0,1.0,0.0,3.0,2.0,5.0,4.0,7.0,6.0,9.0,8.0,11.0,10.0,13.0,12.0,15.0,14.0,2.0,4.0,6.0,7.0,0.0,3.0,1.0,5.0,10.0,12.0,14.0,8.0,15.0,9.0,11.0,13.0,3.0,5.0,7.0,6.0,1.0,2.0,0.0,4.0,11.0,13.0,8.0,14.0,9.0,15.0,10.0,12.0,4.0,6.0,1.0,5.0,7.0,0.0,3.0,2.0,12.0,11.0,9.0,15.0,14.0,8.0,13.0,10.0,5.0,7.0,0.0,4.0,6.0,1.0,2.0,3.0,13.0,10.0,15.0,9.0,8.0,14.0,12.0,11.0,6.0,3.0,5.0,1.0,2.0,7.0,4.0,0.0,14.0,15.0,13.0,12.0,10.0,11.0,9.0,8.0,7.0,2.0,4.0,0.0,3.0,6.0,5.0,1.0,15.0,14.0,12.0,13.0,11.0,10.0,8.0,9.0,8.0,9.0,10.0,11.0,12.0,13.0,14.0,15.0,0.0,1.0,2.0,3.0,4.0,5.0,6.0,7.0,9.0,8.0,11.0,10.0,13.0,12.0,15.0,14.0,1.0,0.0,3.0,2.0,5.0,4.0,7.0,6.0,10.0,12.0,9.0,14.0,8.0,15.0,13.0,11.0,2.0,3.0,7.0,6.0,1.0,0.0,5.0,4.0,11.0,13.0,8.0,15.0,9.0,14.0,12.0,10.0,3.0,2.0,6.0,7.0,0.0,1.0,4.0,5.0,12.0,15.0,14.0,8.0,10.0,11.0,9.0,13.0,4.0,7.0,0.0,5.0,6.0,2.0,1.0,3.0,13.0,14.0,15.0,9.0,11.0,10.0,8.0,12.0,5.0,6.0,1.0,4.0,7.0,3.0,0.0,2.0,14.0,10.0,13.0,12.0,15.0,9.0,11.0,8.0,6.0,5.0,4.0,1.0,3.0,7.0,2.0,0.0,15.0,11.0,12.0,13.0,14.0,8.0,10.0,9.0,7.0,4.0,5.0,0.0,2.0,6.0,3.0,1.0
306200,65539,11,multi_DTransversal_44_2025-06-08_22_24_49_667803_0,1749421826,5,1,5,207.5,209.624989,0,1000000000.0,10854400.0,6529024.0,6246.0,3600000000000.0,86400000000000.0,500000000.0,1000000000.0,1749421489,604800,0,0,0,8,GenuineIntel,Intel(R) Xeon(R) CPU E5-2695 v2 @ 2.40GHz [Family 6 Model 62 Stepping 4],1000000000.0,1000000000.0,1000000000.0,Microsoft Windows 10,"Enterprise LTSB x64 Edition, (10.00.19044.00)",17171070976.0,262144.0,19721207808.0,47715450880.0,12050235392.0,48026194.0,171008.0,31952040963.26,55829988.834023,31583643.413455,0.0,1.0,0.0,0.931986,0,0.0,0.0,1.0,2.0,3.0,4.0,5.0,6.0,7.0,8.0,9.0,10.0,11.0,12.0,13.0,14.0,15.0,1.0,0.0,3.0,2.0,5.0,4.0,7.0,6.0,9.0,8.0,11.0,10.0,13.0,12.0,15.0,14.0,2.0,4.0,6.0,7.0,0.0,3.0,5.0,1.0,10.0,12.0,14.0,15.0,8.0,11.0,9.0,13.0,3.0,5.0,7.0,6.0,1.0,2.0,4.0,0.0,11.0,13.0,15.0,14.0,9.0,10.0,8.0,12.0,4.0,7.0,5.0,1.0,6.0,0.0,2.0,3.0,12.0,14.0,9.0,13.0,15.0,8.0,11.0,10.0,5.0,6.0,4.0,0.0,7.0,1.0,3.0,2.0,13.0,15.0,8.0,12.0,14.0,9.0,10.0,11.0,6.0,2.0,0.0,4.0,3.0,7.0,1.0,5.0,14.0,11.0,13.0,9.0,10.0,15.0,12.0,8.0,7.0,3.0,1.0,5.0,2.0,6.0,0.0,4.0,15.0,10.0,12.0,8.0,11.0,14.0,13.0,9.0,8.0,9.0,10.0,11.0,12.0,13.0,14.0,15.0,0.0,1.0,2.0,3.0,4.0,5.0,6.0,7.0,9.0,8.0,11.0,10.0,13.0,12.0,15.0,14.0,1.0,0.0,3.0,2.0,5.0,4.0,7.0,6.0,10.0,12.0,14.0,8.0,15.0,9.0,11.0,13.0,2.0,4.0,1.0,6.0,0.0,7.0,5.0,3.0,11.0,13.0,8.0,14.0,9.0,15.0,10.0,12.0,3.0,5.0,0.0,7.0,1.0,6.0,4.0,2.0,12.0,11.0,9.0,15.0,14.0,8.0,13.0,10.0,4.0,7.0,6.0,0.0,2.0,3.0,1.0,5.0,13.0,10.0,15.0,9.0,8.0,14.0,12.0,11.0,5.0,6.0,7.0,1.0,3.0,2.0,0.0,4.0,14.0,15.0,13.0,12.0,10.0,11.0,9.0,8.0,6.0,2.0,5.0,4.0,7.0,1.0,3.0,0.0,15.0,14.0,12.0,13.0,11.0,10.0,8.0,9.0,7.0,3.0,4.0,5.0,6.0,0.0,2.0,1.0
306201,65539,11,multi_DTransversal_44_2025-06-08_22_24_49_667803_1,1749421826,5,1,5,208.0,210.499968,0,1000000000.0,10862592.0,6537216.0,6247.0,3600000000000.0,86400000000000.0,500000000.0,1000000000.0,1749421489,604800,0,0,0,8,GenuineIntel,Intel(R) Xeon(R) CPU E5-2695 v2 @ 2.40GHz [Family 6 Model 62 Stepping 4],1000000000.0,1000000000.0,1000000000.0,Microsoft Windows 10,"Enterprise LTSB x64 Edition, (10.00.19044.00)",17171070976.0,262144.0,19721207808.0,47715450880.0,12050235392.0,48026194.0,171008.0,31952040963.26,55829988.834023,31583643.413455,0.0,1.0,0.0,0.931986,0,0.0,0.0,1.0,2.0,3.0,4.0,5.0,6.0,7.0,8.0,9.0,10.0,11.0,12.0,13.0,14.0,15.0,1.0,0.0,3.0,2.0,5.0,4.0,7.0,6.0,9.0,8.0,11.0,10.0,13.0,12.0,15.0,14.0,2.0,4.0,6.0,7.0,0.0,3.0,5.0,1.0,10.0,12.0,14.0,15.0,8.0,11.0,9.0,13.0,3.0,5.0,7.0,6.0,1.0,2.0,4.0,0.0,11.0,13.0,15.0,14.0,9.0,10.0,8.0,12.0,4.0,7.0,5.0,1.0,6.0,0.0,2.0,3.0,12.0,14.0,9.0,13.0,15.0,8.0,11.0,10.0,5.0,6.0,4.0,0.0,7.0,1.0,3.0,2.0,13.0,15.0,8.0,12.0,14.0,9.0,10.0,11.0,6.0,2.0,0.0,4.0,3.0,7.0,1.0,5.0,14.0,11.0,13.0,9.0,10.0,15.0,12.0,8.0,7.0,3.0,1.0,5.0,2.0,6.0,0.0,4.0,15.0,10.0,12.0,8.0,11.0,14.0,13.0,9.0,8.0,9.0,10.0,11.0,12.0,13.0,14.0,15.0,0.0,1.0,2.0,3.0,4.0,5.0,6.0,7.0,9.0,8.0,11.0,10.0,13.0,12.0,15.0,14.0,1.0,0.0,3.0,2.0,5.0,4.0,7.0,6.0,10.0,12.0,14.0,8.0,15.0,9.0,11.0,13.0,2.0,4.0,1.0,6.0,0.0,7.0,5.0,3.0,11.0,13.0,8.0,14.0,9.0,15.0,10.0,12.0,3.0,5.0,0.0,7.0,1.0,6.0,4.0,2.0,12.0,11.0,9.0,15.0,14.0,8.0,13.0,10.0,4.0,7.0,6.0,0.0,2.0,3.0,1.0,5.0,13.0,10.0,15.0,9.0,8.0,14.0,12.0,11.0,5.0,6.0,7.0,1.0,3.0,2.0,0.0,4.0,14.0,15.0,13.0,12.0,10.0,11.0,9.0,8.0,6.0,2.0,5.0,4.0,7.0,1.0,3.0,0.0,15.0,14.0,12.0,13.0,11.0,10.0,8.0,9.0,7.0,3.0,4.0,5.0,6.0,0.0,2.0,1.0
306202,65539,11,multi_DTransversal_44_2025-06-08_22_24_49_667803_2,1749421826,5,1,5,209.3438,211.437502,0,1000000000.0,10858496.0,6529024.0,6247.0,3600000000000.0,86400000000000.0,500000000.0,1000000000.0,1749421489,604800,0,0,0,8,GenuineIntel,Intel(R) Xeon(R) CPU E5-2695 v2 @ 2.40GHz [Family 6 Model 62 Stepping 4],1000000000.0,1000000000.0,1000000000.0,Microsoft Windows 10,"Enterprise LTSB x64 Edition, (10.00.19044.00)",17171070976.0,262144.0,19721207808.0,47715450880.0,12050235392.0,48026194.0,171008.0,31952040963.26,55829988.834023,31583643.413455,0.0,1.0,0.0,0.931986,0,0.0,0.0,1.0,2.0,3.0,4.0,5.0,6.0,7.0,8.0,9.0,10.0,11.0,12.0,13.0,14.0,15.0,1.0,0.0,3.0,2.0,5.0,4.0,7.0,6.0,9.0,8.0,11.0,10.0,13.0,12.0,15.0,14.0,2.0,4.0,6.0,7.0,0.0,3.0,5.0,1.0,10.0,12.0,14.0,15.0,8.0,11.0,9.0,13.0,3.0,5.0,7.0,6.0,1.0,2.0,4.0,0.0,11.0,13.0,15.0,14.0,9.0,10.0,8.0,12.0,4.0,7.0,5.0,1.0,6.0,0.0,2.0,3.0,12.0,14.0,9.0,13.0,15.0,8.0,11.0,10.0,5.0,6.0,4.0,0.0,7.0,1.0,3.0,2.0,13.0,15.0,8.0,12.0,14.0,9.0,10.0,11.0,6.0,2.0,0.0,4.0,3.0,7.0,1.0,5.0,14.0,11.0,13.0,9.0,10.0,15.0,12.0,8.0,7.0,3.0,1.0,5.0,2.0,6.0,0.0,4.0,15.0,10.0,12.0,8.0,11.0,14.0,13.0,9.0,8.0,9.0,10.0,11.0,12.0,13.0,14.0,15.0,0.0,1.0,2.0,3.0,4.0,5.0,6.0,7.0,9.0,8.0,11.0,10.0,13.0,12.0,15.0,14.0,1.0,0.0,3.0,2.0,5.0,4.0,7.0,6.0,10.0,12.0,14.0,8.0,15.0,9.0,11.0,13.0,2.0,4.0,1.0,6.0,0.0,7.0,5.0,3.0,11.0,13.0,8.0,14.0,9.0,15.0,10.0,12.0,3.0,5.0,0.0,7.0,1.0,6.0,4.0,2.0,12.0,11.0,9.0,15.0,14.0,8.0,13.0,10.0,4.0,7.0,6.0,0.0,2.0,3.0,1.0,5.0,13.0,10.0,15.0,9.0,8.0,14.0,12.0,11.0,5.0,6.0,7.0,1.0,3.0,2.0,0.0,4.0,14.0,15.0,13.0,12.0,10.0,11.0,9.0,8.0,6.0,2.0,5.0,4.0,7.0,1.0,3.0,0.0,15.0,14.0,12.0,13.0,11.0,10.0,8.0,9.0,7.0,3.0,4.0,5.0,6.0,0.0,2.0,1.0
306203,65540,5,multi_DTransversal_45_2025-06-08_22_24_49_731462_0,1749421826,5,1,5,528.6443,531.73449,0,3469655309.512298,4456448.0,6959104.0,14772.0,3600000000000.0,86400000000000.0,500000000.0,1000000000.0,1749421489,604800,0,0,0,2,GenuineIntel,Intel Xeon Processor (Icelake) [Family 6 Model 106 Stepping 0],3469655309.512298,61153511188.58783,1000000000.0,Linux Ubuntu,Ubuntu 24.04.2 LTS [6.8.0-59-generic|libc 2.39],2062311424.0,16777216.0,0.0,20105105408.0,16922484736.0,3227648.0,688128.0,18743965532.16,62172879.874603,27986277.102115,0.0,1.0,0.0,0.886615,0,0.0,0.0,1.0,2.0,3.0,4.0,5.0,6.0,7.0,8.0,9.0,10.0,11.0,12.0,13.0,14.0,15.0,1.0,0.0,3.0,2.0,5.0,4.0,7.0,6.0,9.0,8.0,11.0,10.0,13.0,12.0,15.0,14.0,2.0,4.0,6.0,7.0,3.0,1.0,0.0,5.0,10.0,12.0,14.0,15.0,8.0,11.0,13.0,9.0,3.0,5.0,7.0,6.0,2.0,0.0,1.0,4.0,11.0,13.0,15.0,14.0,9.0,10.0,12.0,8.0,4.0,6.0,0.0,5.0,1.0,7.0,3.0,2.0,12.0,15.0,13.0,9.0,14.0,8.0,10.0,11.0,5.0,7.0,1.0,4.0,0.0,6.0,2.0,3.0,13.0,14.0,12.0,8.0,15.0,9.0,11.0,10.0,6.0,3.0,4.0,1.0,7.0,2.0,5.0,0.0,14.0,10.0,8.0,12.0,11.0,15.0,9.0,13.0,7.0,2.0,5.0,0.0,6.0,3.0,4.0,1.0,15.0,11.0,9.0,13.0,10.0,14.0,8.0,12.0,8.0,9.0,10.0,11.0,12.0,13.0,14.0,15.0,0.0,1.0,2.0,3.0,4.0,5.0,6.0,7.0,9.0,8.0,11.0,10.0,13.0,12.0,15.0,14.0,1.0,0.0,3.0,2.0,5.0,4.0,7.0,6.0,10.0,12.0,14.0,15.0,8.0,11.0,9.0,13.0,2.0,4.0,6.0,0.0,7.0,1.0,3.0,5.0,11.0,13.0,15.0,14.0,9.0,10.0,8.0,12.0,3.0,5.0,0.0,6.0,1.0,7.0,2.0,4.0,12.0,14.0,9.0,13.0,15.0,8.0,11.0,10.0,4.0,3.0,1.0,7.0,6.0,0.0,5.0,2.0,13.0,15.0,8.0,12.0,14.0,9.0,10.0,11.0,5.0,2.0,7.0,1.0,0.0,6.0,4.0,3.0,14.0,11.0,13.0,9.0,10.0,15.0,12.0,8.0,6.0,7.0,5.0,4.0,2.0,3.0,1.0,0.0,15.0,10.0,12.0,8.0,11.0,14.0,13.0,9.0,7.0,6.0,4.0,5.0,3.0,2.0,0.0,1.0
306204,65540,5,multi_DTransversal_45_2025-06-08_22_24_49_731462_1,1749421826,5,1,5,528.7499,531.728549,0,3469655309.512298,4456448.0,6959104.0,14772.0,3600000000000.0,86400000000000.0,500000000.0,1000000000.0,1749421489,604800,0,0,0,2,GenuineIntel,Intel Xeon Processor (Icelake) [Family 6 Model 106 Stepping 0],3469655309.512298,61153511188.58783,1000000000.0,Linux Ubuntu,Ubuntu 24.04.2 LTS [6.8.0-59-generic|libc 2.39],2062311424.0,16777216.0,0.0,20105105408.0,16922484736.0,3227648.0,688128.0,18743965532.16,62172879.874603,27986277.102115,0.0,1.0,0.0,0.886615,0,0.0,0.0,1.0,2.0,3.0,4.0,5.0,6.0,7.0,8.0,9.0,10.0,11.0,12.0,13.0,14.0,15.0,1.0,0.0,3.0,2.0,5.0,4.0,7.0,6.0,9.0,8.0,11.0,10.0,13.0,12.0,15.0,14.0,2.0,4.0,6.0,7.0,3.0,1.0,0.0,5.0,10.0,12.0,14.0,15.0,8.0,11.0,13.0,9.0,3.0,5.0,7.0,6.0,2.0,0.0,1.0,4.0,11.0,13.0,15.0,14.0,9.0,10.0,12.0,8.0,4.0,6.0,0.0,5.0,1.0,7.0,3.0,2.0,12.0,15.0,13.0,9.0,14.0,8.0,10.0,11.0,5.0,7.0,1.0,4.0,0.0,6.0,2.0,3.0,13.0,14.0,12.0,8.0,15.0,9.0,11.0,10.0,6.0,3.0,4.0,1.0,7.0,2.0,5.0,0.0,14.0,10.0,8.0,12.0,11.0,15.0,9.0,13.0,7.0,2.0,5.0,0.0,6.0,3.0,4.0,1.0,15.0,11.0,9.0,13.0,10.0,14.0,8.0,12.0,8.0,9.0,10.0,11.0,12.0,13.0,14.0,15.0,0.0,1.0,2.0,3.0,4.0,5.0,6.0,7.0,9.0,8.0,11.0,10.0,13.0,12.0,15.0,14.0,1.0,0.0,3.0,2.0,5.0,4.0,7.0,6.0,10.0,12.0,14.0,15.0,8.0,11.0,9.0,13.0,2.0,4.0,6.0,0.0,7.0,1.0,3.0,5.0,11.0,13.0,15.0,14.0,9.0,10.0,8.0,12.0,3.0,5.0,0.0,6.0,1.0,7.0,2.0,4.0,12.0,14.0,9.0,13.0,15.0,8.0,11.0,10.0,4.0,3.0,1.0,7.0,6.0,0.0,5.0,2.0,13.0,15.0,8.0,12.0,14.0,9.0,10.0,11.0,5.0,2.0,7.0,1.0,0.0,6.0,4.0,3.0,14.0,11.0,13.0,9.0,10.0,15.0,12.0,8.0,6.0,7.0,5.0,4.0,2.0,3.0,1.0,0.0,15.0,10.0,12.0,8.0,11.0,14.0,13.0,9.0,7.0,6.0,4.0,5.0,3.0,2.0,0.0,1.0
306205,65540,5,multi_DTransversal_45_2025-06-08_22_24_49_731462_2,1749421826,5,1,5,536.3287,539.858189,0,3469655309.512298,4325376.0,6959104.0,14772.0,3600000000000.0,86400000000000.0,500000000.0,1000000000.0,1749421489,604800,0,0,0,2,GenuineIntel,Intel Xeon Processor (Icelake) [Family 6 Model 106 Stepping 0],3469655309.512298,61153511188.58783,1000000000.0,Linux Ubuntu,Ubuntu 24.04.2 LTS [6.8.0-59-generic|libc 2.39],2062311424.0,16777216.0,0.0,20105105408.0,16922484736.0,3227648.0,688128.0,18743965532.16,62172879.874603,27986277.102115,0.0,1.0,0.0,0.886615,0,0.0,0.0,1.0,2.0,3.0,4.0,5.0,6.0,7.0,8.0,9.0,10.0,11.0,12.0,13.0,14.0,15.0,1.0,0.0,3.0,2.0,5.0,4.0,7.0,6.0,9.0,8.0,11.0,10.0,13.0,12.0,15.0,14.0,2.0,4.0,6.0,7.0,3.0,1.0,0.0,5.0,10.0,12.0,14.0,15.0,8.0,11.0,13.0,9.0,3.0,5.0,7.0,6.0,2.0,0.0,1.0,4.0,11.0,13.0,15.0,14.0,9.0,10.0,12.0,8.0,4.0,6.0,0.0,5.0,1.0,7.0,3.0,2.0,12.0,15.0,13.0,9.0,14.0,8.0,10.0,11.0,5.0,7.0,1.0,4.0,0.0,6.0,2.0,3.0,13.0,14.0,12.0,8.0,15.0,9.0,11.0,10.0,6.0,3.0,4.0,1.0,7.0,2.0,5.0,0.0,14.0,10.0,8.0,12.0,11.0,15.0,9.0,13.0,7.0,2.0,5.0,0.0,6.0,3.0,4.0,1.0,15.0,11.0,9.0,13.0,10.0,14.0,8.0,12.0,8.0,9.0,10.0,11.0,12.0,13.0,14.0,15.0,0.0,1.0,2.0,3.0,4.0,5.0,6.0,7.0,9.0,8.0,11.0,10.0,13.0,12.0,15.0,14.0,1.0,0.0,3.0,2.0,5.0,4.0,7.0,6.0,10.0,12.0,14.0,15.0,8.0,11.0,9.0,13.0,2.0,4.0,6.0,0.0,7.0,1.0,3.0,5.0,11.0,13.0,15.0,14.0,9.0,10.0,8.0,12.0,3.0,5.0,0.0,6.0,1.0,7.0,2.0,4.0,12.0,14.0,9.0,13.0,15.0,8.0,11.0,10.0,4.0,3.0,1.0,7.0,6.0,0.0,5.0,2.0,13.0,15.0,8.0,12.0,14.0,9.0,10.0,11.0,5.0,2.0,7.0,1.0,0.0,6.0,4.0,3.0,14.0,11.0,13.0,9.0,10.0,15.0,12.0,8.0,6.0,7.0,5.0,4.0,2.0,3.0,1.0,0.0,15.0,10.0,12.0,8.0,11.0,14.0,13.0,9.0,7.0,6.0,4.0,5.0,3.0,2.0,0.0,1.0
306206,65541,5,multi_DTransversal_46_2025-06-08_22_24_49_789103_0,1749421826,5,1,5,528.0246,531.766728,0,3469655309.512298,4456448.0,6959104.0,14771.0,3600000000000.0,86400000000000.0,500000000.0,1000000000.0,1749421489,604800,0,0,0,2,GenuineIntel,Intel Xeon Processor (Icelake) [Family 6 Model 106 Stepping 0],3469655309.512298,61153511188.58783,1000000000.0,Linux Ubuntu,Ubuntu 24.04.2 LTS [6.8.0-59-generic|libc 2.39],2062311424.0,16777216.0,0.0,20105105408.0,16922484736.0,3227648.0,688128.0,18743965532.16,62172879.874603,27986277.102115,0.0,1.0,0.0,0.886615,0,0.0,0.0,1.0,2.0,3.0,4.0,5.0,6.0,7.0,8.0,9.0,10.0,11.0,12.0,13.0,14.0,15.0,1.0,0.0,3.0,2.0,5.0,4.0,7.0,6.0,9.0,8.0,11.0,10.0,13.0,12.0,15.0,14.0,2.0,4.0,6.0,7.0,3.0,1.0,5.0,0.0,10.0,12.0,14.0,15.0,11.0,9.0,8.0,13.0,3.0,5.0,7.0,6.0,2.0,0.0,4.0,1.0,11.0,13.0,15.0,14.0,10.0,8.0,9.0,12.0,4.0,7.0,5.0,0.0,1.0,6.0,2.0,3.0,12.0,14.0,8.0,13.0,9.0,15.0,11.0,10.0,5.0,6.0,4.0,1.0,0.0,7.0,3.0,2.0,13.0,15.0,9.0,12.0,8.0,14.0,10.0,11.0,6.0,2.0,0.0,5.0,7.0,3.0,1.0,4.0,14.0,11.0,12.0,9.0,15.0,10.0,13.0,8.0,7.0,3.0,1.0,4.0,6.0,2.0,0.0,5.0,15.0,10.0,13.0,8.0,14.0,11.0,12.0,9.0,8.0,9.0,10.0,11.0,12.0,13.0,14.0,15.0,0.0,1.0,2.0,3.0,4.0,5.0,6.0,7.0,9.0,8.0,11.0,10.0,13.0,12.0,15.0,14.0,1.0,0.0,3.0,2.0,5.0,4.0,7.0,6.0,10.0,12.0,14.0,15.0,8.0,11.0,13.0,9.0,2.0,4.0,6.0,7.0,0.0,3.0,1.0,5.0,11.0,13.0,15.0,14.0,9.0,10.0,12.0,8.0,3.0,5.0,7.0,6.0,1.0,2.0,0.0,4.0,12.0,15.0,13.0,9.0,14.0,8.0,10.0,11.0,4.0,6.0,1.0,5.0,7.0,0.0,3.0,2.0,13.0,14.0,12.0,8.0,15.0,9.0,11.0,10.0,5.0,7.0,0.0,4.0,6.0,1.0,2.0,3.0,14.0,10.0,8.0,12.0,11.0,15.0,9.0,13.0,6.0,3.0,5.0,1.0,2.0,7.0,4.0,0.0,15.0,11.0,9.0,13.0,10.0,14.0,8.0,12.0,7.0,2.0,4.0,0.0,3.0,6.0,5.0,1.0
306207,65541,4,multi_DTransversal_46_2025-06-08_22_24_49_789103_1,1749421826,5,1,5,496.8723,500.705757,0,1000000000.0,4456448.0,6959104.0,14815.0,3600000000000.0,86400000000000.0,500000000.0,1000000000.0,1749421489,604800,0,0,0,4,GenuineIntel,Intel Xeon Processor (Icelake) [Family 6 Model 106 Stepping 0],1000000000.0,1000000000.0,1000000000.0,Linux Ubuntu,Ubuntu 24.04.2 LTS [6.8.0-59-generic|libc 2.39],4104482816.0,16777216.0,0.0,20105105408.0,16942882816.0,4018176.0,688128.0,18764867010.56,52142024.776358,15986171.424867,0.0,1.0,0.0,0.841352,0,0.0,0.0,1.0,2.0,3.0,4.0,5.0,6.0,7.0,8.0,9.0,10.0,11.0,12.0,13.0,14.0,15.0,1.0,0.0,3.0,2.0,5.0,4.0,7.0,6.0,9.0,8.0,11.0,10.0,13.0,12.0,15.0,14.0,2.0,4.0,6.0,7.0,3.0,1.0,5.0,0.0,10.0,12.0,14.0,15.0,11.0,9.0,8.0,13.0,3.0,5.0,7.0,6.0,2.0,0.0,4.0,1.0,11.0,13.0,15.0,14.0,10.0,8.0,9.0,12.0,4.0,7.0,5.0,0.0,1.0,6.0,2.0,3.0,12.0,14.0,8.0,13.0,9.0,15.0,11.0,10.0,5.0,6.0,4.0,1.0,0.0,7.0,3.0,2.0,13.0,15.0,9.0,12.0,8.0,14.0,10.0,11.0,6.0,2.0,0.0,5.0,7.0,3.0,1.0,4.0,14.0,11.0,12.0,9.0,15.0,10.0,13.0,8.0,7.0,3.0,1.0,4.0,6.0,2.0,0.0,5.0,15.0,10.0,13.0,8.0,14.0,11.0,12.0,9.0,8.0,9.0,10.0,11.0,12.0,13.0,14.0,15.0,0.0,1.0,2.0,3.0,4.0,5.0,6.0,7.0,9.0,8.0,11.0,10.0,13.0,12.0,15.0,14.0,1.0,0.0,3.0,2.0,5.0,4.0,7.0,6.0,10.0,12.0,14.0,15.0,8.0,11.0,13.0,9.0,2.0,4.0,6.0,7.0,0.0,3.0,1.0,5.0,11.0,13.0,15.0,14.0,9.0,10.0,12.0,8.0,3.0,5.0,7.0,6.0,1.0,2.0,0.0,4.0,12.0,15.0,13.0,9.0,14.0,8.0,10.0,11.0,4.0,6.0,1.0,5.0,7.0,0.0,3.0,2.0,13.0,14.0,12.0,8.0,15.0,9.0,11.0,10.0,5.0,7.0,0.0,4.0,6.0,1.0,2.0,3.0,14.0,10.0,8.0,12.0,11.0,15.0,9.0,13.0,6.0,3.0,5.0,1.0,2.0,7.0,4.0,0.0,15.0,11.0,9.0,13.0,10.0,14.0,8.0,12.0,7.0,2.0,4.0,0.0,3.0,6.0,5.0,1.0
306208,65541,10,multi_DTransversal_46_2025-06-08_22_24_49_789103_2,1749421826,5,1,5,495.2064,498.559114,0,1000000000.0,4456448.0,6959104.0,14780.0,3600000000000.0,86400000000000.0,500000000.0,1000000000.0,1749421489,604800,0,0,0,2,GenuineIntel,Intel Xeon Processor (Icelake) [Family 6 Model 106 Stepping 0],1000000000.0,1000000000.0,1000000000.0,Linux Ubuntu,Ubuntu 24.04.2 LTS [6.8.0-59-generic|libc 2.39],1006919680.0,16777216.0,0.0,20105105408.0,16889634816.0,2990080.0,688128.0,18595474472.96,58063412.844922,29429754.907709,0.0,1.0,0.0,0.874458,0,0.0,0.0,1.0,2.0,3.0,4.0,5.0,6.0,7.0,8.0,9.0,10.0,11.0,12.0,13.0,14.0,15.0,1.0,0.0,3.0,2.0,5.0,4.0,7.0,6.0,9.0,8.0,11.0,10.0,13.0,12.0,15.0,14.0,2.0,4.0,6.0,7.0,3.0,1.0,5.0,0.0,10.0,12.0,14.0,15.0,11.0,9.0,8.0,13.0,3.0,5.0,7.0,6.0,2.0,0.0,4.0,1.0,11.0,13.0,15.0,14.0,10.0,8.0,9.0,12.0,4.0,7.0,5.0,0.0,1.0,6.0,2.0,3.0,12.0,14.0,8.0,13.0,9.0,15.0,11.0,10.0,5.0,6.0,4.0,1.0,0.0,7.0,3.0,2.0,13.0,15.0,9.0,12.0,8.0,14.0,10.0,11.0,6.0,2.0,0.0,5.0,7.0,3.0,1.0,4.0,14.0,11.0,12.0,9.0,15.0,10.0,13.0,8.0,7.0,3.0,1.0,4.0,6.0,2.0,0.0,5.0,15.0,10.0,13.0,8.0,14.0,11.0,12.0,9.0,8.0,9.0,10.0,11.0,12.0,13.0,14.0,15.0,0.0,1.0,2.0,3.0,4.0,5.0,6.0,7.0,9.0,8.0,11.0,10.0,13.0,12.0,15.0,14.0,1.0,0.0,3.0,2.0,5.0,4.0,7.0,6.0,10.0,12.0,14.0,15.0,8.0,11.0,13.0,9.0,2.0,4.0,6.0,7.0,0.0,3.0,1.0,5.0,11.0,13.0,15.0,14.0,9.0,10.0,12.0,8.0,3.0,5.0,7.0,6.0,1.0,2.0,0.0,4.0,12.0,15.0,13.0,9.0,14.0,8.0,10.0,11.0,4.0,6.0,1.0,5.0,7.0,0.0,3.0,2.0,13.0,14.0,12.0,8.0,15.0,9.0,11.0,10.0,5.0,7.0,0.0,4.0,6.0,1.0,2.0,3.0,14.0,10.0,8.0,12.0,11.0,15.0,9.0,13.0,6.0,3.0,5.0,1.0,2.0,7.0,4.0,0.0,15.0,11.0,9.0,13.0,10.0,14.0,8.0,12.0,7.0,2.0,4.0,0.0,3.0,6.0,5.0,1.0
306209,65542,10,multi_DTransversal_47_2025-06-08_22_24_49_919181_0,1749421826,5,1,5,496.0984,499.609767,0,1000000000.0,4456448.0,6959104.0,14780.0,3600000000000.0,86400000000000.0,500000000.0,1000000000.0,1749421489,604800,0,0,0,2,GenuineIntel,Intel Xeon Processor (Icelake) [Family 6 Model 106 Stepping 0],1000000000.0,1000000000.0,1000000000.0,Linux Ubuntu,Ubuntu 24.04.2 LTS [6.8.0-59-generic|libc 2.39],1006919680.0,16777216.0,0.0,20105105408.0,16889634816.0,2990080.0,688128.0,18595474472.96,58063412.844922,29429754.907709,0.0,1.0,0.0,0.874458,0,0.0,0.0,1.0,2.0,3.0,4.0,5.0,6.0,7.0,8.0,9.0,10.0,11.0,12.0,13.0,14.0,15.0,1.0,0.0,3.0,2.0,5.0,4.0,7.0,6.0,9.0,8.0,11.0,10.0,13.0,12.0,15.0,14.0,2.0,4.0,7.0,6.0,0.0,3.0,1.0,5.0,10.0,12.0,14.0,15.0,11.0,9.0,13.0,8.0,3.0,5.0,6.0,7.0,1.0,2.0,0.0,4.0,11.0,13.0,15.0,14.0,10.0,8.0,12.0,9.0,4.0,7.0,1.0,5.0,6.0,0.0,3.0,2.0,12.0,15.0,13.0,8.0,9.0,14.0,10.0,11.0,5.0,6.0,0.0,4.0,7.0,1.0,2.0,3.0,13.0,14.0,12.0,9.0,8.0,15.0,11.0,10.0,6.0,3.0,5.0,1.0,2.0,7.0,4.0,0.0,14.0,10.0,8.0,13.0,15.0,11.0,9.0,12.0,7.0,2.0,4.0,0.0,3.0,6.0,5.0,1.0,15.0,11.0,9.0,12.0,14.0,10.0,8.0,13.0,8.0,9.0,10.0,11.0,12.0,13.0,14.0,15.0,0.0,1.0,2.0,3.0,4.0,5.0,6.0,7.0,9.0,8.0,11.0,10.0,13.0,12.0,15.0,14.0,1.0,0.0,3.0,2.0,5.0,4.0,7.0,6.0,10.0,12.0,14.0,15.0,11.0,9.0,8.0,13.0,2.0,4.0,6.0,7.0,0.0,3.0,5.0,1.0,11.0,13.0,15.0,14.0,10.0,8.0,9.0,12.0,3.0,5.0,7.0,6.0,1.0,2.0,4.0,0.0,12.0,14.0,8.0,13.0,9.0,15.0,11.0,10.0,4.0,7.0,5.0,1.0,6.0,0.0,2.0,3.0,13.0,15.0,9.0,12.0,8.0,14.0,10.0,11.0,5.0,6.0,4.0,0.0,7.0,1.0,3.0,2.0,14.0,11.0,12.0,9.0,15.0,10.0,13.0,8.0,6.0,2.0,0.0,4.0,3.0,7.0,1.0,5.0,15.0,10.0,13.0,8.0,14.0,11.0,12.0,9.0,7.0,3.0,1.0,5.0,2.0,6.0,0.0,4.0
306210,65542,7,multi_DTransversal_47_2025-06-08_22_24_49_919181_1,1749421826,5,1,5,539.6106,542.848959,0,1000000000.0,4456448.0,6959104.0,14772.0,3600000000000.0,86400000000000.0,500000000.0,1000000000.0,1749421489,604800,0,0,0,2,GenuineIntel,Intel Xeon Processor (Icelake) [Family 6 Model 106 Stepping 0],1000000000.0,1000000000.0,1000000000.0,Linux Ubuntu,Ubuntu 24.04.2 LTS [6.8.0-59-generic|libc 2.39],1006923776.0,16777216.0,0.0,20105105408.0,16966135808.0,3182592.0,688128.0,18792905359.36,49682873.433256,29201129.209936,0.0,1.0,0.0,0.844088,0,0.0,0.0,1.0,2.0,3.0,4.0,5.0,6.0,7.0,8.0,9.0,10.0,11.0,12.0,13.0,14.0,15.0,1.0,0.0,3.0,2.0,5.0,4.0,7.0,6.0,9.0,8.0,11.0,10.0,13.0,12.0,15.0,14.0,2.0,4.0,7.0,6.0,0.0,3.0,1.0,5.0,10.0,12.0,14.0,15.0,11.0,9.0,13.0,8.0,3.0,5.0,6.0,7.0,1.0,2.0,0.0,4.0,11.0,13.0,15.0,14.0,10.0,8.0,12.0,9.0,4.0,7.0,1.0,5.0,6.0,0.0,3.0,2.0,12.0,15.0,13.0,8.0,9.0,14.0,10.0,11.0,5.0,6.0,0.0,4.0,7.0,1.0,2.0,3.0,13.0,14.0,12.0,9.0,8.0,15.0,11.0,10.0,6.0,3.0,5.0,1.0,2.0,7.0,4.0,0.0,14.0,10.0,8.0,13.0,15.0,11.0,9.0,12.0,7.0,2.0,4.0,0.0,3.0,6.0,5.0,1.0,15.0,11.0,9.0,12.0,14.0,10.0,8.0,13.0,8.0,9.0,10.0,11.0,12.0,13.0,14.0,15.0,0.0,1.0,2.0,3.0,4.0,5.0,6.0,7.0,9.0,8.0,11.0,10.0,13.0,12.0,15.0,14.0,1.0,0.0,3.0,2.0,5.0,4.0,7.0,6.0,10.0,12.0,14.0,15.0,11.0,9.0,8.0,13.0,2.0,4.0,6.0,7.0,0.0,3.0,5.0,1.0,11.0,13.0,15.0,14.0,10.0,8.0,9.0,12.0,3.0,5.0,7.0,6.0,1.0,2.0,4.0,0.0,12.0,14.0,8.0,13.0,9.0,15.0,11.0,10.0,4.0,7.0,5.0,1.0,6.0,0.0,2.0,3.0,13.0,15.0,9.0,12.0,8.0,14.0,10.0,11.0,5.0,6.0,4.0,0.0,7.0,1.0,3.0,2.0,14.0,11.0,12.0,9.0,15.0,10.0,13.0,8.0,6.0,2.0,0.0,4.0,3.0,7.0,1.0,5.0,15.0,10.0,13.0,8.0,14.0,11.0,12.0,9.0,7.0,3.0,1.0,5.0,2.0,6.0,0.0,4.0
306211,65542,7,multi_DTransversal_47_2025-06-08_22_24_49_919181_2,1749421826,5,1,5,538.875,542.828733,0,1000000000.0,4456448.0,6959104.0,14773.0,3600000000000.0,86400000000000.0,500000000.0,1000000000.0,1749421489,604800,0,0,0,2,GenuineIntel,Intel Xeon Processor (Icelake) [Family 6 Model 106 Stepping 0],1000000000.0,1000000000.0,1000000000.0,Linux Ubuntu,Ubuntu 24.04.2 LTS [6.8.0-59-generic|libc 2.39],1006923776.0,16777216.0,0.0,20105105408.0,16966135808.0,3182592.0,688128.0,18792905359.36,49682873.433256,29201129.209936,0.0,1.0,0.0,0.844088,0,0.0,0.0,1.0,2.0,3.0,4.0,5.0,6.0,7.0,8.0,9.0,10.0,11.0,12.0,13.0,14.0,15.0,1.0,0.0,3.0,2.0,5.0,4.0,7.0,6.0,9.0,8.0,11.0,10.0,13.0,12.0,15.0,14.0,2.0,4.0,7.0,6.0,0.0,3.0,1.0,5.0,10.0,12.0,14.0,15.0,11.0,9.0,13.0,8.0,3.0,5.0,6.0,7.0,1.0,2.0,0.0,4.0,11.0,13.0,15.0,14.0,10.0,8.0,12.0,9.0,4.0,7.0,1.0,5.0,6.0,0.0,3.0,2.0,12.0,15.0,13.0,8.0,9.0,14.0,10.0,11.0,5.0,6.0,0.0,4.0,7.0,1.0,2.0,3.0,13.0,14.0,12.0,9.0,8.0,15.0,11.0,10.0,6.0,3.0,5.0,1.0,2.0,7.0,4.0,0.0,14.0,10.0,8.0,13.0,15.0,11.0,9.0,12.0,7.0,2.0,4.0,0.0,3.0,6.0,5.0,1.0,15.0,11.0,9.0,12.0,14.0,10.0,8.0,13.0,8.0,9.0,10.0,11.0,12.0,13.0,14.0,15.0,0.0,1.0,2.0,3.0,4.0,5.0,6.0,7.0,9.0,8.0,11.0,10.0,13.0,12.0,15.0,14.0,1.0,0.0,3.0,2.0,5.0,4.0,7.0,6.0,10.0,12.0,14.0,15.0,11.0,9.0,8.0,13.0,2.0,4.0,6.0,7.0,0.0,3.0,5.0,1.0,11.0,13.0,15.0,14.0,10.0,8.0,9.0,12.0,3.0,5.0,7.0,6.0,1.0,2.0,4.0,0.0,12.0,14.0,8.0,13.0,9.0,15.0,11.0,10.0,4.0,7.0,5.0,1.0,6.0,0.0,2.0,3.0,13.0,15.0,9.0,12.0,8.0,14.0,10.0,11.0,5.0,6.0,4.0,0.0,7.0,1.0,3.0,2.0,14.0,11.0,12.0,9.0,15.0,10.0,13.0,8.0,6.0,2.0,0.0,4.0,3.0,7.0,1.0,5.0,15.0,10.0,13.0,8.0,14.0,11.0,12.0,9.0,7.0,3.0,1.0,5.0,2.0,6.0,0.0,4.0
306212,65543,7,multi_DTransversal_48_2025-06-08_22_24_49_972097_0,1749421826,5,1,5,538.7698,542.809015,0,1000000000.0,4456448.0,6959104.0,14772.0,3600000000000.0,86400000000000.0,500000000.0,1000000000.0,1749421489,604800,0,0,0,2,GenuineIntel,Intel Xeon Processor (Icelake) [Family 6 Model 106 Stepping 0],1000000000.0,1000000000.0,1000000000.0,Linux Ubuntu,Ubuntu 24.04.2 LTS [6.8.0-59-generic|libc 2.39],1006923776.0,16777216.0,0.0,20105105408.0,16966135808.0,3182592.0,688128.0,18792905359.36,49682873.433256,29201129.209936,0.0,1.0,0.0,0.844088,0,0.0,0.0,1.0,2.0,3.0,4.0,5.0,6.0,7.0,8.0,9.0,10.0,11.0,12.0,13.0,14.0,15.0,1.0,0.0,3.0,2.0,5.0,4.0,7.0,6.0,9.0,8.0,11.0,10.0,13.0,12.0,15.0,14.0,2.0,4.0,7.0,6.0,0.0,3.0,5.0,1.0,10.0,12.0,15.0,14.0,8.0,11.0,9.0,13.0,3.0,5.0,6.0,7.0,1.0,2.0,4.0,0.0,11.0,13.0,14.0,15.0,9.0,10.0,8.0,12.0,4.0,6.0,5.0,1.0,7.0,0.0,2.0,3.0,12.0,15.0,9.0,13.0,14.0,8.0,11.0,10.0,5.0,7.0,4.0,0.0,6.0,1.0,3.0,2.0,13.0,14.0,8.0,12.0,15.0,9.0,10.0,11.0,6.0,2.0,0.0,4.0,3.0,7.0,1.0,5.0,14.0,11.0,13.0,9.0,10.0,15.0,12.0,8.0,7.0,3.0,1.0,5.0,2.0,6.0,0.0,4.0,15.0,10.0,12.0,8.0,11.0,14.0,13.0,9.0,8.0,9.0,10.0,11.0,12.0,13.0,14.0,15.0,0.0,1.0,2.0,3.0,4.0,5.0,6.0,7.0,9.0,8.0,11.0,10.0,13.0,12.0,15.0,14.0,1.0,0.0,3.0,2.0,5.0,4.0,7.0,6.0,10.0,12.0,14.0,15.0,11.0,9.0,13.0,8.0,2.0,4.0,6.0,7.0,3.0,1.0,0.0,5.0,11.0,13.0,15.0,14.0,10.0,8.0,12.0,9.0,3.0,5.0,7.0,6.0,2.0,0.0,1.0,4.0,12.0,15.0,13.0,8.0,9.0,14.0,10.0,11.0,4.0,6.0,0.0,5.0,1.0,7.0,3.0,2.0,13.0,14.0,12.0,9.0,8.0,15.0,11.0,10.0,5.0,7.0,1.0,4.0,0.0,6.0,2.0,3.0,14.0,10.0,8.0,13.0,15.0,11.0,9.0,12.0,6.0,3.0,4.0,1.0,7.0,2.0,5.0,0.0,15.0,11.0,9.0,12.0,14.0,10.0,8.0,13.0,7.0,2.0,5.0,0.0,6.0,3.0,4.0,1.0
306213,65543,15,multi_DTransversal_48_2025-06-08_22_24_49_972097_1,1749421826,5,1,5,186.625,188.406076,0,1000000000.0,10813440.0,6529024.0,6241.0,3600000000000.0,86400000000000.0,500000000.0,1000000000.0,1749421489,604800,0,0,0,8,GenuineIntel,Intel(R) Xeon(R) CPU E5-2630 v3 @ 2.40GHz [Family 6 Model 63 Stepping 2],1000000000.0,1000000000.0,1000000000.0,Microsoft Windows 10,"Enterprise LTSB x64 Edition, (10.00.19044.00)",17171070976.0,262144.0,19721207808.0,47715450880.0,12169773056.0,41069893.0,0.0,14931112898.46,74228947.62302,14098642.125756,0.0,1.0,0.0,0.923155,0,0.0,0.0,1.0,2.0,3.0,4.0,5.0,6.0,7.0,8.0,9.0,10.0,11.0,12.0,13.0,14.0,15.0,1.0,0.0,3.0,2.0,5.0,4.0,7.0,6.0,9.0,8.0,11.0,10.0,13.0,12.0,15.0,14.0,2.0,4.0,7.0,6.0,0.0,3.0,5.0,1.0,10.0,12.0,15.0,14.0,8.0,11.0,9.0,13.0,3.0,5.0,6.0,7.0,1.0,2.0,4.0,0.0,11.0,13.0,14.0,15.0,9.0,10.0,8.0,12.0,4.0,6.0,5.0,1.0,7.0,0.0,2.0,3.0,12.0,15.0,9.0,13.0,14.0,8.0,11.0,10.0,5.0,7.0,4.0,0.0,6.0,1.0,3.0,2.0,13.0,14.0,8.0,12.0,15.0,9.0,10.0,11.0,6.0,2.0,0.0,4.0,3.0,7.0,1.0,5.0,14.0,11.0,13.0,9.0,10.0,15.0,12.0,8.0,7.0,3.0,1.0,5.0,2.0,6.0,0.0,4.0,15.0,10.0,12.0,8.0,11.0,14.0,13.0,9.0,8.0,9.0,10.0,11.0,12.0,13.0,14.0,15.0,0.0,1.0,2.0,3.0,4.0,5.0,6.0,7.0,9.0,8.0,11.0,10.0,13.0,12.0,15.0,14.0,1.0,0.0,3.0,2.0,5.0,4.0,7.0,6.0,10.0,12.0,14.0,15.0,11.0,9.0,13.0,8.0,2.0,4.0,6.0,7.0,3.0,1.0,0.0,5.0,11.0,13.0,15.0,14.0,10.0,8.0,12.0,9.0,3.0,5.0,7.0,6.0,2.0,0.0,1.0,4.0,12.0,15.0,13.0,8.0,9.0,14.0,10.0,11.0,4.0,6.0,0.0,5.0,1.0,7.0,3.0,2.0,13.0,14.0,12.0,9.0,8.0,15.0,11.0,10.0,5.0,7.0,1.0,4.0,0.0,6.0,2.0,3.0,14.0,10.0,8.0,13.0,15.0,11.0,9.0,12.0,6.0,3.0,4.0,1.0,7.0,2.0,5.0,0.0,15.0,11.0,9.0,12.0,14.0,10.0,8.0,13.0,7.0,2.0,5.0,0.0,6.0,3.0,4.0,1.0
306214,65543,12,multi_DTransversal_48_2025-06-08_22_24_49_972097_2,1749421826,5,1,5,206.2031,208.890635,0,1000000000.0,11055104.0,6520832.0,6244.0,3600000000000.0,86400000000000.0,500000000.0,1000000000.0,1749421489,604800,0,0,0,8,GenuineIntel,Intel(R) Xeon(R) CPU E5-2695 v2 @ 2.40GHz [Family 6 Model 62 Stepping 4],1000000000.0,1000000000.0,1000000000.0,Microsoft Windows 10,"Enterprise LTSB x64 Edition, (10.00.19044.00)",25761005568.0,262144.0,29519101952.0,47715450880.0,9854517248.0,50332470.0,0.0,13190576267.66,47277768.885526,29243555.256756,0.0,1.0,0.0,0.926923,0,0.0,0.0,1.0,2.0,3.0,4.0,5.0,6.0,7.0,8.0,9.0,10.0,11.0,12.0,13.0,14.0,15.0,1.0,0.0,3.0,2.0,5.0,4.0,7.0,6.0,9.0,8.0,11.0,10.0,13.0,12.0,15.0,14.0,2.0,4.0,7.0,6.0,0.0,3.0,5.0,1.0,10.0,12.0,15.0,14.0,8.0,11.0,9.0,13.0,3.0,5.0,6.0,7.0,1.0,2.0,4.0,0.0,11.0,13.0,14.0,15.0,9.0,10.0,8.0,12.0,4.0,6.0,5.0,1.0,7.0,0.0,2.0,3.0,12.0,15.0,9.0,13.0,14.0,8.0,11.0,10.0,5.0,7.0,4.0,0.0,6.0,1.0,3.0,2.0,13.0,14.0,8.0,12.0,15.0,9.0,10.0,11.0,6.0,2.0,0.0,4.0,3.0,7.0,1.0,5.0,14.0,11.0,13.0,9.0,10.0,15.0,12.0,8.0,7.0,3.0,1.0,5.0,2.0,6.0,0.0,4.0,15.0,10.0,12.0,8.0,11.0,14.0,13.0,9.0,8.0,9.0,10.0,11.0,12.0,13.0,14.0,15.0,0.0,1.0,2.0,3.0,4.0,5.0,6.0,7.0,9.0,8.0,11.0,10.0,13.0,12.0,15.0,14.0,1.0,0.0,3.0,2.0,5.0,4.0,7.0,6.0,10.0,12.0,14.0,15.0,11.0,9.0,13.0,8.0,2.0,4.0,6.0,7.0,3.0,1.0,0.0,5.0,11.0,13.0,15.0,14.0,10.0,8.0,12.0,9.0,3.0,5.0,7.0,6.0,2.0,0.0,1.0,4.0,12.0,15.0,13.0,8.0,9.0,14.0,10.0,11.0,4.0,6.0,0.0,5.0,1.0,7.0,3.0,2.0,13.0,14.0,12.0,9.0,8.0,15.0,11.0,10.0,5.0,7.0,1.0,4.0,0.0,6.0,2.0,3.0,14.0,10.0,8.0,13.0,15.0,11.0,9.0,12.0,6.0,3.0,4.0,1.0,7.0,2.0,5.0,0.0,15.0,11.0,9.0,12.0,14.0,10.0,8.0,13.0,7.0,2.0,5.0,0.0,6.0,3.0,4.0,1.0
306215,65544,12,multi_DTransversal_49_2025-06-08_22_24_50_092563_0,1749421827,5,1,5,207.4531,209.984358,0,1000000000.0,11046912.0,6516736.0,6244.0,3600000000000.0,86400000000000.0,500000000.0,1000000000.0,1749421490,604800,0,0,0,8,GenuineIntel,Intel(R) Xeon(R) CPU E5-2695 v2 @ 2.40GHz [Family 6 Model 62 Stepping 4],1000000000.0,1000000000.0,1000000000.0,Microsoft Windows 10,"Enterprise LTSB x64 Edition, (10.00.19044.00)",25761005568.0,262144.0,29519101952.0,47715450880.0,9854517248.0,50332470.0,0.0,13190576267.66,47277768.885526,29243555.256756,0.0,1.0,0.0,0.926923,0,0.0,0.0,1.0,2.0,3.0,4.0,5.0,6.0,7.0,8.0,9.0,10.0,11.0,12.0,13.0,14.0,15.0,1.0,0.0,3.0,2.0,5.0,4.0,7.0,6.0,9.0,8.0,11.0,10.0,13.0,12.0,15.0,14.0,2.0,4.0,7.0,6.0,3.0,1.0,0.0,5.0,10.0,12.0,15.0,14.0,8.0,11.0,13.0,9.0,3.0,5.0,6.0,7.0,2.0,0.0,1.0,4.0,11.0,13.0,14.0,15.0,9.0,10.0,12.0,8.0,4.0,7.0,0.0,5.0,1.0,6.0,3.0,2.0,12.0,14.0,13.0,9.0,15.0,8.0,10.0,11.0,5.0,6.0,1.0,4.0,0.0,7.0,2.0,3.0,13.0,15.0,12.0,8.0,14.0,9.0,11.0,10.0,6.0,3.0,4.0,1.0,7.0,2.0,5.0,0.0,14.0,10.0,8.0,12.0,11.0,15.0,9.0,13.0,7.0,2.0,5.0,0.0,6.0,3.0,4.0,1.0,15.0,11.0,9.0,13.0,10.0,14.0,8.0,12.0,8.0,9.0,10.0,11.0,12.0,13.0,14.0,15.0,0.0,1.0,2.0,3.0,4.0,5.0,6.0,7.0,9.0,8.0,11.0,10.0,13.0,12.0,15.0,14.0,1.0,0.0,3.0,2.0,5.0,4.0,7.0,6.0,10.0,12.0,15.0,14.0,8.0,11.0,9.0,13.0,2.0,4.0,6.0,7.0,3.0,1.0,5.0,0.0,11.0,13.0,14.0,15.0,9.0,10.0,8.0,12.0,3.0,5.0,7.0,6.0,2.0,0.0,4.0,1.0,12.0,15.0,9.0,13.0,14.0,8.0,11.0,10.0,4.0,7.0,5.0,0.0,1.0,6.0,2.0,3.0,13.0,14.0,8.0,12.0,15.0,9.0,10.0,11.0,5.0,6.0,4.0,1.0,0.0,7.0,3.0,2.0,14.0,11.0,13.0,9.0,10.0,15.0,12.0,8.0,6.0,2.0,0.0,5.0,7.0,3.0,1.0,4.0,15.0,10.0,12.0,8.0,11.0,14.0,13.0,9.0,7.0,3.0,1.0,4.0,6.0,2.0,0.0,5.0
306216,65544,12,multi_DTransversal_49_2025-06-08_22_24_50_092563_1,1749421827,5,1,5,206.7188,208.921875,0,1000000000.0,11051008.0,6524928.0,6244.0,3600000000000.0,86400000000000.0,500000000.0,1000000000.0,1749421490,604800,0,0,0,8,GenuineIntel,Intel(R) Xeon(R) CPU E5-2695 v2 @ 2.40GHz [Family 6 Model 62 Stepping 4],1000000000.0,1000000000.0,1000000000.0,Microsoft Windows 10,"Enterprise LTSB x64 Edition, (10.00.19044.00)",25761005568.0,262144.0,29519101952.0,47715450880.0,9854517248.0,50332470.0,0.0,13190576267.66,47277768.885526,29243555.256756,0.0,1.0,0.0,0.926923,0,0.0,0.0,1.0,2.0,3.0,4.0,5.0,6.0,7.0,8.0,9.0,10.0,11.0,12.0,13.0,14.0,15.0,1.0,0.0,3.0,2.0,5.0,4.0,7.0,6.0,9.0,8.0,11.0,10.0,13.0,12.0,15.0,14.0,2.0,4.0,7.0,6.0,3.0,1.0,0.0,5.0,10.0,12.0,15.0,14.0,8.0,11.0,13.0,9.0,3.0,5.0,6.0,7.0,2.0,0.0,1.0,4.0,11.0,13.0,14.0,15.0,9.0,10.0,12.0,8.0,4.0,7.0,0.0,5.0,1.0,6.0,3.0,2.0,12.0,14.0,13.0,9.0,15.0,8.0,10.0,11.0,5.0,6.0,1.0,4.0,0.0,7.0,2.0,3.0,13.0,15.0,12.0,8.0,14.0,9.0,11.0,10.0,6.0,3.0,4.0,1.0,7.0,2.0,5.0,0.0,14.0,10.0,8.0,12.0,11.0,15.0,9.0,13.0,7.0,2.0,5.0,0.0,6.0,3.0,4.0,1.0,15.0,11.0,9.0,13.0,10.0,14.0,8.0,12.0,8.0,9.0,10.0,11.0,12.0,13.0,14.0,15.0,0.0,1.0,2.0,3.0,4.0,5.0,6.0,7.0,9.0,8.0,11.0,10.0,13.0,12.0,15.0,14.0,1.0,0.0,3.0,2.0,5.0,4.0,7.0,6.0,10.0,12.0,15.0,14.0,8.0,11.0,9.0,13.0,2.0,4.0,6.0,7.0,3.0,1.0,5.0,0.0,11.0,13.0,14.0,15.0,9.0,10.0,8.0,12.0,3.0,5.0,7.0,6.0,2.0,0.0,4.0,1.0,12.0,15.0,9.0,13.0,14.0,8.0,11.0,10.0,4.0,7.0,5.0,0.0,1.0,6.0,2.0,3.0,13.0,14.0,8.0,12.0,15.0,9.0,10.0,11.0,5.0,6.0,4.0,1.0,0.0,7.0,3.0,2.0,14.0,11.0,13.0,9.0,10.0,15.0,12.0,8.0,6.0,2.0,0.0,5.0,7.0,3.0,1.0,4.0,15.0,10.0,12.0,8.0,11.0,14.0,13.0,9.0,7.0,3.0,1.0,4.0,6.0,2.0,0.0,5.0
306217,65544,12,multi_DTransversal_49_2025-06-08_22_24_50_092563_2,1749421827,5,1,5,207.2031,209.984364,0,1000000000.0,11046912.0,6512640.0,6244.0,3600000000000.0,86400000000000.0,500000000.0,1000000000.0,1749421490,604800,0,0,0,8,GenuineIntel,Intel(R) Xeon(R) CPU E5-2695 v2 @ 2.40GHz [Family 6 Model 62 Stepping 4],1000000000.0,1000000000.0,1000000000.0,Microsoft Windows 10,"Enterprise LTSB x64 Edition, (10.00.19044.00)",25761005568.0,262144.0,29519101952.0,47715450880.0,9854517248.0,50332470.0,0.0,13190576267.66,47277768.885526,29243555.256756,0.0,1.0,0.0,0.926923,0,0.0,0.0,1.0,2.0,3.0,4.0,5.0,6.0,7.0,8.0,9.0,10.0,11.0,12.0,13.0,14.0,15.0,1.0,0.0,3.0,2.0,5.0,4.0,7.0,6.0,9.0,8.0,11.0,10.0,13.0,12.0,15.0,14.0,2.0,4.0,7.0,6.0,3.0,1.0,0.0,5.0,10.0,12.0,15.0,14.0,8.0,11.0,13.0,9.0,3.0,5.0,6.0,7.0,2.0,0.0,1.0,4.0,11.0,13.0,14.0,15.0,9.0,10.0,12.0,8.0,4.0,7.0,0.0,5.0,1.0,6.0,3.0,2.0,12.0,14.0,13.0,9.0,15.0,8.0,10.0,11.0,5.0,6.0,1.0,4.0,0.0,7.0,2.0,3.0,13.0,15.0,12.0,8.0,14.0,9.0,11.0,10.0,6.0,3.0,4.0,1.0,7.0,2.0,5.0,0.0,14.0,10.0,8.0,12.0,11.0,15.0,9.0,13.0,7.0,2.0,5.0,0.0,6.0,3.0,4.0,1.0,15.0,11.0,9.0,13.0,10.0,14.0,8.0,12.0,8.0,9.0,10.0,11.0,12.0,13.0,14.0,15.0,0.0,1.0,2.0,3.0,4.0,5.0,6.0,7.0,9.0,8.0,11.0,10.0,13.0,12.0,15.0,14.0,1.0,0.0,3.0,2.0,5.0,4.0,7.0,6.0,10.0,12.0,15.0,14.0,8.0,11.0,9.0,13.0,2.0,4.0,6.0,7.0,3.0,1.0,5.0,0.0,11.0,13.0,14.0,15.0,9.0,10.0,8.0,12.0,3.0,5.0,7.0,6.0,2.0,0.0,4.0,1.0,12.0,15.0,9.0,13.0,14.0,8.0,11.0,10.0,4.0,7.0,5.0,0.0,1.0,6.0,2.0,3.0,13.0,14.0,8.0,12.0,15.0,9.0,10.0,11.0,5.0,6.0,4.0,1.0,0.0,7.0,3.0,2.0,14.0,11.0,13.0,9.0,10.0,15.0,12.0,8.0,6.0,2.0,0.0,5.0,7.0,3.0,1.0,4.0,15.0,10.0,12.0,8.0,11.0,14.0,13.0,9.0,7.0,3.0,1.0,4.0,6.0,2.0,0.0,5.0
306218,65545,12,multi_DTransversal_50_2025-06-08_22_24_50_157169_0,1749421827,5,1,5,207.7188,208.937502,0,1000000000.0,11046912.0,6508544.0,6244.0,3600000000000.0,86400000000000.0,500000000.0,1000000000.0,1749421490,604800,0,0,0,8,GenuineIntel,Intel(R) Xeon(R) CPU E5-2695 v2 @ 2.40GHz [Family 6 Model 62 Stepping 4],1000000000.0,1000000000.0,1000000000.0,Microsoft Windows 10,"Enterprise LTSB x64 Edition, (10.00.19044.00)",25761005568.0,262144.0,29519101952.0,47715450880.0,9854517248.0,50332470.0,0.0,13190576267.66,47277768.885526,29243555.256756,0.0,1.0,0.0,0.926923,0,0.0,0.0,1.0,2.0,3.0,4.0,5.0,6.0,7.0,8.0,9.0,10.0,11.0,12.0,13.0,14.0,15.0,1.0,0.0,3.0,2.0,5.0,4.0,7.0,6.0,9.0,8.0,11.0,10.0,13.0,12.0,15.0,14.0,2.0,4.0,7.0,6.0,3.0,1.0,5.0,0.0,10.0,12.0,15.0,14.0,11.0,9.0,8.0,13.0,3.0,5.0,6.0,7.0,2.0,0.0,4.0,1.0,11.0,13.0,14.0,15.0,10.0,8.0,9.0,12.0,4.0,6.0,5.0,0.0,1.0,7.0,2.0,3.0,12.0,15.0,8.0,13.0,9.0,14.0,11.0,10.0,5.0,7.0,4.0,1.0,0.0,6.0,3.0,2.0,13.0,14.0,9.0,12.0,8.0,15.0,10.0,11.0,6.0,2.0,0.0,5.0,7.0,3.0,1.0,4.0,14.0,11.0,12.0,9.0,15.0,10.0,13.0,8.0,7.0,3.0,1.0,4.0,6.0,2.0,0.0,5.0,15.0,10.0,13.0,8.0,14.0,11.0,12.0,9.0,8.0,9.0,10.0,11.0,12.0,13.0,14.0,15.0,0.0,1.0,2.0,3.0,4.0,5.0,6.0,7.0,9.0,8.0,11.0,10.0,13.0,12.0,15.0,14.0,1.0,0.0,3.0,2.0,5.0,4.0,7.0,6.0,10.0,12.0,15.0,14.0,8.0,11.0,13.0,9.0,2.0,4.0,7.0,6.0,0.0,3.0,1.0,5.0,11.0,13.0,14.0,15.0,9.0,10.0,12.0,8.0,3.0,5.0,6.0,7.0,1.0,2.0,0.0,4.0,12.0,14.0,13.0,9.0,15.0,8.0,10.0,11.0,4.0,7.0,1.0,5.0,6.0,0.0,3.0,2.0,13.0,15.0,12.0,8.0,14.0,9.0,11.0,10.0,5.0,6.0,0.0,4.0,7.0,1.0,2.0,3.0,14.0,10.0,8.0,12.0,11.0,15.0,9.0,13.0,6.0,3.0,5.0,1.0,2.0,7.0,4.0,0.0,15.0,11.0,9.0,13.0,10.0,14.0,8.0,12.0,7.0,2.0,4.0,0.0,3.0,6.0,5.0,1.0
306219,65545,8,multi_DTransversal_50_2025-06-08_22_24_50_157169_1,1749421827,5,1,5,486.9741,489.506296,0,1000000000.0,4456448.0,6959104.0,14778.0,3600000000000.0,86400000000000.0,500000000.0,1000000000.0,1749421490,604800,0,0,0,2,GenuineIntel,Intel Xeon Processor (Icelake) [Family 6 Model 106 Stepping 0],1000000000.0,1000000000.0,1000000000.0,Linux Ubuntu,Ubuntu 24.04.2 LTS [6.8.0-59-generic|libc 2.39],1006923776.0,16777216.0,0.0,20105105408.0,16990814208.0,2961408.0,688128.0,18773959311.36,50902949.273249,36815514.871639,0.0,1.0,0.0,0.863835,0,0.0,0.0,1.0,2.0,3.0,4.0,5.0,6.0,7.0,8.0,9.0,10.0,11.0,12.0,13.0,14.0,15.0,1.0,0.0,3.0,2.0,5.0,4.0,7.0,6.0,9.0,8.0,11.0,10.0,13.0,12.0,15.0,14.0,2.0,4.0,7.0,6.0,3.0,1.0,5.0,0.0,10.0,12.0,15.0,14.0,11.0,9.0,8.0,13.0,3.0,5.0,6.0,7.0,2.0,0.0,4.0,1.0,11.0,13.0,14.0,15.0,10.0,8.0,9.0,12.0,4.0,6.0,5.0,0.0,1.0,7.0,2.0,3.0,12.0,15.0,8.0,13.0,9.0,14.0,11.0,10.0,5.0,7.0,4.0,1.0,0.0,6.0,3.0,2.0,13.0,14.0,9.0,12.0,8.0,15.0,10.0,11.0,6.0,2.0,0.0,5.0,7.0,3.0,1.0,4.0,14.0,11.0,12.0,9.0,15.0,10.0,13.0,8.0,7.0,3.0,1.0,4.0,6.0,2.0,0.0,5.0,15.0,10.0,13.0,8.0,14.0,11.0,12.0,9.0,8.0,9.0,10.0,11.0,12.0,13.0,14.0,15.0,0.0,1.0,2.0,3.0,4.0,5.0,6.0,7.0,9.0,8.0,11.0,10.0,13.0,12.0,15.0,14.0,1.0,0.0,3.0,2.0,5.0,4.0,7.0,6.0,10.0,12.0,15.0,14.0,8.0,11.0,13.0,9.0,2.0,4.0,7.0,6.0,0.0,3.0,1.0,5.0,11.0,13.0,14.0,15.0,9.0,10.0,12.0,8.0,3.0,5.0,6.0,7.0,1.0,2.0,0.0,4.0,12.0,14.0,13.0,9.0,15.0,8.0,10.0,11.0,4.0,7.0,1.0,5.0,6.0,0.0,3.0,2.0,13.0,15.0,12.0,8.0,14.0,9.0,11.0,10.0,5.0,6.0,0.0,4.0,7.0,1.0,2.0,3.0,14.0,10.0,8.0,12.0,11.0,15.0,9.0,13.0,6.0,3.0,5.0,1.0,2.0,7.0,4.0,0.0,15.0,11.0,9.0,13.0,10.0,14.0,8.0,12.0,7.0,2.0,4.0,0.0,3.0,6.0,5.0,1.0
306220,65545,8,multi_DTransversal_50_2025-06-08_22_24_50_157169_2,1749421827,5,1,5,489.2064,491.501205,0,1000000000.0,4325376.0,6959104.0,14777.0,3600000000000.0,86400000000000.0,500000000.0,1000000000.0,1749421490,604800,0,0,0,2,GenuineIntel,Intel Xeon Processor (Icelake) [Family 6 Model 106 Stepping 0],1000000000.0,1000000000.0,1000000000.0,Linux Ubuntu,Ubuntu 24.04.2 LTS [6.8.0-59-generic|libc 2.39],1006923776.0,16777216.0,0.0,20105105408.0,16990814208.0,2961408.0,688128.0,18773959311.36,50902949.273249,36815514.871639,0.0,1.0,0.0,0.863835,0,0.0,0.0,1.0,2.0,3.0,4.0,5.0,6.0,7.0,8.0,9.0,10.0,11.0,12.0,13.0,14.0,15.0,1.0,0.0,3.0,2.0,5.0,4.0,7.0,6.0,9.0,8.0,11.0,10.0,13.0,12.0,15.0,14.0,2.0,4.0,7.0,6.0,3.0,1.0,5.0,0.0,10.0,12.0,15.0,14.0,11.0,9.0,8.0,13.0,3.0,5.0,6.0,7.0,2.0,0.0,4.0,1.0,11.0,13.0,14.0,15.0,10.0,8.0,9.0,12.0,4.0,6.0,5.0,0.0,1.0,7.0,2.0,3.0,12.0,15.0,8.0,13.0,9.0,14.0,11.0,10.0,5.0,7.0,4.0,1.0,0.0,6.0,3.0,2.0,13.0,14.0,9.0,12.0,8.0,15.0,10.0,11.0,6.0,2.0,0.0,5.0,7.0,3.0,1.0,4.0,14.0,11.0,12.0,9.0,15.0,10.0,13.0,8.0,7.0,3.0,1.0,4.0,6.0,2.0,0.0,5.0,15.0,10.0,13.0,8.0,14.0,11.0,12.0,9.0,8.0,9.0,10.0,11.0,12.0,13.0,14.0,15.0,0.0,1.0,2.0,3.0,4.0,5.0,6.0,7.0,9.0,8.0,11.0,10.0,13.0,12.0,15.0,14.0,1.0,0.0,3.0,2.0,5.0,4.0,7.0,6.0,10.0,12.0,15.0,14.0,8.0,11.0,13.0,9.0,2.0,4.0,7.0,6.0,0.0,3.0,1.0,5.0,11.0,13.0,14.0,15.0,9.0,10.0,12.0,8.0,3.0,5.0,6.0,7.0,1.0,2.0,0.0,4.0,12.0,14.0,13.0,9.0,15.0,8.0,10.0,11.0,4.0,7.0,1.0,5.0,6.0,0.0,3.0,2.0,13.0,15.0,12.0,8.0,14.0,9.0,11.0,10.0,5.0,6.0,0.0,4.0,7.0,1.0,2.0,3.0,14.0,10.0,8.0,12.0,11.0,15.0,9.0,13.0,6.0,3.0,5.0,1.0,2.0,7.0,4.0,0.0,15.0,11.0,9.0,13.0,10.0,14.0,8.0,12.0,7.0,2.0,4.0,0.0,3.0,6.0,5.0,1.0
306221,65546,10,multi_DTransversal_51_2025-06-08_22_24_50_213395_0,1749421827,5,1,5,498.4262,501.624238,0,1000000000.0,4456448.0,6959104.0,14779.0,3600000000000.0,86400000000000.0,500000000.0,1000000000.0,1749421490,604800,0,0,0,2,GenuineIntel,Intel Xeon Processor (Icelake) [Family 6 Model 106 Stepping 0],1000000000.0,1000000000.0,1000000000.0,Linux Ubuntu,Ubuntu 24.04.2 LTS [6.8.0-59-generic|libc 2.39],1006919680.0,16777216.0,0.0,20105105408.0,16889634816.0,2990080.0,688128.0,18595474472.96,58063412.844922,29429754.907709,0.0,1.0,0.0,0.874458,0,0.0,0.0,1.0,2.0,3.0,4.0,5.0,6.0,7.0,8.0,9.0,10.0,11.0,12.0,13.0,14.0,15.0,1.0,0.0,3.0,2.0,5.0,4.0,7.0,6.0,9.0,8.0,11.0,10.0,13.0,12.0,15.0,14.0,2.0,5.0,4.0,7.0,6.0,0.0,3.0,1.0,10.0,12.0,15.0,14.0,11.0,9.0,13.0,8.0,3.0,4.0,6.0,5.0,7.0,1.0,0.0,2.0,11.0,13.0,14.0,15.0,10.0,8.0,12.0,9.0,4.0,3.0,5.0,6.0,1.0,7.0,2.0,0.0,12.0,14.0,13.0,8.0,9.0,15.0,10.0,11.0,5.0,2.0,7.0,4.0,0.0,6.0,1.0,3.0,13.0,15.0,12.0,9.0,8.0,14.0,11.0,10.0,6.0,7.0,0.0,1.0,2.0,3.0,4.0,5.0,14.0,10.0,8.0,13.0,15.0,11.0,9.0,12.0,7.0,6.0,1.0,0.0,3.0,2.0,5.0,4.0,15.0,11.0,9.0,12.0,14.0,10.0,8.0,13.0,8.0,9.0,10.0,11.0,12.0,13.0,14.0,15.0,0.0,1.0,2.0,3.0,4.0,5.0,6.0,7.0,9.0,8.0,11.0,10.0,13.0,12.0,15.0,14.0,1.0,0.0,3.0,2.0,5.0,4.0,7.0,6.0,10.0,12.0,15.0,14.0,11.0,9.0,8.0,13.0,2.0,4.0,7.0,6.0,0.0,3.0,5.0,1.0,11.0,13.0,14.0,15.0,10.0,8.0,9.0,12.0,3.0,5.0,6.0,7.0,1.0,2.0,4.0,0.0,12.0,15.0,8.0,13.0,9.0,14.0,11.0,10.0,4.0,6.0,5.0,1.0,7.0,0.0,2.0,3.0,13.0,14.0,9.0,12.0,8.0,15.0,10.0,11.0,5.0,7.0,4.0,0.0,6.0,1.0,3.0,2.0,14.0,11.0,12.0,9.0,15.0,10.0,13.0,8.0,6.0,2.0,0.0,4.0,3.0,7.0,1.0,5.0,15.0,10.0,13.0,8.0,14.0,11.0,12.0,9.0,7.0,3.0,1.0,5.0,2.0,6.0,0.0,4.0
306224,65547,8,multi_DTransversal_52_2025-06-08_22_24_50_273087_0,1749421827,5,1,5,509.2865,512.691597,0,1000000000.0,4456448.0,6959104.0,14777.0,3600000000000.0,86400000000000.0,500000000.0,1000000000.0,1749421490,604800,0,0,0,2,GenuineIntel,Intel Xeon Processor (Icelake) [Family 6 Model 106 Stepping 0],1000000000.0,1000000000.0,1000000000.0,Linux Ubuntu,Ubuntu 24.04.2 LTS [6.8.0-59-generic|libc 2.39],1006923776.0,16777216.0,0.0,20105105408.0,16990814208.0,2961408.0,688128.0,18773959311.36,50902949.273249,36815514.871639,0.0,1.0,0.0,0.863835,0,0.0,0.0,1.0,2.0,3.0,4.0,5.0,6.0,7.0,8.0,9.0,10.0,11.0,12.0,13.0,14.0,15.0,1.0,0.0,3.0,2.0,5.0,4.0,7.0,6.0,9.0,8.0,11.0,10.0,13.0,12.0,15.0,14.0,2.0,5.0,7.0,4.0,3.0,6.0,0.0,1.0,10.0,13.0,12.0,15.0,14.0,8.0,11.0,9.0,3.0,4.0,6.0,5.0,2.0,7.0,1.0,0.0,11.0,12.0,14.0,13.0,15.0,9.0,8.0,10.0,4.0,6.0,1.0,0.0,7.0,2.0,5.0,3.0,12.0,11.0,13.0,14.0,9.0,15.0,10.0,8.0,5.0,7.0,0.0,1.0,6.0,3.0,4.0,2.0,13.0,10.0,15.0,12.0,8.0,14.0,9.0,11.0,6.0,3.0,4.0,7.0,0.0,1.0,2.0,5.0,14.0,15.0,8.0,9.0,10.0,11.0,12.0,13.0,7.0,2.0,5.0,6.0,1.0,0.0,3.0,4.0,15.0,14.0,9.0,8.0,11.0,10.0,13.0,12.0,8.0,9.0,10.0,11.0,12.0,13.0,14.0,15.0,0.0,1.0,2.0,3.0,4.0,5.0,6.0,7.0,9.0,8.0,11.0,10.0,13.0,12.0,15.0,14.0,1.0,0.0,3.0,2.0,5.0,4.0,7.0,6.0,10.0,12.0,15.0,14.0,11.0,9.0,13.0,8.0,2.0,4.0,7.0,6.0,3.0,1.0,0.0,5.0,11.0,13.0,14.0,15.0,10.0,8.0,12.0,9.0,3.0,5.0,6.0,7.0,2.0,0.0,1.0,4.0,12.0,14.0,13.0,8.0,9.0,15.0,10.0,11.0,4.0,7.0,0.0,5.0,1.0,6.0,3.0,2.0,13.0,15.0,12.0,9.0,8.0,14.0,11.0,10.0,5.0,6.0,1.0,4.0,0.0,7.0,2.0,3.0,14.0,10.0,8.0,13.0,15.0,11.0,9.0,12.0,6.0,3.0,4.0,1.0,7.0,2.0,5.0,0.0,15.0,11.0,9.0,12.0,14.0,10.0,8.0,13.0,7.0,2.0,5.0,0.0,6.0,3.0,4.0,1.0
306227,65548,14,multi_DTransversal_53_2025-06-08_22_24_50_336282_0,1749421827,5,1,5,207.0312,209.796875,0,1000000000.0,10801152.0,6496256.0,6244.0,3600000000000.0,86400000000000.0,500000000.0,1000000000.0,1749421490,604800,0,0,0,8,GenuineIntel,Intel(R) Xeon(R) CPU E5-2695 v2 @ 2.40GHz [Family 6 Model 62 Stepping 4],1000000000.0,1000000000.0,1000000000.0,Microsoft Windows 10,"Enterprise LTSB x64 Edition, (10.00.19044.00)",17171070976.0,262144.0,19721207808.0,47715450880.0,12043943936.0,50470565.0,171008.0,14504363335.66,50555456.420003,25813395.198889,0.0,1.0,0.0,0.932014,0,0.0,0.0,1.0,2.0,3.0,4.0,5.0,6.0,7.0,8.0,9.0,10.0,11.0,12.0,13.0,14.0,15.0,1.0,0.0,3.0,2.0,5.0,4.0,7.0,6.0,9.0,8.0,11.0,10.0,13.0,12.0,15.0,14.0,2.0,5.0,7.0,4.0,3.0,6.0,1.0,0.0,10.0,13.0,15.0,12.0,11.0,14.0,8.0,9.0,3.0,4.0,6.0,5.0,2.0,7.0,0.0,1.0,11.0,12.0,14.0,13.0,10.0,15.0,9.0,8.0,4.0,7.0,1.0,0.0,6.0,3.0,2.0,5.0,12.0,14.0,9.0,8.0,15.0,10.0,13.0,11.0,5.0,6.0,0.0,1.0,7.0,2.0,3.0,4.0,13.0,15.0,8.0,9.0,14.0,11.0,12.0,10.0,6.0,2.0,4.0,7.0,1.0,0.0,5.0,3.0,14.0,11.0,12.0,15.0,8.0,9.0,10.0,13.0,7.0,3.0,5.0,6.0,0.0,1.0,4.0,2.0,15.0,10.0,13.0,14.0,9.0,8.0,11.0,12.0,8.0,9.0,10.0,11.0,12.0,13.0,14.0,15.0,0.0,1.0,2.0,3.0,4.0,5.0,6.0,7.0,9.0,8.0,11.0,10.0,13.0,12.0,15.0,14.0,1.0,0.0,3.0,2.0,5.0,4.0,7.0,6.0,10.0,13.0,12.0,15.0,14.0,8.0,11.0,9.0,2.0,4.0,7.0,6.0,3.0,1.0,5.0,0.0,11.0,12.0,14.0,13.0,15.0,9.0,8.0,10.0,3.0,5.0,6.0,7.0,2.0,0.0,4.0,1.0,12.0,11.0,13.0,14.0,9.0,15.0,10.0,8.0,4.0,6.0,5.0,0.0,1.0,7.0,2.0,3.0,13.0,10.0,15.0,12.0,8.0,14.0,9.0,11.0,5.0,7.0,4.0,1.0,0.0,6.0,3.0,2.0,14.0,15.0,8.0,9.0,10.0,11.0,12.0,13.0,6.0,2.0,0.0,5.0,7.0,3.0,1.0,4.0,15.0,14.0,9.0,8.0,11.0,10.0,13.0,12.0,7.0,3.0,1.0,4.0,6.0,2.0,0.0,5.0
306228,65548,13,multi_DTransversal_53_2025-06-08_22_24_50_336282_1,1749421827,5,1,5,206.4688,207.640619,0,1000000000.0,10809344.0,6524928.0,6244.0,3600000000000.0,86400000000000.0,500000000.0,1000000000.0,1749421490,604800,0,0,0,8,GenuineIntel,Intel(R) Xeon(R) CPU E5-2695 v2 @ 2.40GHz [Family 6 Model 62 Stepping 4],1000000000.0,1000000000.0,1000000000.0,Microsoft Windows 10,"Enterprise LTSB x64 Edition, (10.00.19044.00)",17171070976.0,262144.0,19721207808.0,47715450880.0,12161384448.0,47854504.0,0.0,14603537759.36,60997332.301195,14493303.268338,0.0,1.0,0.0,0.931104,0,0.0,0.0,1.0,2.0,3.0,4.0,5.0,6.0,7.0,8.0,9.0,10.0,11.0,12.0,13.0,14.0,15.0,1.0,0.0,3.0,2.0,5.0,4.0,7.0,6.0,9.0,8.0,11.0,10.0,13.0,12.0,15.0,14.0,2.0,5.0,7.0,4.0,3.0,6.0,1.0,0.0,10.0,13.0,15.0,12.0,11.0,14.0,8.0,9.0,3.0,4.0,6.0,5.0,2.0,7.0,0.0,1.0,11.0,12.0,14.0,13.0,10.0,15.0,9.0,8.0,4.0,7.0,1.0,0.0,6.0,3.0,2.0,5.0,12.0,14.0,9.0,8.0,15.0,10.0,13.0,11.0,5.0,6.0,0.0,1.0,7.0,2.0,3.0,4.0,13.0,15.0,8.0,9.0,14.0,11.0,12.0,10.0,6.0,2.0,4.0,7.0,1.0,0.0,5.0,3.0,14.0,11.0,12.0,15.0,8.0,9.0,10.0,13.0,7.0,3.0,5.0,6.0,0.0,1.0,4.0,2.0,15.0,10.0,13.0,14.0,9.0,8.0,11.0,12.0,8.0,9.0,10.0,11.0,12.0,13.0,14.0,15.0,0.0,1.0,2.0,3.0,4.0,5.0,6.0,7.0,9.0,8.0,11.0,10.0,13.0,12.0,15.0,14.0,1.0,0.0,3.0,2.0,5.0,4.0,7.0,6.0,10.0,13.0,12.0,15.0,14.0,8.0,11.0,9.0,2.0,4.0,7.0,6.0,3.0,1.0,5.0,0.0,11.0,12.0,14.0,13.0,15.0,9.0,8.0,10.0,3.0,5.0,6.0,7.0,2.0,0.0,4.0,1.0,12.0,11.0,13.0,14.0,9.0,15.0,10.0,8.0,4.0,6.0,5.0,0.0,1.0,7.0,2.0,3.0,13.0,10.0,15.0,12.0,8.0,14.0,9.0,11.0,5.0,7.0,4.0,1.0,0.0,6.0,3.0,2.0,14.0,15.0,8.0,9.0,10.0,11.0,12.0,13.0,6.0,2.0,0.0,5.0,7.0,3.0,1.0,4.0,15.0,14.0,9.0,8.0,11.0,10.0,13.0,12.0,7.0,3.0,1.0,4.0,6.0,2.0,0.0,5.0
306229,65548,4,multi_DTransversal_53_2025-06-08_22_24_50_336282_2,1749421827,5,1,5,699.8778,703.925067,0,1000000000.0,4456448.0,6959104.0,14813.0,3600000000000.0,86400000000000.0,500000000.0,1000000000.0,1749421490,604800,0,0,0,4,GenuineIntel,Intel Xeon Processor (Icelake) [Family 6 Model 106 Stepping 0],1000000000.0,1000000000.0,1000000000.0,Linux Ubuntu,Ubuntu 24.04.2 LTS [6.8.0-59-generic|libc 2.39],4104482816.0,16777216.0,0.0,20105105408.0,16942882816.0,4018176.0,688128.0,18764867010.56,52142024.776358,15986171.424867,0.0,1.0,0.0,0.841352,0,0.0,0.0,1.0,2.0,3.0,4.0,5.0,6.0,7.0,8.0,9.0,10.0,11.0,12.0,13.0,14.0,15.0,1.0,0.0,3.0,2.0,5.0,4.0,7.0,6.0,9.0,8.0,11.0,10.0,13.0,12.0,15.0,14.0,2.0,5.0,7.0,4.0,3.0,6.0,1.0,0.0,10.0,13.0,15.0,12.0,11.0,14.0,8.0,9.0,3.0,4.0,6.0,5.0,2.0,7.0,0.0,1.0,11.0,12.0,14.0,13.0,10.0,15.0,9.0,8.0,4.0,7.0,1.0,0.0,6.0,3.0,2.0,5.0,12.0,14.0,9.0,8.0,15.0,10.0,13.0,11.0,5.0,6.0,0.0,1.0,7.0,2.0,3.0,4.0,13.0,15.0,8.0,9.0,14.0,11.0,12.0,10.0,6.0,2.0,4.0,7.0,1.0,0.0,5.0,3.0,14.0,11.0,12.0,15.0,8.0,9.0,10.0,13.0,7.0,3.0,5.0,6.0,0.0,1.0,4.0,2.0,15.0,10.0,13.0,14.0,9.0,8.0,11.0,12.0,8.0,9.0,10.0,11.0,12.0,13.0,14.0,15.0,0.0,1.0,2.0,3.0,4.0,5.0,6.0,7.0,9.0,8.0,11.0,10.0,13.0,12.0,15.0,14.0,1.0,0.0,3.0,2.0,5.0,4.0,7.0,6.0,10.0,13.0,12.0,15.0,14.0,8.0,11.0,9.0,2.0,4.0,7.0,6.0,3.0,1.0,5.0,0.0,11.0,12.0,14.0,13.0,15.0,9.0,8.0,10.0,3.0,5.0,6.0,7.0,2.0,0.0,4.0,1.0,12.0,11.0,13.0,14.0,9.0,15.0,10.0,8.0,4.0,6.0,5.0,0.0,1.0,7.0,2.0,3.0,13.0,10.0,15.0,12.0,8.0,14.0,9.0,11.0,5.0,7.0,4.0,1.0,0.0,6.0,3.0,2.0,14.0,15.0,8.0,9.0,10.0,11.0,12.0,13.0,6.0,2.0,0.0,5.0,7.0,3.0,1.0,4.0,15.0,14.0,9.0,8.0,11.0,10.0,13.0,12.0,7.0,3.0,1.0,4.0,6.0,2.0,0.0,5.0
306230,65549,6,multi_DTransversal_54_2025-06-08_22_24_50_393962_0,1749421827,5,1,5,527.6021,530.932909,0,1000000000.0,4456448.0,6959104.0,14771.0,3600000000000.0,86400000000000.0,500000000.0,1000000000.0,1749421490,604800,0,0,0,2,GenuineIntel,Intel Xeon Processor (Icelake) [Family 6 Model 106 Stepping 0],1000000000.0,1000000000.0,1000000000.0,Linux Ubuntu,Ubuntu 24.04.2 LTS [6.8.0-59-generic|libc 2.39],3048230912.0,16777216.0,0.0,20105105408.0,16965623808.0,3190784.0,688128.0,18792121384.96,53384885.675031,30362404.540574,0.0,1.0,0.0,0.878584,0,0.0,0.0,1.0,2.0,3.0,4.0,5.0,6.0,7.0,8.0,9.0,10.0,11.0,12.0,13.0,14.0,15.0,1.0,0.0,3.0,2.0,5.0,4.0,7.0,6.0,9.0,8.0,11.0,10.0,13.0,12.0,15.0,14.0,2.0,6.0,0.0,4.0,3.0,7.0,1.0,5.0,10.0,13.0,15.0,12.0,11.0,14.0,9.0,8.0,3.0,7.0,1.0,5.0,2.0,6.0,0.0,4.0,11.0,12.0,14.0,13.0,10.0,15.0,8.0,9.0,4.0,2.0,6.0,1.0,7.0,3.0,5.0,0.0,12.0,15.0,9.0,8.0,14.0,11.0,10.0,13.0,5.0,3.0,7.0,0.0,6.0,2.0,4.0,1.0,13.0,14.0,8.0,9.0,15.0,10.0,11.0,12.0,6.0,5.0,4.0,7.0,1.0,0.0,2.0,3.0,14.0,10.0,12.0,15.0,9.0,8.0,13.0,11.0,7.0,4.0,5.0,6.0,0.0,1.0,3.0,2.0,15.0,11.0,13.0,14.0,8.0,9.0,12.0,10.0,8.0,9.0,10.0,11.0,12.0,13.0,14.0,15.0,0.0,1.0,2.0,3.0,4.0,5.0,6.0,7.0,9.0,8.0,11.0,10.0,13.0,12.0,15.0,14.0,1.0,0.0,3.0,2.0,5.0,4.0,7.0,6.0,10.0,13.0,15.0,12.0,11.0,14.0,8.0,9.0,2.0,5.0,4.0,7.0,6.0,0.0,3.0,1.0,11.0,12.0,14.0,13.0,10.0,15.0,9.0,8.0,3.0,4.0,6.0,5.0,7.0,1.0,0.0,2.0,12.0,14.0,9.0,8.0,15.0,10.0,13.0,11.0,4.0,3.0,5.0,6.0,1.0,7.0,2.0,0.0,13.0,15.0,8.0,9.0,14.0,11.0,12.0,10.0,5.0,2.0,7.0,4.0,0.0,6.0,1.0,3.0,14.0,11.0,12.0,15.0,8.0,9.0,10.0,13.0,6.0,7.0,0.0,1.0,2.0,3.0,4.0,5.0,15.0,10.0,13.0,14.0,9.0,8.0,11.0,12.0,7.0,6.0,1.0,0.0,3.0,2.0,5.0,4.0
306231,65549,6,multi_DTransversal_54_2025-06-08_22_24_50_393962_1,1749421827,5,1,5,530.4954,532.729805,0,1000000000.0,4456448.0,6959104.0,14772.0,3600000000000.0,86400000000000.0,500000000.0,1000000000.0,1749421490,604800,0,0,0,2,GenuineIntel,Intel Xeon Processor (Icelake) [Family 6 Model 106 Stepping 0],1000000000.0,1000000000.0,1000000000.0,Linux Ubuntu,Ubuntu 24.04.2 LTS [6.8.0-59-generic|libc 2.39],3048230912.0,16777216.0,0.0,20105105408.0,16965623808.0,3190784.0,688128.0,18792121384.96,53384885.675031,30362404.540574,0.0,1.0,0.0,0.878584,0,0.0,0.0,1.0,2.0,3.0,4.0,5.0,6.0,7.0,8.0,9.0,10.0,11.0,12.0,13.0,14.0,15.0,1.0,0.0,3.0,2.0,5.0,4.0,7.0,6.0,9.0,8.0,11.0,10.0,13.0,12.0,15.0,14.0,2.0,6.0,0.0,4.0,3.0,7.0,1.0,5.0,10.0,13.0,15.0,12.0,11.0,14.0,9.0,8.0,3.0,7.0,1.0,5.0,2.0,6.0,0.0,4.0,11.0,12.0,14.0,13.0,10.0,15.0,8.0,9.0,4.0,2.0,6.0,1.0,7.0,3.0,5.0,0.0,12.0,15.0,9.0,8.0,14.0,11.0,10.0,13.0,5.0,3.0,7.0,0.0,6.0,2.0,4.0,1.0,13.0,14.0,8.0,9.0,15.0,10.0,11.0,12.0,6.0,5.0,4.0,7.0,1.0,0.0,2.0,3.0,14.0,10.0,12.0,15.0,9.0,8.0,13.0,11.0,7.0,4.0,5.0,6.0,0.0,1.0,3.0,2.0,15.0,11.0,13.0,14.0,8.0,9.0,12.0,10.0,8.0,9.0,10.0,11.0,12.0,13.0,14.0,15.0,0.0,1.0,2.0,3.0,4.0,5.0,6.0,7.0,9.0,8.0,11.0,10.0,13.0,12.0,15.0,14.0,1.0,0.0,3.0,2.0,5.0,4.0,7.0,6.0,10.0,13.0,15.0,12.0,11.0,14.0,8.0,9.0,2.0,5.0,4.0,7.0,6.0,0.0,3.0,1.0,11.0,12.0,14.0,13.0,10.0,15.0,9.0,8.0,3.0,4.0,6.0,5.0,7.0,1.0,0.0,2.0,12.0,14.0,9.0,8.0,15.0,10.0,13.0,11.0,4.0,3.0,5.0,6.0,1.0,7.0,2.0,0.0,13.0,15.0,8.0,9.0,14.0,11.0,12.0,10.0,5.0,2.0,7.0,4.0,0.0,6.0,1.0,3.0,14.0,11.0,12.0,15.0,8.0,9.0,10.0,13.0,6.0,7.0,0.0,1.0,2.0,3.0,4.0,5.0,15.0,10.0,13.0,14.0,9.0,8.0,11.0,12.0,7.0,6.0,1.0,0.0,3.0,2.0,5.0,4.0
306232,65549,12,multi_DTransversal_54_2025-06-08_22_24_50_393962_2,1749421827,5,1,5,206.4688,207.84375,0,1000000000.0,11055104.0,6516736.0,6244.0,3600000000000.0,86400000000000.0,500000000.0,1000000000.0,1749421490,604800,0,0,0,8,GenuineIntel,Intel(R) Xeon(R) CPU E5-2695 v2 @ 2.40GHz [Family 6 Model 62 Stepping 4],1000000000.0,1000000000.0,1000000000.0,Microsoft Windows 10,"Enterprise LTSB x64 Edition, (10.00.19044.00)",25761005568.0,262144.0,29519101952.0,47715450880.0,9854517248.0,50332470.0,0.0,13190576267.66,47277768.885526,29243555.256756,0.0,1.0,0.0,0.926923,0,0.0,0.0,1.0,2.0,3.0,4.0,5.0,6.0,7.0,8.0,9.0,10.0,11.0,12.0,13.0,14.0,15.0,1.0,0.0,3.0,2.0,5.0,4.0,7.0,6.0,9.0,8.0,11.0,10.0,13.0,12.0,15.0,14.0,2.0,6.0,0.0,4.0,3.0,7.0,1.0,5.0,10.0,13.0,15.0,12.0,11.0,14.0,9.0,8.0,3.0,7.0,1.0,5.0,2.0,6.0,0.0,4.0,11.0,12.0,14.0,13.0,10.0,15.0,8.0,9.0,4.0,2.0,6.0,1.0,7.0,3.0,5.0,0.0,12.0,15.0,9.0,8.0,14.0,11.0,10.0,13.0,5.0,3.0,7.0,0.0,6.0,2.0,4.0,1.0,13.0,14.0,8.0,9.0,15.0,10.0,11.0,12.0,6.0,5.0,4.0,7.0,1.0,0.0,2.0,3.0,14.0,10.0,12.0,15.0,9.0,8.0,13.0,11.0,7.0,4.0,5.0,6.0,0.0,1.0,3.0,2.0,15.0,11.0,13.0,14.0,8.0,9.0,12.0,10.0,8.0,9.0,10.0,11.0,12.0,13.0,14.0,15.0,0.0,1.0,2.0,3.0,4.0,5.0,6.0,7.0,9.0,8.0,11.0,10.0,13.0,12.0,15.0,14.0,1.0,0.0,3.0,2.0,5.0,4.0,7.0,6.0,10.0,13.0,15.0,12.0,11.0,14.0,8.0,9.0,2.0,5.0,4.0,7.0,6.0,0.0,3.0,1.0,11.0,12.0,14.0,13.0,10.0,15.0,9.0,8.0,3.0,4.0,6.0,5.0,7.0,1.0,0.0,2.0,12.0,14.0,9.0,8.0,15.0,10.0,13.0,11.0,4.0,3.0,5.0,6.0,1.0,7.0,2.0,0.0,13.0,15.0,8.0,9.0,14.0,11.0,12.0,10.0,5.0,2.0,7.0,4.0,0.0,6.0,1.0,3.0,14.0,11.0,12.0,15.0,8.0,9.0,10.0,13.0,6.0,7.0,0.0,1.0,2.0,3.0,4.0,5.0,15.0,10.0,13.0,14.0,9.0,8.0,11.0,12.0,7.0,6.0,1.0,0.0,3.0,2.0,5.0,4.0
306233,65550,12,multi_DTransversal_55_2025-06-08_22_24_50_447408_0,1749421827,5,1,5,211.3125,213.937483,0,1000000000.0,11051008.0,6508544.0,6243.0,3600000000000.0,86400000000000.0,500000000.0,1000000000.0,1749421490,604800,0,0,0,8,GenuineIntel,Intel(R) Xeon(R) CPU E5-2695 v2 @ 2.40GHz [Family 6 Model 62 Stepping 4],1000000000.0,1000000000.0,1000000000.0,Microsoft Windows 10,"Enterprise LTSB x64 Edition, (10.00.19044.00)",25761005568.0,262144.0,29519101952.0,47715450880.0,9854517248.0,50332470.0,0.0,13190576267.66,47277768.885526,29243555.256756,0.0,1.0,0.0,0.926923,0,0.0,0.0,1.0,2.0,3.0,4.0,5.0,6.0,7.0,8.0,9.0,10.0,11.0,12.0,13.0,14.0,15.0,1.0,0.0,3.0,2.0,5.0,4.0,7.0,6.0,9.0,8.0,11.0,10.0,13.0,12.0,15.0,14.0,2.0,6.0,0.0,4.0,7.0,3.0,5.0,1.0,10.0,14.0,8.0,12.0,11.0,15.0,9.0,13.0,3.0,5.0,1.0,7.0,6.0,0.0,4.0,2.0,11.0,15.0,9.0,13.0,10.0,14.0,8.0,12.0,4.0,2.0,6.0,5.0,1.0,7.0,3.0,0.0,12.0,10.0,14.0,9.0,15.0,11.0,13.0,8.0,5.0,4.0,7.0,6.0,2.0,1.0,0.0,3.0,13.0,11.0,15.0,8.0,14.0,10.0,12.0,9.0,6.0,7.0,4.0,0.0,3.0,2.0,1.0,5.0,14.0,13.0,12.0,15.0,9.0,8.0,10.0,11.0,7.0,3.0,5.0,1.0,0.0,6.0,2.0,4.0,15.0,12.0,13.0,14.0,8.0,9.0,11.0,10.0,8.0,9.0,10.0,11.0,12.0,13.0,14.0,15.0,0.0,1.0,2.0,3.0,4.0,5.0,6.0,7.0,9.0,8.0,11.0,10.0,13.0,12.0,15.0,14.0,1.0,0.0,3.0,2.0,5.0,4.0,7.0,6.0,10.0,13.0,15.0,12.0,11.0,14.0,9.0,8.0,2.0,5.0,7.0,4.0,3.0,6.0,0.0,1.0,11.0,12.0,14.0,13.0,10.0,15.0,8.0,9.0,3.0,4.0,6.0,5.0,2.0,7.0,1.0,0.0,12.0,15.0,9.0,8.0,14.0,11.0,10.0,13.0,4.0,6.0,1.0,0.0,7.0,2.0,5.0,3.0,13.0,14.0,8.0,9.0,15.0,10.0,11.0,12.0,5.0,7.0,0.0,1.0,6.0,3.0,4.0,2.0,14.0,10.0,12.0,15.0,9.0,8.0,13.0,11.0,6.0,3.0,4.0,7.0,0.0,1.0,2.0,5.0,15.0,11.0,13.0,14.0,8.0,9.0,12.0,10.0,7.0,2.0,5.0,6.0,1.0,0.0,3.0,4.0
306234,65550,5,multi_DTransversal_55_2025-06-08_22_24_50_447408_1,1749421827,5,1,5,535.7489,539.847389,0,3469655309.512298,4456448.0,6959104.0,14771.0,3600000000000.0,86400000000000.0,500000000.0,1000000000.0,1749421490,604800,0,0,0,2,GenuineIntel,Intel Xeon Processor (Icelake) [Family 6 Model 106 Stepping 0],3469655309.512298,61153511188.58783,1000000000.0,Linux Ubuntu,Ubuntu 24.04.2 LTS [6.8.0-59-generic|libc 2.39],2062311424.0,16777216.0,0.0,20105105408.0,16922484736.0,3227648.0,688128.0,18743965532.16,62172879.874603,27986277.102115,0.0,1.0,0.0,0.886615,0,0.0,0.0,1.0,2.0,3.0,4.0,5.0,6.0,7.0,8.0,9.0,10.0,11.0,12.0,13.0,14.0,15.0,1.0,0.0,3.0,2.0,5.0,4.0,7.0,6.0,9.0,8.0,11.0,10.0,13.0,12.0,15.0,14.0,2.0,6.0,0.0,4.0,7.0,3.0,5.0,1.0,10.0,14.0,8.0,12.0,11.0,15.0,9.0,13.0,3.0,5.0,1.0,7.0,6.0,0.0,4.0,2.0,11.0,15.0,9.0,13.0,10.0,14.0,8.0,12.0,4.0,2.0,6.0,5.0,1.0,7.0,3.0,0.0,12.0,10.0,14.0,9.0,15.0,11.0,13.0,8.0,5.0,4.0,7.0,6.0,2.0,1.0,0.0,3.0,13.0,11.0,15.0,8.0,14.0,10.0,12.0,9.0,6.0,7.0,4.0,0.0,3.0,2.0,1.0,5.0,14.0,13.0,12.0,15.0,9.0,8.0,10.0,11.0,7.0,3.0,5.0,1.0,0.0,6.0,2.0,4.0,15.0,12.0,13.0,14.0,8.0,9.0,11.0,10.0,8.0,9.0,10.0,11.0,12.0,13.0,14.0,15.0,0.0,1.0,2.0,3.0,4.0,5.0,6.0,7.0,9.0,8.0,11.0,10.0,13.0,12.0,15.0,14.0,1.0,0.0,3.0,2.0,5.0,4.0,7.0,6.0,10.0,13.0,15.0,12.0,11.0,14.0,9.0,8.0,2.0,5.0,7.0,4.0,3.0,6.0,0.0,1.0,11.0,12.0,14.0,13.0,10.0,15.0,8.0,9.0,3.0,4.0,6.0,5.0,2.0,7.0,1.0,0.0,12.0,15.0,9.0,8.0,14.0,11.0,10.0,13.0,4.0,6.0,1.0,0.0,7.0,2.0,5.0,3.0,13.0,14.0,8.0,9.0,15.0,10.0,11.0,12.0,5.0,7.0,0.0,1.0,6.0,3.0,4.0,2.0,14.0,10.0,12.0,15.0,9.0,8.0,13.0,11.0,6.0,3.0,4.0,7.0,0.0,1.0,2.0,5.0,15.0,11.0,13.0,14.0,8.0,9.0,12.0,10.0,7.0,2.0,5.0,6.0,1.0,0.0,3.0,4.0
306235,65550,11,multi_DTransversal_55_2025-06-08_22_24_50_447408_2,1749421827,5,1,5,205.1562,206.640644,0,1000000000.0,10862592.0,6529024.0,6245.0,3600000000000.0,86400000000000.0,500000000.0,1000000000.0,1749421490,604800,0,0,0,8,GenuineIntel,Intel(R) Xeon(R) CPU E5-2695 v2 @ 2.40GHz [Family 6 Model 62 Stepping 4],1000000000.0,1000000000.0,1000000000.0,Microsoft Windows 10,"Enterprise LTSB x64 Edition, (10.00.19044.00)",17171070976.0,262144.0,19721207808.0,47715450880.0,12050235392.0,48026194.0,171008.0,31952040963.26,55829988.834023,31583643.413455,0.0,1.0,0.0,0.931986,0,0.0,0.0,1.0,2.0,3.0,4.0,5.0,6.0,7.0,8.0,9.0,10.0,11.0,12.0,13.0,14.0,15.0,1.0,0.0,3.0,2.0,5.0,4.0,7.0,6.0,9.0,8.0,11.0,10.0,13.0,12.0,15.0,14.0,2.0,6.0,0.0,4.0,7.0,3.0,5.0,1.0,10.0,14.0,8.0,12.0,11.0,15.0,9.0,13.0,3.0,5.0,1.0,7.0,6.0,0.0,4.0,2.0,11.0,15.0,9.0,13.0,10.0,14.0,8.0,12.0,4.0,2.0,6.0,5.0,1.0,7.0,3.0,0.0,12.0,10.0,14.0,9.0,15.0,11.0,13.0,8.0,5.0,4.0,7.0,6.0,2.0,1.0,0.0,3.0,13.0,11.0,15.0,8.0,14.0,10.0,12.0,9.0,6.0,7.0,4.0,0.0,3.0,2.0,1.0,5.0,14.0,13.0,12.0,15.0,9.0,8.0,10.0,11.0,7.0,3.0,5.0,1.0,0.0,6.0,2.0,4.0,15.0,12.0,13.0,14.0,8.0,9.0,11.0,10.0,8.0,9.0,10.0,11.0,12.0,13.0,14.0,15.0,0.0,1.0,2.0,3.0,4.0,5.0,6.0,7.0,9.0,8.0,11.0,10.0,13.0,12.0,15.0,14.0,1.0,0.0,3.0,2.0,5.0,4.0,7.0,6.0,10.0,13.0,15.0,12.0,11.0,14.0,9.0,8.0,2.0,5.0,7.0,4.0,3.0,6.0,0.0,1.0,11.0,12.0,14.0,13.0,10.0,15.0,8.0,9.0,3.0,4.0,6.0,5.0,2.0,7.0,1.0,0.0,12.0,15.0,9.0,8.0,14.0,11.0,10.0,13.0,4.0,6.0,1.0,0.0,7.0,2.0,5.0,3.0,13.0,14.0,8.0,9.0,15.0,10.0,11.0,12.0,5.0,7.0,0.0,1.0,6.0,3.0,4.0,2.0,14.0,10.0,12.0,15.0,9.0,8.0,13.0,11.0,6.0,3.0,4.0,7.0,0.0,1.0,2.0,5.0,15.0,11.0,13.0,14.0,8.0,9.0,12.0,10.0,7.0,2.0,5.0,6.0,1.0,0.0,3.0,4.0
306239,65552,7,multi_DTransversal_57_2025-06-08_22_24_50_607506_0,1749421827,5,1,5,543.6216,547.800058,0,1000000000.0,4456448.0,6959104.0,14773.0,3600000000000.0,86400000000000.0,500000000.0,1000000000.0,1749421490,604800,0,0,0,2,GenuineIntel,Intel Xeon Processor (Icelake) [Family 6 Model 106 Stepping 0],1000000000.0,1000000000.0,1000000000.0,Linux Ubuntu,Ubuntu 24.04.2 LTS [6.8.0-59-generic|libc 2.39],1006923776.0,16777216.0,0.0,20105105408.0,16966135808.0,3182592.0,688128.0,18792905359.36,49682873.433256,29201129.209936,0.0,1.0,0.0,0.844088,0,0.0,0.0,1.0,2.0,3.0,4.0,5.0,6.0,7.0,8.0,9.0,10.0,11.0,12.0,13.0,14.0,15.0,1.0,0.0,3.0,2.0,5.0,4.0,7.0,6.0,9.0,8.0,11.0,10.0,13.0,12.0,15.0,14.0,2.0,6.0,1.0,5.0,7.0,3.0,4.0,0.0,10.0,14.0,9.0,8.0,15.0,11.0,12.0,13.0,3.0,7.0,0.0,4.0,6.0,2.0,5.0,1.0,11.0,15.0,12.0,13.0,14.0,10.0,9.0,8.0,4.0,3.0,6.0,7.0,2.0,0.0,1.0,5.0,12.0,13.0,15.0,14.0,9.0,8.0,11.0,10.0,5.0,2.0,7.0,6.0,3.0,1.0,0.0,4.0,13.0,12.0,14.0,15.0,8.0,9.0,10.0,11.0,6.0,5.0,4.0,0.0,1.0,7.0,2.0,3.0,14.0,10.0,13.0,9.0,11.0,15.0,8.0,12.0,7.0,4.0,5.0,1.0,0.0,6.0,3.0,2.0,15.0,11.0,8.0,12.0,10.0,14.0,13.0,9.0,8.0,9.0,10.0,11.0,12.0,13.0,14.0,15.0,0.0,1.0,2.0,3.0,4.0,5.0,6.0,7.0,9.0,8.0,11.0,10.0,13.0,12.0,15.0,14.0,1.0,0.0,3.0,2.0,5.0,4.0,7.0,6.0,10.0,14.0,8.0,12.0,15.0,11.0,13.0,9.0,2.0,6.0,0.0,4.0,3.0,7.0,1.0,5.0,11.0,13.0,9.0,15.0,14.0,8.0,12.0,10.0,3.0,7.0,1.0,5.0,2.0,6.0,0.0,4.0,12.0,10.0,14.0,13.0,9.0,15.0,11.0,8.0,4.0,2.0,6.0,1.0,7.0,3.0,5.0,0.0,13.0,12.0,15.0,14.0,10.0,9.0,8.0,11.0,5.0,3.0,7.0,0.0,6.0,2.0,4.0,1.0,14.0,15.0,12.0,8.0,11.0,10.0,9.0,13.0,6.0,5.0,4.0,7.0,1.0,0.0,2.0,3.0,15.0,11.0,13.0,9.0,8.0,14.0,10.0,12.0,7.0,4.0,5.0,6.0,0.0,1.0,3.0,2.0
306240,65552,12,multi_DTransversal_57_2025-06-08_22_24_50_607506_1,1749421827,5,1,5,206.3906,207.875023,0,1000000000.0,11051008.0,6516736.0,6244.0,3600000000000.0,86400000000000.0,500000000.0,1000000000.0,1749421490,604800,0,0,0,8,GenuineIntel,Intel(R) Xeon(R) CPU E5-2695 v2 @ 2.40GHz [Family 6 Model 62 Stepping 4],1000000000.0,1000000000.0,1000000000.0,Microsoft Windows 10,"Enterprise LTSB x64 Edition, (10.00.19044.00)",25761005568.0,262144.0,29519101952.0,47715450880.0,9854517248.0,50332470.0,0.0,13190576267.66,47277768.885526,29243555.256756,0.0,1.0,0.0,0.926923,0,0.0,0.0,1.0,2.0,3.0,4.0,5.0,6.0,7.0,8.0,9.0,10.0,11.0,12.0,13.0,14.0,15.0,1.0,0.0,3.0,2.0,5.0,4.0,7.0,6.0,9.0,8.0,11.0,10.0,13.0,12.0,15.0,14.0,2.0,6.0,1.0,5.0,7.0,3.0,4.0,0.0,10.0,14.0,9.0,8.0,15.0,11.0,12.0,13.0,3.0,7.0,0.0,4.0,6.0,2.0,5.0,1.0,11.0,15.0,12.0,13.0,14.0,10.0,9.0,8.0,4.0,3.0,6.0,7.0,2.0,0.0,1.0,5.0,12.0,13.0,15.0,14.0,9.0,8.0,11.0,10.0,5.0,2.0,7.0,6.0,3.0,1.0,0.0,4.0,13.0,12.0,14.0,15.0,8.0,9.0,10.0,11.0,6.0,5.0,4.0,0.0,1.0,7.0,2.0,3.0,14.0,10.0,13.0,9.0,11.0,15.0,8.0,12.0,7.0,4.0,5.0,1.0,0.0,6.0,3.0,2.0,15.0,11.0,8.0,12.0,10.0,14.0,13.0,9.0,8.0,9.0,10.0,11.0,12.0,13.0,14.0,15.0,0.0,1.0,2.0,3.0,4.0,5.0,6.0,7.0,9.0,8.0,11.0,10.0,13.0,12.0,15.0,14.0,1.0,0.0,3.0,2.0,5.0,4.0,7.0,6.0,10.0,14.0,8.0,12.0,15.0,11.0,13.0,9.0,2.0,6.0,0.0,4.0,3.0,7.0,1.0,5.0,11.0,13.0,9.0,15.0,14.0,8.0,12.0,10.0,3.0,7.0,1.0,5.0,2.0,6.0,0.0,4.0,12.0,10.0,14.0,13.0,9.0,15.0,11.0,8.0,4.0,2.0,6.0,1.0,7.0,3.0,5.0,0.0,13.0,12.0,15.0,14.0,10.0,9.0,8.0,11.0,5.0,3.0,7.0,0.0,6.0,2.0,4.0,1.0,14.0,15.0,12.0,8.0,11.0,10.0,9.0,13.0,6.0,5.0,4.0,7.0,1.0,0.0,2.0,3.0,15.0,11.0,13.0,9.0,8.0,14.0,10.0,12.0,7.0,4.0,5.0,6.0,0.0,1.0,3.0,2.0
306241,65552,12,multi_DTransversal_57_2025-06-08_22_24_50_607506_2,1749421827,5,1,5,206.5469,208.859373,0,1000000000.0,11051008.0,6512640.0,6243.0,3600000000000.0,86400000000000.0,500000000.0,1000000000.0,1749421490,604800,0,0,0,8,GenuineIntel,Intel(R) Xeon(R) CPU E5-2695 v2 @ 2.40GHz [Family 6 Model 62 Stepping 4],1000000000.0,1000000000.0,1000000000.0,Microsoft Windows 10,"Enterprise LTSB x64 Edition, (10.00.19044.00)",25761005568.0,262144.0,29519101952.0,47715450880.0,9854517248.0,50332470.0,0.0,13190576267.66,47277768.885526,29243555.256756,0.0,1.0,0.0,0.926923,0,0.0,0.0,1.0,2.0,3.0,4.0,5.0,6.0,7.0,8.0,9.0,10.0,11.0,12.0,13.0,14.0,15.0,1.0,0.0,3.0,2.0,5.0,4.0,7.0,6.0,9.0,8.0,11.0,10.0,13.0,12.0,15.0,14.0,2.0,6.0,1.0,5.0,7.0,3.0,4.0,0.0,10.0,14.0,9.0,8.0,15.0,11.0,12.0,13.0,3.0,7.0,0.0,4.0,6.0,2.0,5.0,1.0,11.0,15.0,12.0,13.0,14.0,10.0,9.0,8.0,4.0,3.0,6.0,7.0,2.0,0.0,1.0,5.0,12.0,13.0,15.0,14.0,9.0,8.0,11.0,10.0,5.0,2.0,7.0,6.0,3.0,1.0,0.0,4.0,13.0,12.0,14.0,15.0,8.0,9.0,10.0,11.0,6.0,5.0,4.0,0.0,1.0,7.0,2.0,3.0,14.0,10.0,13.0,9.0,11.0,15.0,8.0,12.0,7.0,4.0,5.0,1.0,0.0,6.0,3.0,2.0,15.0,11.0,8.0,12.0,10.0,14.0,13.0,9.0,8.0,9.0,10.0,11.0,12.0,13.0,14.0,15.0,0.0,1.0,2.0,3.0,4.0,5.0,6.0,7.0,9.0,8.0,11.0,10.0,13.0,12.0,15.0,14.0,1.0,0.0,3.0,2.0,5.0,4.0,7.0,6.0,10.0,14.0,8.0,12.0,15.0,11.0,13.0,9.0,2.0,6.0,0.0,4.0,3.0,7.0,1.0,5.0,11.0,13.0,9.0,15.0,14.0,8.0,12.0,10.0,3.0,7.0,1.0,5.0,2.0,6.0,0.0,4.0,12.0,10.0,14.0,13.0,9.0,15.0,11.0,8.0,4.0,2.0,6.0,1.0,7.0,3.0,5.0,0.0,13.0,12.0,15.0,14.0,10.0,9.0,8.0,11.0,5.0,3.0,7.0,0.0,6.0,2.0,4.0,1.0,14.0,15.0,12.0,8.0,11.0,10.0,9.0,13.0,6.0,5.0,4.0,7.0,1.0,0.0,2.0,3.0,15.0,11.0,13.0,9.0,8.0,14.0,10.0,12.0,7.0,4.0,5.0,6.0,0.0,1.0,3.0,2.0
306242,65553,12,multi_DTransversal_58_2025-06-08_22_24_50_664843_0,1749421827,5,1,5,211.4062,212.859375,0,1000000000.0,11042816.0,6504448.0,6244.0,3600000000000.0,86400000000000.0,500000000.0,1000000000.0,1749421490,604800,0,0,0,8,GenuineIntel,Intel(R) Xeon(R) CPU E5-2695 v2 @ 2.40GHz [Family 6 Model 62 Stepping 4],1000000000.0,1000000000.0,1000000000.0,Microsoft Windows 10,"Enterprise LTSB x64 Edition, (10.00.19044.00)",25761005568.0,262144.0,29519101952.0,47715450880.0,9854517248.0,50332470.0,0.0,13190576267.66,47277768.885526,29243555.256756,0.0,1.0,0.0,0.926923,0,0.0,0.0,1.0,2.0,3.0,4.0,5.0,6.0,7.0,8.0,9.0,10.0,11.0,12.0,13.0,14.0,15.0,1.0,0.0,3.0,2.0,5.0,4.0,7.0,6.0,9.0,8.0,11.0,10.0,13.0,12.0,15.0,14.0,2.0,6.0,5.0,0.0,7.0,3.0,4.0,1.0,10.0,14.0,9.0,13.0,15.0,11.0,12.0,8.0,3.0,7.0,4.0,1.0,6.0,2.0,5.0,0.0,11.0,15.0,8.0,12.0,14.0,10.0,13.0,9.0,4.0,3.0,1.0,7.0,0.0,6.0,2.0,5.0,12.0,11.0,14.0,15.0,10.0,8.0,9.0,13.0,5.0,2.0,0.0,6.0,1.0,7.0,3.0,4.0,13.0,10.0,15.0,14.0,11.0,9.0,8.0,12.0,6.0,4.0,7.0,5.0,3.0,0.0,1.0,2.0,14.0,13.0,12.0,8.0,9.0,15.0,10.0,11.0,7.0,5.0,6.0,4.0,2.0,1.0,0.0,3.0,15.0,12.0,13.0,9.0,8.0,14.0,11.0,10.0,8.0,9.0,10.0,11.0,12.0,13.0,14.0,15.0,0.0,1.0,2.0,3.0,4.0,5.0,6.0,7.0,9.0,8.0,11.0,10.0,13.0,12.0,15.0,14.0,1.0,0.0,3.0,2.0,5.0,4.0,7.0,6.0,10.0,14.0,9.0,8.0,15.0,11.0,12.0,13.0,2.0,6.0,0.0,4.0,7.0,3.0,5.0,1.0,11.0,15.0,12.0,13.0,14.0,10.0,9.0,8.0,3.0,5.0,1.0,7.0,6.0,0.0,4.0,2.0,12.0,13.0,15.0,14.0,9.0,8.0,11.0,10.0,4.0,2.0,6.0,5.0,1.0,7.0,3.0,0.0,13.0,12.0,14.0,15.0,8.0,9.0,10.0,11.0,5.0,4.0,7.0,6.0,2.0,1.0,0.0,3.0,14.0,10.0,13.0,9.0,11.0,15.0,8.0,12.0,6.0,7.0,4.0,0.0,3.0,2.0,1.0,5.0,15.0,11.0,8.0,12.0,10.0,14.0,13.0,9.0,7.0,3.0,5.0,1.0,0.0,6.0,2.0,4.0
306243,65553,12,multi_DTransversal_58_2025-06-08_22_24_50_664843_1,1749421827,5,1,5,211.2656,214.01564,0,1000000000.0,11042816.0,6508544.0,6244.0,3600000000000.0,86400000000000.0,500000000.0,1000000000.0,1749421490,604800,0,0,0,8,GenuineIntel,Intel(R) Xeon(R) CPU E5-2695 v2 @ 2.40GHz [Family 6 Model 62 Stepping 4],1000000000.0,1000000000.0,1000000000.0,Microsoft Windows 10,"Enterprise LTSB x64 Edition, (10.00.19044.00)",25761005568.0,262144.0,29519101952.0,47715450880.0,9854517248.0,50332470.0,0.0,13190576267.66,47277768.885526,29243555.256756,0.0,1.0,0.0,0.926923,0,0.0,0.0,1.0,2.0,3.0,4.0,5.0,6.0,7.0,8.0,9.0,10.0,11.0,12.0,13.0,14.0,15.0,1.0,0.0,3.0,2.0,5.0,4.0,7.0,6.0,9.0,8.0,11.0,10.0,13.0,12.0,15.0,14.0,2.0,6.0,5.0,0.0,7.0,3.0,4.0,1.0,10.0,14.0,9.0,13.0,15.0,11.0,12.0,8.0,3.0,7.0,4.0,1.0,6.0,2.0,5.0,0.0,11.0,15.0,8.0,12.0,14.0,10.0,13.0,9.0,4.0,3.0,1.0,7.0,0.0,6.0,2.0,5.0,12.0,11.0,14.0,15.0,10.0,8.0,9.0,13.0,5.0,2.0,0.0,6.0,1.0,7.0,3.0,4.0,13.0,10.0,15.0,14.0,11.0,9.0,8.0,12.0,6.0,4.0,7.0,5.0,3.0,0.0,1.0,2.0,14.0,13.0,12.0,8.0,9.0,15.0,10.0,11.0,7.0,5.0,6.0,4.0,2.0,1.0,0.0,3.0,15.0,12.0,13.0,9.0,8.0,14.0,11.0,10.0,8.0,9.0,10.0,11.0,12.0,13.0,14.0,15.0,0.0,1.0,2.0,3.0,4.0,5.0,6.0,7.0,9.0,8.0,11.0,10.0,13.0,12.0,15.0,14.0,1.0,0.0,3.0,2.0,5.0,4.0,7.0,6.0,10.0,14.0,9.0,8.0,15.0,11.0,12.0,13.0,2.0,6.0,0.0,4.0,7.0,3.0,5.0,1.0,11.0,15.0,12.0,13.0,14.0,10.0,9.0,8.0,3.0,5.0,1.0,7.0,6.0,0.0,4.0,2.0,12.0,13.0,15.0,14.0,9.0,8.0,11.0,10.0,4.0,2.0,6.0,5.0,1.0,7.0,3.0,0.0,13.0,12.0,14.0,15.0,8.0,9.0,10.0,11.0,5.0,4.0,7.0,6.0,2.0,1.0,0.0,3.0,14.0,10.0,13.0,9.0,11.0,15.0,8.0,12.0,6.0,7.0,4.0,0.0,3.0,2.0,1.0,5.0,15.0,11.0,8.0,12.0,10.0,14.0,13.0,9.0,7.0,3.0,5.0,1.0,0.0,6.0,2.0,4.0
306244,65553,12,multi_DTransversal_58_2025-06-08_22_24_50_664843_2,1749421827,5,1,5,211.2969,212.859375,0,1000000000.0,11042816.0,6520832.0,6244.0,3600000000000.0,86400000000000.0,500000000.0,1000000000.0,1749421490,604800,0,0,0,8,GenuineIntel,Intel(R) Xeon(R) CPU E5-2695 v2 @ 2.40GHz [Family 6 Model 62 Stepping 4],1000000000.0,1000000000.0,1000000000.0,Microsoft Windows 10,"Enterprise LTSB x64 Edition, (10.00.19044.00)",25761005568.0,262144.0,29519101952.0,47715450880.0,9854517248.0,50332470.0,0.0,13190576267.66,47277768.885526,29243555.256756,0.0,1.0,0.0,0.926923,0,0.0,0.0,1.0,2.0,3.0,4.0,5.0,6.0,7.0,8.0,9.0,10.0,11.0,12.0,13.0,14.0,15.0,1.0,0.0,3.0,2.0,5.0,4.0,7.0,6.0,9.0,8.0,11.0,10.0,13.0,12.0,15.0,14.0,2.0,6.0,5.0,0.0,7.0,3.0,4.0,1.0,10.0,14.0,9.0,13.0,15.0,11.0,12.0,8.0,3.0,7.0,4.0,1.0,6.0,2.0,5.0,0.0,11.0,15.0,8.0,12.0,14.0,10.0,13.0,9.0,4.0,3.0,1.0,7.0,0.0,6.0,2.0,5.0,12.0,11.0,14.0,15.0,10.0,8.0,9.0,13.0,5.0,2.0,0.0,6.0,1.0,7.0,3.0,4.0,13.0,10.0,15.0,14.0,11.0,9.0,8.0,12.0,6.0,4.0,7.0,5.0,3.0,0.0,1.0,2.0,14.0,13.0,12.0,8.0,9.0,15.0,10.0,11.0,7.0,5.0,6.0,4.0,2.0,1.0,0.0,3.0,15.0,12.0,13.0,9.0,8.0,14.0,11.0,10.0,8.0,9.0,10.0,11.0,12.0,13.0,14.0,15.0,0.0,1.0,2.0,3.0,4.0,5.0,6.0,7.0,9.0,8.0,11.0,10.0,13.0,12.0,15.0,14.0,1.0,0.0,3.0,2.0,5.0,4.0,7.0,6.0,10.0,14.0,9.0,8.0,15.0,11.0,12.0,13.0,2.0,6.0,0.0,4.0,7.0,3.0,5.0,1.0,11.0,15.0,12.0,13.0,14.0,10.0,9.0,8.0,3.0,5.0,1.0,7.0,6.0,0.0,4.0,2.0,12.0,13.0,15.0,14.0,9.0,8.0,11.0,10.0,4.0,2.0,6.0,5.0,1.0,7.0,3.0,0.0,13.0,12.0,14.0,15.0,8.0,9.0,10.0,11.0,5.0,4.0,7.0,6.0,2.0,1.0,0.0,3.0,14.0,10.0,13.0,9.0,11.0,15.0,8.0,12.0,6.0,7.0,4.0,0.0,3.0,2.0,1.0,5.0,15.0,11.0,8.0,12.0,10.0,14.0,13.0,9.0,7.0,3.0,5.0,1.0,0.0,6.0,2.0,4.0
306245,65554,12,multi_DTransversal_59_2025-06-08_22_24_50_727844_0,1749421827,5,1,5,208.2812,210.859371,0,1000000000.0,11046912.0,6512640.0,6243.0,3600000000000.0,86400000000000.0,500000000.0,1000000000.0,1749421490,604800,0,0,0,8,GenuineIntel,Intel(R) Xeon(R) CPU E5-2695 v2 @ 2.40GHz [Family 6 Model 62 Stepping 4],1000000000.0,1000000000.0,1000000000.0,Microsoft Windows 10,"Enterprise LTSB x64 Edition, (10.00.19044.00)",25761005568.0,262144.0,29519101952.0,47715450880.0,9854517248.0,50332470.0,0.0,13190576267.66,47277768.885526,29243555.256756,0.0,1.0,0.0,0.926923,0,0.0,0.0,1.0,2.0,3.0,4.0,5.0,6.0,7.0,8.0,9.0,10.0,11.0,12.0,13.0,14.0,15.0,1.0,0.0,3.0,2.0,5.0,4.0,7.0,6.0,9.0,8.0,11.0,10.0,13.0,12.0,15.0,14.0,2.0,6.0,7.0,5.0,1.0,0.0,4.0,3.0,10.0,14.0,13.0,8.0,15.0,11.0,12.0,9.0,3.0,7.0,6.0,4.0,0.0,1.0,5.0,2.0,11.0,15.0,12.0,9.0,14.0,10.0,13.0,8.0,4.0,2.0,1.0,0.0,7.0,6.0,3.0,5.0,12.0,11.0,9.0,15.0,8.0,14.0,10.0,13.0,5.0,3.0,0.0,1.0,6.0,7.0,2.0,4.0,13.0,10.0,8.0,14.0,9.0,15.0,11.0,12.0,6.0,5.0,4.0,7.0,2.0,3.0,1.0,0.0,14.0,12.0,15.0,13.0,11.0,8.0,9.0,10.0,7.0,4.0,5.0,6.0,3.0,2.0,0.0,1.0,15.0,13.0,14.0,12.0,10.0,9.0,8.0,11.0,8.0,9.0,10.0,11.0,12.0,13.0,14.0,15.0,0.0,1.0,2.0,3.0,4.0,5.0,6.0,7.0,9.0,8.0,11.0,10.0,13.0,12.0,15.0,14.0,1.0,0.0,3.0,2.0,5.0,4.0,7.0,6.0,10.0,14.0,9.0,13.0,15.0,11.0,12.0,8.0,2.0,6.0,1.0,0.0,7.0,3.0,4.0,5.0,11.0,15.0,8.0,12.0,14.0,10.0,13.0,9.0,3.0,7.0,4.0,5.0,6.0,2.0,1.0,0.0,12.0,11.0,14.0,15.0,10.0,8.0,9.0,13.0,4.0,5.0,7.0,6.0,1.0,0.0,3.0,2.0,13.0,10.0,15.0,14.0,11.0,9.0,8.0,12.0,5.0,4.0,6.0,7.0,0.0,1.0,2.0,3.0,14.0,13.0,12.0,8.0,9.0,15.0,10.0,11.0,6.0,2.0,5.0,1.0,3.0,7.0,0.0,4.0,15.0,12.0,13.0,9.0,8.0,14.0,11.0,10.0,7.0,3.0,0.0,4.0,2.0,6.0,5.0,1.0
306246,65554,12,multi_DTransversal_59_2025-06-08_22_24_50_727844_1,1749421827,5,1,5,208.6719,210.984369,0,1000000000.0,11046912.0,6520832.0,6244.0,3600000000000.0,86400000000000.0,500000000.0,1000000000.0,1749421490,604800,0,0,0,8,GenuineIntel,Intel(R) Xeon(R) CPU E5-2695 v2 @ 2.40GHz [Family 6 Model 62 Stepping 4],1000000000.0,1000000000.0,1000000000.0,Microsoft Windows 10,"Enterprise LTSB x64 Edition, (10.00.19044.00)",25761005568.0,262144.0,29519101952.0,47715450880.0,9854517248.0,50332470.0,0.0,13190576267.66,47277768.885526,29243555.256756,0.0,1.0,0.0,0.926923,0,0.0,0.0,1.0,2.0,3.0,4.0,5.0,6.0,7.0,8.0,9.0,10.0,11.0,12.0,13.0,14.0,15.0,1.0,0.0,3.0,2.0,5.0,4.0,7.0,6.0,9.0,8.0,11.0,10.0,13.0,12.0,15.0,14.0,2.0,6.0,7.0,5.0,1.0,0.0,4.0,3.0,10.0,14.0,13.0,8.0,15.0,11.0,12.0,9.0,3.0,7.0,6.0,4.0,0.0,1.0,5.0,2.0,11.0,15.0,12.0,9.0,14.0,10.0,13.0,8.0,4.0,2.0,1.0,0.0,7.0,6.0,3.0,5.0,12.0,11.0,9.0,15.0,8.0,14.0,10.0,13.0,5.0,3.0,0.0,1.0,6.0,7.0,2.0,4.0,13.0,10.0,8.0,14.0,9.0,15.0,11.0,12.0,6.0,5.0,4.0,7.0,2.0,3.0,1.0,0.0,14.0,12.0,15.0,13.0,11.0,8.0,9.0,10.0,7.0,4.0,5.0,6.0,3.0,2.0,0.0,1.0,15.0,13.0,14.0,12.0,10.0,9.0,8.0,11.0,8.0,9.0,10.0,11.0,12.0,13.0,14.0,15.0,0.0,1.0,2.0,3.0,4.0,5.0,6.0,7.0,9.0,8.0,11.0,10.0,13.0,12.0,15.0,14.0,1.0,0.0,3.0,2.0,5.0,4.0,7.0,6.0,10.0,14.0,9.0,13.0,15.0,11.0,12.0,8.0,2.0,6.0,1.0,0.0,7.0,3.0,4.0,5.0,11.0,15.0,8.0,12.0,14.0,10.0,13.0,9.0,3.0,7.0,4.0,5.0,6.0,2.0,1.0,0.0,12.0,11.0,14.0,15.0,10.0,8.0,9.0,13.0,4.0,5.0,7.0,6.0,1.0,0.0,3.0,2.0,13.0,10.0,15.0,14.0,11.0,9.0,8.0,12.0,5.0,4.0,6.0,7.0,0.0,1.0,2.0,3.0,14.0,13.0,12.0,8.0,9.0,15.0,10.0,11.0,6.0,2.0,5.0,1.0,3.0,7.0,0.0,4.0,15.0,12.0,13.0,9.0,8.0,14.0,11.0,10.0,7.0,3.0,0.0,4.0,2.0,6.0,5.0,1.0
306247,65554,8,multi_DTransversal_59_2025-06-08_22_24_50_727844_2,1749421827,5,1,5,496.8423,498.573368,0,1000000000.0,4456448.0,6959104.0,14778.0,3600000000000.0,86400000000000.0,500000000.0,1000000000.0,1749421490,604800,0,0,0,2,GenuineIntel,Intel Xeon Processor (Icelake) [Family 6 Model 106 Stepping 0],1000000000.0,1000000000.0,1000000000.0,Linux Ubuntu,Ubuntu 24.04.2 LTS [6.8.0-59-generic|libc 2.39],1006923776.0,16777216.0,0.0,20105105408.0,16990814208.0,2961408.0,688128.0,18773959311.36,50902949.273249,36815514.871639,0.0,1.0,0.0,0.863835,0,0.0,0.0,1.0,2.0,3.0,4.0,5.0,6.0,7.0,8.0,9.0,10.0,11.0,12.0,13.0,14.0,15.0,1.0,0.0,3.0,2.0,5.0,4.0,7.0,6.0,9.0,8.0,11.0,10.0,13.0,12.0,15.0,14.0,2.0,6.0,7.0,5.0,1.0,0.0,4.0,3.0,10.0,14.0,13.0,8.0,15.0,11.0,12.0,9.0,3.0,7.0,6.0,4.0,0.0,1.0,5.0,2.0,11.0,15.0,12.0,9.0,14.0,10.0,13.0,8.0,4.0,2.0,1.0,0.0,7.0,6.0,3.0,5.0,12.0,11.0,9.0,15.0,8.0,14.0,10.0,13.0,5.0,3.0,0.0,1.0,6.0,7.0,2.0,4.0,13.0,10.0,8.0,14.0,9.0,15.0,11.0,12.0,6.0,5.0,4.0,7.0,2.0,3.0,1.0,0.0,14.0,12.0,15.0,13.0,11.0,8.0,9.0,10.0,7.0,4.0,5.0,6.0,3.0,2.0,0.0,1.0,15.0,13.0,14.0,12.0,10.0,9.0,8.0,11.0,8.0,9.0,10.0,11.0,12.0,13.0,14.0,15.0,0.0,1.0,2.0,3.0,4.0,5.0,6.0,7.0,9.0,8.0,11.0,10.0,13.0,12.0,15.0,14.0,1.0,0.0,3.0,2.0,5.0,4.0,7.0,6.0,10.0,14.0,9.0,13.0,15.0,11.0,12.0,8.0,2.0,6.0,1.0,0.0,7.0,3.0,4.0,5.0,11.0,15.0,8.0,12.0,14.0,10.0,13.0,9.0,3.0,7.0,4.0,5.0,6.0,2.0,1.0,0.0,12.0,11.0,14.0,15.0,10.0,8.0,9.0,13.0,4.0,5.0,7.0,6.0,1.0,0.0,3.0,2.0,13.0,10.0,15.0,14.0,11.0,9.0,8.0,12.0,5.0,4.0,6.0,7.0,0.0,1.0,2.0,3.0,14.0,13.0,12.0,8.0,9.0,15.0,10.0,11.0,6.0,2.0,5.0,1.0,3.0,7.0,0.0,4.0,15.0,12.0,13.0,9.0,8.0,14.0,11.0,10.0,7.0,3.0,0.0,4.0,2.0,6.0,5.0,1.0
306248,65555,13,multi_DTransversal_60_2025-06-08_22_24_50_882057_0,1749421827,5,1,5,205.4688,207.656271,0,1000000000.0,10809344.0,6529024.0,6245.0,3600000000000.0,86400000000000.0,500000000.0,1000000000.0,1749421490,604800,0,0,0,8,GenuineIntel,Intel(R) Xeon(R) CPU E5-2695 v2 @ 2.40GHz [Family 6 Model 62 Stepping 4],1000000000.0,1000000000.0,1000000000.0,Microsoft Windows 10,"Enterprise LTSB x64 Edition, (10.00.19044.00)",17171070976.0,262144.0,19721207808.0,47715450880.0,12161384448.0,47854504.0,0.0,14603537759.36,60997332.301195,14493303.268338,0.0,1.0,0.0,0.931104,0,0.0,0.0,1.0,2.0,3.0,4.0,5.0,6.0,7.0,8.0,9.0,10.0,11.0,12.0,13.0,14.0,15.0,1.0,0.0,3.0,2.0,5.0,4.0,7.0,6.0,9.0,8.0,11.0,10.0,13.0,12.0,15.0,14.0,2.0,7.0,1.0,4.0,3.0,6.0,0.0,5.0,10.0,14.0,15.0,13.0,9.0,8.0,12.0,11.0,3.0,6.0,0.0,5.0,2.0,7.0,1.0,4.0,11.0,15.0,14.0,12.0,8.0,9.0,13.0,10.0,4.0,3.0,6.0,7.0,1.0,2.0,5.0,0.0,12.0,10.0,9.0,8.0,15.0,14.0,11.0,13.0,5.0,2.0,7.0,6.0,0.0,3.0,4.0,1.0,13.0,11.0,8.0,9.0,14.0,15.0,10.0,12.0,6.0,5.0,4.0,1.0,7.0,0.0,3.0,2.0,14.0,13.0,12.0,15.0,10.0,11.0,9.0,8.0,7.0,4.0,5.0,0.0,6.0,1.0,2.0,3.0,15.0,12.0,13.0,14.0,11.0,10.0,8.0,9.0,8.0,9.0,10.0,11.0,12.0,13.0,14.0,15.0,0.0,1.0,2.0,3.0,4.0,5.0,6.0,7.0,9.0,8.0,11.0,10.0,13.0,12.0,15.0,14.0,1.0,0.0,3.0,2.0,5.0,4.0,7.0,6.0,10.0,14.0,13.0,8.0,15.0,11.0,12.0,9.0,2.0,6.0,1.0,5.0,7.0,3.0,4.0,0.0,11.0,15.0,12.0,9.0,14.0,10.0,13.0,8.0,3.0,7.0,0.0,4.0,6.0,2.0,5.0,1.0,12.0,11.0,9.0,15.0,8.0,14.0,10.0,13.0,4.0,3.0,6.0,7.0,2.0,0.0,1.0,5.0,13.0,10.0,8.0,14.0,9.0,15.0,11.0,12.0,5.0,2.0,7.0,6.0,3.0,1.0,0.0,4.0,14.0,12.0,15.0,13.0,11.0,8.0,9.0,10.0,6.0,5.0,4.0,0.0,1.0,7.0,2.0,3.0,15.0,13.0,14.0,12.0,10.0,9.0,8.0,11.0,7.0,4.0,5.0,1.0,0.0,6.0,3.0,2.0
306249,65555,13,multi_DTransversal_60_2025-06-08_22_24_50_882057_1,1749421827,5,1,5,206.6406,208.671886,0,1000000000.0,10817536.0,6537216.0,6245.0,3600000000000.0,86400000000000.0,500000000.0,1000000000.0,1749421490,604800,0,0,0,8,GenuineIntel,Intel(R) Xeon(R) CPU E5-2695 v2 @ 2.40GHz [Family 6 Model 62 Stepping 4],1000000000.0,1000000000.0,1000000000.0,Microsoft Windows 10,"Enterprise LTSB x64 Edition, (10.00.19044.00)",17171070976.0,262144.0,19721207808.0,47715450880.0,12161384448.0,47854504.0,0.0,14603537759.36,60997332.301195,14493303.268338,0.0,1.0,0.0,0.931104,0,0.0,0.0,1.0,2.0,3.0,4.0,5.0,6.0,7.0,8.0,9.0,10.0,11.0,12.0,13.0,14.0,15.0,1.0,0.0,3.0,2.0,5.0,4.0,7.0,6.0,9.0,8.0,11.0,10.0,13.0,12.0,15.0,14.0,2.0,7.0,1.0,4.0,3.0,6.0,0.0,5.0,10.0,14.0,15.0,13.0,9.0,8.0,12.0,11.0,3.0,6.0,0.0,5.0,2.0,7.0,1.0,4.0,11.0,15.0,14.0,12.0,8.0,9.0,13.0,10.0,4.0,3.0,6.0,7.0,1.0,2.0,5.0,0.0,12.0,10.0,9.0,8.0,15.0,14.0,11.0,13.0,5.0,2.0,7.0,6.0,0.0,3.0,4.0,1.0,13.0,11.0,8.0,9.0,14.0,15.0,10.0,12.0,6.0,5.0,4.0,1.0,7.0,0.0,3.0,2.0,14.0,13.0,12.0,15.0,10.0,11.0,9.0,8.0,7.0,4.0,5.0,0.0,6.0,1.0,2.0,3.0,15.0,12.0,13.0,14.0,11.0,10.0,8.0,9.0,8.0,9.0,10.0,11.0,12.0,13.0,14.0,15.0,0.0,1.0,2.0,3.0,4.0,5.0,6.0,7.0,9.0,8.0,11.0,10.0,13.0,12.0,15.0,14.0,1.0,0.0,3.0,2.0,5.0,4.0,7.0,6.0,10.0,14.0,13.0,8.0,15.0,11.0,12.0,9.0,2.0,6.0,1.0,5.0,7.0,3.0,4.0,0.0,11.0,15.0,12.0,9.0,14.0,10.0,13.0,8.0,3.0,7.0,0.0,4.0,6.0,2.0,5.0,1.0,12.0,11.0,9.0,15.0,8.0,14.0,10.0,13.0,4.0,3.0,6.0,7.0,2.0,0.0,1.0,5.0,13.0,10.0,8.0,14.0,9.0,15.0,11.0,12.0,5.0,2.0,7.0,6.0,3.0,1.0,0.0,4.0,14.0,12.0,15.0,13.0,11.0,8.0,9.0,10.0,6.0,5.0,4.0,0.0,1.0,7.0,2.0,3.0,15.0,13.0,14.0,12.0,10.0,9.0,8.0,11.0,7.0,4.0,5.0,1.0,0.0,6.0,3.0,2.0
306250,65555,14,multi_DTransversal_60_2025-06-08_22_24_50_882057_2,1749421827,5,1,5,207.1406,209.53125,0,1000000000.0,10829824.0,6529024.0,6245.0,3600000000000.0,86400000000000.0,500000000.0,1000000000.0,1749421490,604800,0,0,0,8,GenuineIntel,Intel(R) Xeon(R) CPU E5-2695 v2 @ 2.40GHz [Family 6 Model 62 Stepping 4],1000000000.0,1000000000.0,1000000000.0,Microsoft Windows 10,"Enterprise LTSB x64 Edition, (10.00.19044.00)",17171070976.0,262144.0,19721207808.0,47715450880.0,12043943936.0,50470565.0,171008.0,14504363335.66,50555456.420003,25813395.198889,0.0,1.0,0.0,0.932014,0,0.0,0.0,1.0,2.0,3.0,4.0,5.0,6.0,7.0,8.0,9.0,10.0,11.0,12.0,13.0,14.0,15.0,1.0,0.0,3.0,2.0,5.0,4.0,7.0,6.0,9.0,8.0,11.0,10.0,13.0,12.0,15.0,14.0,2.0,7.0,1.0,4.0,3.0,6.0,0.0,5.0,10.0,14.0,15.0,13.0,9.0,8.0,12.0,11.0,3.0,6.0,0.0,5.0,2.0,7.0,1.0,4.0,11.0,15.0,14.0,12.0,8.0,9.0,13.0,10.0,4.0,3.0,6.0,7.0,1.0,2.0,5.0,0.0,12.0,10.0,9.0,8.0,15.0,14.0,11.0,13.0,5.0,2.0,7.0,6.0,0.0,3.0,4.0,1.0,13.0,11.0,8.0,9.0,14.0,15.0,10.0,12.0,6.0,5.0,4.0,1.0,7.0,0.0,3.0,2.0,14.0,13.0,12.0,15.0,10.0,11.0,9.0,8.0,7.0,4.0,5.0,0.0,6.0,1.0,2.0,3.0,15.0,12.0,13.0,14.0,11.0,10.0,8.0,9.0,8.0,9.0,10.0,11.0,12.0,13.0,14.0,15.0,0.0,1.0,2.0,3.0,4.0,5.0,6.0,7.0,9.0,8.0,11.0,10.0,13.0,12.0,15.0,14.0,1.0,0.0,3.0,2.0,5.0,4.0,7.0,6.0,10.0,14.0,13.0,8.0,15.0,11.0,12.0,9.0,2.0,6.0,1.0,5.0,7.0,3.0,4.0,0.0,11.0,15.0,12.0,9.0,14.0,10.0,13.0,8.0,3.0,7.0,0.0,4.0,6.0,2.0,5.0,1.0,12.0,11.0,9.0,15.0,8.0,14.0,10.0,13.0,4.0,3.0,6.0,7.0,2.0,0.0,1.0,5.0,13.0,10.0,8.0,14.0,9.0,15.0,11.0,12.0,5.0,2.0,7.0,6.0,3.0,1.0,0.0,4.0,14.0,12.0,15.0,13.0,11.0,8.0,9.0,10.0,6.0,5.0,4.0,0.0,1.0,7.0,2.0,3.0,15.0,13.0,14.0,12.0,10.0,9.0,8.0,11.0,7.0,4.0,5.0,1.0,0.0,6.0,3.0,2.0
306251,65556,14,multi_DTransversal_61_2025-06-08_22_24_51_053245_0,1749421827,5,1,5,209.8125,211.843731,0,1000000000.0,10809344.0,6537216.0,6245.0,3600000000000.0,86400000000000.0,500000000.0,1000000000.0,1749421491,604800,0,0,0,8,GenuineIntel,Intel(R) Xeon(R) CPU E5-2695 v2 @ 2.40GHz [Family 6 Model 62 Stepping 4],1000000000.0,1000000000.0,1000000000.0,Microsoft Windows 10,"Enterprise LTSB x64 Edition, (10.00.19044.00)",17171070976.0,262144.0,19721207808.0,47715450880.0,12043943936.0,50470565.0,171008.0,14504363335.66,50555456.420003,25813395.198889,0.0,1.0,0.0,0.932014,0,0.0,0.0,1.0,2.0,3.0,4.0,5.0,6.0,7.0,8.0,9.0,10.0,11.0,12.0,13.0,14.0,15.0,1.0,0.0,3.0,2.0,5.0,4.0,7.0,6.0,9.0,8.0,11.0,10.0,13.0,12.0,15.0,14.0,2.0,7.0,1.0,4.0,3.0,6.0,5.0,0.0,10.0,15.0,9.0,12.0,11.0,14.0,8.0,13.0,3.0,6.0,0.0,5.0,2.0,7.0,4.0,1.0,11.0,14.0,8.0,13.0,10.0,15.0,9.0,12.0,4.0,5.0,6.0,0.0,7.0,3.0,1.0,2.0,12.0,11.0,14.0,15.0,9.0,10.0,13.0,8.0,5.0,4.0,7.0,1.0,6.0,2.0,0.0,3.0,13.0,10.0,15.0,14.0,8.0,11.0,12.0,9.0,6.0,2.0,4.0,7.0,0.0,1.0,3.0,5.0,14.0,13.0,12.0,9.0,15.0,8.0,11.0,10.0,7.0,3.0,5.0,6.0,1.0,0.0,2.0,4.0,15.0,12.0,13.0,8.0,14.0,9.0,10.0,11.0,8.0,9.0,10.0,11.0,12.0,13.0,14.0,15.0,0.0,1.0,2.0,3.0,4.0,5.0,6.0,7.0,9.0,8.0,11.0,10.0,13.0,12.0,15.0,14.0,1.0,0.0,3.0,2.0,5.0,4.0,7.0,6.0,10.0,14.0,15.0,13.0,9.0,8.0,12.0,11.0,2.0,6.0,5.0,0.0,7.0,3.0,4.0,1.0,11.0,15.0,14.0,12.0,8.0,9.0,13.0,10.0,3.0,7.0,4.0,1.0,6.0,2.0,5.0,0.0,12.0,10.0,9.0,8.0,15.0,14.0,11.0,13.0,4.0,3.0,1.0,7.0,0.0,6.0,2.0,5.0,13.0,11.0,8.0,9.0,14.0,15.0,10.0,12.0,5.0,2.0,0.0,6.0,1.0,7.0,3.0,4.0,14.0,13.0,12.0,15.0,10.0,11.0,9.0,8.0,6.0,4.0,7.0,5.0,3.0,0.0,1.0,2.0,15.0,12.0,13.0,14.0,11.0,10.0,8.0,9.0,7.0,5.0,6.0,4.0,2.0,1.0,0.0,3.0
306252,65556,14,multi_DTransversal_61_2025-06-08_22_24_51_053245_1,1749421827,5,1,5,214.4375,216.703127,0,1000000000.0,10829824.0,6524928.0,6245.0,3600000000000.0,86400000000000.0,500000000.0,1000000000.0,1749421491,604800,0,0,0,8,GenuineIntel,Intel(R) Xeon(R) CPU E5-2695 v2 @ 2.40GHz [Family 6 Model 62 Stepping 4],1000000000.0,1000000000.0,1000000000.0,Microsoft Windows 10,"Enterprise LTSB x64 Edition, (10.00.19044.00)",17171070976.0,262144.0,19721207808.0,47715450880.0,12043943936.0,50470565.0,171008.0,14504363335.66,50555456.420003,25813395.198889,0.0,1.0,0.0,0.932014,0,0.0,0.0,1.0,2.0,3.0,4.0,5.0,6.0,7.0,8.0,9.0,10.0,11.0,12.0,13.0,14.0,15.0,1.0,0.0,3.0,2.0,5.0,4.0,7.0,6.0,9.0,8.0,11.0,10.0,13.0,12.0,15.0,14.0,2.0,7.0,1.0,4.0,3.0,6.0,5.0,0.0,10.0,15.0,9.0,12.0,11.0,14.0,8.0,13.0,3.0,6.0,0.0,5.0,2.0,7.0,4.0,1.0,11.0,14.0,8.0,13.0,10.0,15.0,9.0,12.0,4.0,5.0,6.0,0.0,7.0,3.0,1.0,2.0,12.0,11.0,14.0,15.0,9.0,10.0,13.0,8.0,5.0,4.0,7.0,1.0,6.0,2.0,0.0,3.0,13.0,10.0,15.0,14.0,8.0,11.0,12.0,9.0,6.0,2.0,4.0,7.0,0.0,1.0,3.0,5.0,14.0,13.0,12.0,9.0,15.0,8.0,11.0,10.0,7.0,3.0,5.0,6.0,1.0,0.0,2.0,4.0,15.0,12.0,13.0,8.0,14.0,9.0,10.0,11.0,8.0,9.0,10.0,11.0,12.0,13.0,14.0,15.0,0.0,1.0,2.0,3.0,4.0,5.0,6.0,7.0,9.0,8.0,11.0,10.0,13.0,12.0,15.0,14.0,1.0,0.0,3.0,2.0,5.0,4.0,7.0,6.0,10.0,14.0,15.0,13.0,9.0,8.0,12.0,11.0,2.0,6.0,5.0,0.0,7.0,3.0,4.0,1.0,11.0,15.0,14.0,12.0,8.0,9.0,13.0,10.0,3.0,7.0,4.0,1.0,6.0,2.0,5.0,0.0,12.0,10.0,9.0,8.0,15.0,14.0,11.0,13.0,4.0,3.0,1.0,7.0,0.0,6.0,2.0,5.0,13.0,11.0,8.0,9.0,14.0,15.0,10.0,12.0,5.0,2.0,0.0,6.0,1.0,7.0,3.0,4.0,14.0,13.0,12.0,15.0,10.0,11.0,9.0,8.0,6.0,4.0,7.0,5.0,3.0,0.0,1.0,2.0,15.0,12.0,13.0,14.0,11.0,10.0,8.0,9.0,7.0,5.0,6.0,4.0,2.0,1.0,0.0,3.0
306253,65556,14,multi_DTransversal_61_2025-06-08_22_24_51_053245_2,1749421827,5,1,5,211.4375,213.843731,0,1000000000.0,10829824.0,6529024.0,6244.0,3600000000000.0,86400000000000.0,500000000.0,1000000000.0,1749421491,604800,0,0,0,8,GenuineIntel,Intel(R) Xeon(R) CPU E5-2695 v2 @ 2.40GHz [Family 6 Model 62 Stepping 4],1000000000.0,1000000000.0,1000000000.0,Microsoft Windows 10,"Enterprise LTSB x64 Edition, (10.00.19044.00)",17171070976.0,262144.0,19721207808.0,47715450880.0,12043943936.0,50470565.0,171008.0,14504363335.66,50555456.420003,25813395.198889,0.0,1.0,0.0,0.932014,0,0.0,0.0,1.0,2.0,3.0,4.0,5.0,6.0,7.0,8.0,9.0,10.0,11.0,12.0,13.0,14.0,15.0,1.0,0.0,3.0,2.0,5.0,4.0,7.0,6.0,9.0,8.0,11.0,10.0,13.0,12.0,15.0,14.0,2.0,7.0,1.0,4.0,3.0,6.0,5.0,0.0,10.0,15.0,9.0,12.0,11.0,14.0,8.0,13.0,3.0,6.0,0.0,5.0,2.0,7.0,4.0,1.0,11.0,14.0,8.0,13.0,10.0,15.0,9.0,12.0,4.0,5.0,6.0,0.0,7.0,3.0,1.0,2.0,12.0,11.0,14.0,15.0,9.0,10.0,13.0,8.0,5.0,4.0,7.0,1.0,6.0,2.0,0.0,3.0,13.0,10.0,15.0,14.0,8.0,11.0,12.0,9.0,6.0,2.0,4.0,7.0,0.0,1.0,3.0,5.0,14.0,13.0,12.0,9.0,15.0,8.0,11.0,10.0,7.0,3.0,5.0,6.0,1.0,0.0,2.0,4.0,15.0,12.0,13.0,8.0,14.0,9.0,10.0,11.0,8.0,9.0,10.0,11.0,12.0,13.0,14.0,15.0,0.0,1.0,2.0,3.0,4.0,5.0,6.0,7.0,9.0,8.0,11.0,10.0,13.0,12.0,15.0,14.0,1.0,0.0,3.0,2.0,5.0,4.0,7.0,6.0,10.0,14.0,15.0,13.0,9.0,8.0,12.0,11.0,2.0,6.0,5.0,0.0,7.0,3.0,4.0,1.0,11.0,15.0,14.0,12.0,8.0,9.0,13.0,10.0,3.0,7.0,4.0,1.0,6.0,2.0,5.0,0.0,12.0,10.0,9.0,8.0,15.0,14.0,11.0,13.0,4.0,3.0,1.0,7.0,0.0,6.0,2.0,5.0,13.0,11.0,8.0,9.0,14.0,15.0,10.0,12.0,5.0,2.0,0.0,6.0,1.0,7.0,3.0,4.0,14.0,13.0,12.0,15.0,10.0,11.0,9.0,8.0,6.0,4.0,7.0,5.0,3.0,0.0,1.0,2.0,15.0,12.0,13.0,14.0,11.0,10.0,8.0,9.0,7.0,5.0,6.0,4.0,2.0,1.0,0.0,3.0
306258,65558,6,multi_DTransversal_63_2025-06-08_22_24_51_190204_1,1749421827,5,1,5,534.4431,537.800502,0,1000000000.0,4325376.0,6959104.0,14772.0,3600000000000.0,86400000000000.0,500000000.0,1000000000.0,1749421491,604800,0,0,0,2,GenuineIntel,Intel Xeon Processor (Icelake) [Family 6 Model 106 Stepping 0],1000000000.0,1000000000.0,1000000000.0,Linux Ubuntu,Ubuntu 24.04.2 LTS [6.8.0-59-generic|libc 2.39],3048230912.0,16777216.0,0.0,20105105408.0,16965623808.0,3190784.0,688128.0,18792121384.96,53384885.675031,30362404.540574,0.0,1.0,0.0,0.878584,0,0.0,0.0,1.0,2.0,3.0,4.0,5.0,6.0,7.0,8.0,9.0,10.0,11.0,12.0,13.0,14.0,15.0,1.0,0.0,3.0,2.0,5.0,4.0,7.0,6.0,9.0,8.0,11.0,10.0,13.0,12.0,15.0,14.0,2.0,7.0,1.0,4.0,6.0,3.0,5.0,0.0,10.0,15.0,9.0,12.0,14.0,8.0,13.0,11.0,3.0,6.0,0.0,5.0,7.0,2.0,4.0,1.0,11.0,14.0,8.0,13.0,15.0,10.0,12.0,9.0,4.0,3.0,7.0,0.0,1.0,6.0,2.0,5.0,12.0,13.0,15.0,14.0,9.0,11.0,10.0,8.0,5.0,2.0,6.0,1.0,0.0,7.0,3.0,4.0,13.0,12.0,14.0,15.0,11.0,9.0,8.0,10.0,6.0,4.0,5.0,7.0,3.0,1.0,0.0,2.0,14.0,10.0,12.0,9.0,8.0,15.0,11.0,13.0,7.0,5.0,4.0,6.0,2.0,0.0,1.0,3.0,15.0,11.0,13.0,8.0,10.0,14.0,9.0,12.0,8.0,9.0,10.0,11.0,12.0,13.0,14.0,15.0,0.0,1.0,2.0,3.0,4.0,5.0,6.0,7.0,9.0,8.0,11.0,10.0,13.0,12.0,15.0,14.0,1.0,0.0,3.0,2.0,5.0,4.0,7.0,6.0,10.0,15.0,9.0,12.0,11.0,14.0,13.0,8.0,2.0,7.0,1.0,4.0,3.0,6.0,0.0,5.0,11.0,14.0,8.0,13.0,10.0,15.0,12.0,9.0,3.0,6.0,0.0,5.0,2.0,7.0,1.0,4.0,12.0,13.0,14.0,8.0,15.0,11.0,9.0,10.0,4.0,3.0,6.0,7.0,1.0,2.0,5.0,0.0,13.0,12.0,15.0,9.0,14.0,10.0,8.0,11.0,5.0,2.0,7.0,6.0,0.0,3.0,4.0,1.0,14.0,10.0,12.0,15.0,8.0,9.0,11.0,13.0,6.0,5.0,4.0,1.0,7.0,0.0,3.0,2.0,15.0,11.0,13.0,14.0,9.0,8.0,10.0,12.0,7.0,4.0,5.0,0.0,6.0,1.0,2.0,3.0
306259,65558,6,multi_DTransversal_63_2025-06-08_22_24_51_190204_2,1749421827,5,1,5,532.0164,534.942999,0,1000000000.0,4456448.0,6959104.0,14771.0,3600000000000.0,86400000000000.0,500000000.0,1000000000.0,1749421491,604800,0,0,0,2,GenuineIntel,Intel Xeon Processor (Icelake) [Family 6 Model 106 Stepping 0],1000000000.0,1000000000.0,1000000000.0,Linux Ubuntu,Ubuntu 24.04.2 LTS [6.8.0-59-generic|libc 2.39],3048230912.0,16777216.0,0.0,20105105408.0,16965623808.0,3190784.0,688128.0,18792121384.96,53384885.675031,30362404.540574,0.0,1.0,0.0,0.878584,0,0.0,0.0,1.0,2.0,3.0,4.0,5.0,6.0,7.0,8.0,9.0,10.0,11.0,12.0,13.0,14.0,15.0,1.0,0.0,3.0,2.0,5.0,4.0,7.0,6.0,9.0,8.0,11.0,10.0,13.0,12.0,15.0,14.0,2.0,7.0,1.0,4.0,6.0,3.0,5.0,0.0,10.0,15.0,9.0,12.0,14.0,8.0,13.0,11.0,3.0,6.0,0.0,5.0,7.0,2.0,4.0,1.0,11.0,14.0,8.0,13.0,15.0,10.0,12.0,9.0,4.0,3.0,7.0,0.0,1.0,6.0,2.0,5.0,12.0,13.0,15.0,14.0,9.0,11.0,10.0,8.0,5.0,2.0,6.0,1.0,0.0,7.0,3.0,4.0,13.0,12.0,14.0,15.0,11.0,9.0,8.0,10.0,6.0,4.0,5.0,7.0,3.0,1.0,0.0,2.0,14.0,10.0,12.0,9.0,8.0,15.0,11.0,13.0,7.0,5.0,4.0,6.0,2.0,0.0,1.0,3.0,15.0,11.0,13.0,8.0,10.0,14.0,9.0,12.0,8.0,9.0,10.0,11.0,12.0,13.0,14.0,15.0,0.0,1.0,2.0,3.0,4.0,5.0,6.0,7.0,9.0,8.0,11.0,10.0,13.0,12.0,15.0,14.0,1.0,0.0,3.0,2.0,5.0,4.0,7.0,6.0,10.0,15.0,9.0,12.0,11.0,14.0,13.0,8.0,2.0,7.0,1.0,4.0,3.0,6.0,0.0,5.0,11.0,14.0,8.0,13.0,10.0,15.0,12.0,9.0,3.0,6.0,0.0,5.0,2.0,7.0,1.0,4.0,12.0,13.0,14.0,8.0,15.0,11.0,9.0,10.0,4.0,3.0,6.0,7.0,1.0,2.0,5.0,0.0,13.0,12.0,15.0,9.0,14.0,10.0,8.0,11.0,5.0,2.0,7.0,6.0,0.0,3.0,4.0,1.0,14.0,10.0,12.0,15.0,8.0,9.0,11.0,13.0,6.0,5.0,4.0,1.0,7.0,0.0,3.0,2.0,15.0,11.0,13.0,14.0,9.0,8.0,10.0,12.0,7.0,4.0,5.0,0.0,6.0,1.0,2.0,3.0
306260,65559,6,multi_DTransversal_64_2025-06-08_22_24_51_237920_0,1749421827,5,1,5,535.5043,538.774615,0,1000000000.0,4456448.0,6959104.0,14771.0,3600000000000.0,86400000000000.0,500000000.0,1000000000.0,1749421491,604800,0,0,0,2,GenuineIntel,Intel Xeon Processor (Icelake) [Family 6 Model 106 Stepping 0],1000000000.0,1000000000.0,1000000000.0,Linux Ubuntu,Ubuntu 24.04.2 LTS [6.8.0-59-generic|libc 2.39],3048230912.0,16777216.0,0.0,20105105408.0,16965623808.0,3190784.0,688128.0,18792121384.96,53384885.675031,30362404.540574,0.0,1.0,0.0,0.878584,0,0.0,0.0,1.0,2.0,3.0,4.0,5.0,6.0,7.0,8.0,9.0,10.0,11.0,12.0,13.0,14.0,15.0,1.0,0.0,3.0,2.0,5.0,4.0,7.0,6.0,9.0,8.0,11.0,10.0,13.0,12.0,15.0,14.0,2.0,7.0,1.0,5.0,6.0,3.0,0.0,4.0,10.0,15.0,9.0,12.0,14.0,11.0,13.0,8.0,3.0,6.0,0.0,4.0,7.0,2.0,1.0,5.0,11.0,14.0,8.0,13.0,15.0,10.0,12.0,9.0,4.0,3.0,6.0,7.0,2.0,0.0,5.0,1.0,12.0,11.0,15.0,8.0,9.0,14.0,10.0,13.0,5.0,2.0,7.0,6.0,3.0,1.0,4.0,0.0,13.0,10.0,14.0,9.0,8.0,15.0,11.0,12.0,6.0,5.0,4.0,0.0,1.0,7.0,3.0,2.0,14.0,12.0,13.0,15.0,11.0,9.0,8.0,10.0,7.0,4.0,5.0,1.0,0.0,6.0,2.0,3.0,15.0,13.0,12.0,14.0,10.0,8.0,9.0,11.0,8.0,9.0,10.0,11.0,12.0,13.0,14.0,15.0,0.0,1.0,2.0,3.0,4.0,5.0,6.0,7.0,9.0,8.0,11.0,10.0,13.0,12.0,15.0,14.0,1.0,0.0,3.0,2.0,5.0,4.0,7.0,6.0,10.0,15.0,9.0,12.0,14.0,8.0,13.0,11.0,2.0,7.0,1.0,4.0,3.0,6.0,5.0,0.0,11.0,14.0,8.0,13.0,15.0,10.0,12.0,9.0,3.0,6.0,0.0,5.0,2.0,7.0,4.0,1.0,12.0,13.0,15.0,14.0,9.0,11.0,10.0,8.0,4.0,5.0,6.0,0.0,7.0,3.0,1.0,2.0,13.0,12.0,14.0,15.0,11.0,9.0,8.0,10.0,5.0,4.0,7.0,1.0,6.0,2.0,0.0,3.0,14.0,10.0,12.0,9.0,8.0,15.0,11.0,13.0,6.0,2.0,4.0,7.0,0.0,1.0,3.0,5.0,15.0,11.0,13.0,8.0,10.0,14.0,9.0,12.0,7.0,3.0,5.0,6.0,1.0,0.0,2.0,4.0
306261,65559,6,multi_DTransversal_64_2025-06-08_22_24_51_237920_1,1749421827,5,1,5,528.8499,531.55802,0,1000000000.0,4456448.0,6959104.0,14771.0,3600000000000.0,86400000000000.0,500000000.0,1000000000.0,1749421491,604800,0,0,0,2,GenuineIntel,Intel Xeon Processor (Icelake) [Family 6 Model 106 Stepping 0],1000000000.0,1000000000.0,1000000000.0,Linux Ubuntu,Ubuntu 24.04.2 LTS [6.8.0-59-generic|libc 2.39],3048230912.0,16777216.0,0.0,20105105408.0,16965623808.0,3190784.0,688128.0,18792121384.96,53384885.675031,30362404.540574,0.0,1.0,0.0,0.878584,0,0.0,0.0,1.0,2.0,3.0,4.0,5.0,6.0,7.0,8.0,9.0,10.0,11.0,12.0,13.0,14.0,15.0,1.0,0.0,3.0,2.0,5.0,4.0,7.0,6.0,9.0,8.0,11.0,10.0,13.0,12.0,15.0,14.0,2.0,7.0,1.0,5.0,6.0,3.0,0.0,4.0,10.0,15.0,9.0,12.0,14.0,11.0,13.0,8.0,3.0,6.0,0.0,4.0,7.0,2.0,1.0,5.0,11.0,14.0,8.0,13.0,15.0,10.0,12.0,9.0,4.0,3.0,6.0,7.0,2.0,0.0,5.0,1.0,12.0,11.0,15.0,8.0,9.0,14.0,10.0,13.0,5.0,2.0,7.0,6.0,3.0,1.0,4.0,0.0,13.0,10.0,14.0,9.0,8.0,15.0,11.0,12.0,6.0,5.0,4.0,0.0,1.0,7.0,3.0,2.0,14.0,12.0,13.0,15.0,11.0,9.0,8.0,10.0,7.0,4.0,5.0,1.0,0.0,6.0,2.0,3.0,15.0,13.0,12.0,14.0,10.0,8.0,9.0,11.0,8.0,9.0,10.0,11.0,12.0,13.0,14.0,15.0,0.0,1.0,2.0,3.0,4.0,5.0,6.0,7.0,9.0,8.0,11.0,10.0,13.0,12.0,15.0,14.0,1.0,0.0,3.0,2.0,5.0,4.0,7.0,6.0,10.0,15.0,9.0,12.0,14.0,8.0,13.0,11.0,2.0,7.0,1.0,4.0,3.0,6.0,5.0,0.0,11.0,14.0,8.0,13.0,15.0,10.0,12.0,9.0,3.0,6.0,0.0,5.0,2.0,7.0,4.0,1.0,12.0,13.0,15.0,14.0,9.0,11.0,10.0,8.0,4.0,5.0,6.0,0.0,7.0,3.0,1.0,2.0,13.0,12.0,14.0,15.0,11.0,9.0,8.0,10.0,5.0,4.0,7.0,1.0,6.0,2.0,0.0,3.0,14.0,10.0,12.0,9.0,8.0,15.0,11.0,13.0,6.0,2.0,4.0,7.0,0.0,1.0,3.0,5.0,15.0,11.0,13.0,8.0,10.0,14.0,9.0,12.0,7.0,3.0,5.0,6.0,1.0,0.0,2.0,4.0
306262,65559,6,multi_DTransversal_64_2025-06-08_22_24_51_237920_2,1749421827,5,1,5,540.1584,541.833605,0,1000000000.0,4456448.0,6959104.0,14770.0,3600000000000.0,86400000000000.0,500000000.0,1000000000.0,1749421491,604800,0,0,0,2,GenuineIntel,Intel Xeon Processor (Icelake) [Family 6 Model 106 Stepping 0],1000000000.0,1000000000.0,1000000000.0,Linux Ubuntu,Ubuntu 24.04.2 LTS [6.8.0-59-generic|libc 2.39],3048230912.0,16777216.0,0.0,20105105408.0,16965623808.0,3190784.0,688128.0,18792121384.96,53384885.675031,30362404.540574,0.0,1.0,0.0,0.878584,0,0.0,0.0,1.0,2.0,3.0,4.0,5.0,6.0,7.0,8.0,9.0,10.0,11.0,12.0,13.0,14.0,15.0,1.0,0.0,3.0,2.0,5.0,4.0,7.0,6.0,9.0,8.0,11.0,10.0,13.0,12.0,15.0,14.0,2.0,7.0,1.0,5.0,6.0,3.0,0.0,4.0,10.0,15.0,9.0,12.0,14.0,11.0,13.0,8.0,3.0,6.0,0.0,4.0,7.0,2.0,1.0,5.0,11.0,14.0,8.0,13.0,15.0,10.0,12.0,9.0,4.0,3.0,6.0,7.0,2.0,0.0,5.0,1.0,12.0,11.0,15.0,8.0,9.0,14.0,10.0,13.0,5.0,2.0,7.0,6.0,3.0,1.0,4.0,0.0,13.0,10.0,14.0,9.0,8.0,15.0,11.0,12.0,6.0,5.0,4.0,0.0,1.0,7.0,3.0,2.0,14.0,12.0,13.0,15.0,11.0,9.0,8.0,10.0,7.0,4.0,5.0,1.0,0.0,6.0,2.0,3.0,15.0,13.0,12.0,14.0,10.0,8.0,9.0,11.0,8.0,9.0,10.0,11.0,12.0,13.0,14.0,15.0,0.0,1.0,2.0,3.0,4.0,5.0,6.0,7.0,9.0,8.0,11.0,10.0,13.0,12.0,15.0,14.0,1.0,0.0,3.0,2.0,5.0,4.0,7.0,6.0,10.0,15.0,9.0,12.0,14.0,8.0,13.0,11.0,2.0,7.0,1.0,4.0,3.0,6.0,5.0,0.0,11.0,14.0,8.0,13.0,15.0,10.0,12.0,9.0,3.0,6.0,0.0,5.0,2.0,7.0,4.0,1.0,12.0,13.0,15.0,14.0,9.0,11.0,10.0,8.0,4.0,5.0,6.0,0.0,7.0,3.0,1.0,2.0,13.0,12.0,14.0,15.0,11.0,9.0,8.0,10.0,5.0,4.0,7.0,1.0,6.0,2.0,0.0,3.0,14.0,10.0,12.0,9.0,8.0,15.0,11.0,13.0,6.0,2.0,4.0,7.0,0.0,1.0,3.0,5.0,15.0,11.0,13.0,8.0,10.0,14.0,9.0,12.0,7.0,3.0,5.0,6.0,1.0,0.0,2.0,4.0
306275,65564,14,multi_DTransversal_69_2025-06-08_22_24_51_615832_0,1749421828,5,1,5,204.9062,207.531248,0,1000000000.0,10829824.0,6529024.0,6245.0,3600000000000.0,86400000000000.0,500000000.0,1000000000.0,1749421491,604800,0,0,0,8,GenuineIntel,Intel(R) Xeon(R) CPU E5-2695 v2 @ 2.40GHz [Family 6 Model 62 Stepping 4],1000000000.0,1000000000.0,1000000000.0,Microsoft Windows 10,"Enterprise LTSB x64 Edition, (10.00.19044.00)",17171070976.0,262144.0,19721207808.0,47715450880.0,12043943936.0,50470565.0,171008.0,14504363335.66,50555456.420003,25813395.198889,0.0,1.0,0.0,0.932014,0,0.0,0.0,1.0,2.0,3.0,4.0,5.0,6.0,7.0,8.0,9.0,10.0,11.0,12.0,13.0,14.0,15.0,1.0,0.0,3.0,2.0,5.0,6.0,7.0,4.0,9.0,8.0,11.0,10.0,13.0,14.0,15.0,12.0,2.0,3.0,1.0,0.0,6.0,7.0,4.0,5.0,10.0,11.0,8.0,15.0,9.0,12.0,13.0,14.0,3.0,2.0,0.0,1.0,7.0,4.0,5.0,6.0,11.0,10.0,15.0,8.0,14.0,9.0,12.0,13.0,4.0,5.0,7.0,6.0,1.0,2.0,0.0,3.0,12.0,13.0,14.0,9.0,15.0,8.0,10.0,11.0,5.0,7.0,6.0,4.0,2.0,1.0,3.0,0.0,13.0,14.0,9.0,12.0,8.0,15.0,11.0,10.0,6.0,4.0,5.0,7.0,3.0,0.0,2.0,1.0,14.0,15.0,12.0,13.0,10.0,11.0,9.0,8.0,7.0,6.0,4.0,5.0,0.0,3.0,1.0,2.0,15.0,12.0,13.0,14.0,11.0,10.0,8.0,9.0,8.0,9.0,10.0,11.0,12.0,13.0,14.0,15.0,0.0,1.0,2.0,3.0,4.0,5.0,6.0,7.0,9.0,8.0,11.0,10.0,13.0,12.0,15.0,14.0,1.0,0.0,3.0,2.0,5.0,4.0,7.0,6.0,10.0,15.0,12.0,13.0,14.0,9.0,11.0,8.0,2.0,7.0,4.0,5.0,3.0,6.0,1.0,0.0,11.0,14.0,13.0,12.0,15.0,8.0,10.0,9.0,3.0,6.0,5.0,4.0,2.0,7.0,0.0,1.0,12.0,13.0,14.0,15.0,8.0,11.0,9.0,10.0,4.0,3.0,7.0,1.0,6.0,0.0,5.0,2.0,13.0,12.0,15.0,14.0,9.0,10.0,8.0,11.0,5.0,2.0,6.0,0.0,7.0,1.0,4.0,3.0,14.0,10.0,9.0,8.0,11.0,15.0,12.0,13.0,6.0,5.0,0.0,7.0,1.0,2.0,3.0,4.0,15.0,11.0,8.0,9.0,10.0,14.0,13.0,12.0,7.0,4.0,1.0,6.0,0.0,3.0,2.0,5.0
306276,65564,14,multi_DTransversal_69_2025-06-08_22_24_51_615832_1,1749421828,5,1,5,206.5,208.53125,0,1000000000.0,10829824.0,6524928.0,6245.0,3600000000000.0,86400000000000.0,500000000.0,1000000000.0,1749421491,604800,0,0,0,8,GenuineIntel,Intel(R) Xeon(R) CPU E5-2695 v2 @ 2.40GHz [Family 6 Model 62 Stepping 4],1000000000.0,1000000000.0,1000000000.0,Microsoft Windows 10,"Enterprise LTSB x64 Edition, (10.00.19044.00)",17171070976.0,262144.0,19721207808.0,47715450880.0,12043943936.0,50470565.0,171008.0,14504363335.66,50555456.420003,25813395.198889,0.0,1.0,0.0,0.932014,0,0.0,0.0,1.0,2.0,3.0,4.0,5.0,6.0,7.0,8.0,9.0,10.0,11.0,12.0,13.0,14.0,15.0,1.0,0.0,3.0,2.0,5.0,6.0,7.0,4.0,9.0,8.0,11.0,10.0,13.0,14.0,15.0,12.0,2.0,3.0,1.0,0.0,6.0,7.0,4.0,5.0,10.0,11.0,8.0,15.0,9.0,12.0,13.0,14.0,3.0,2.0,0.0,1.0,7.0,4.0,5.0,6.0,11.0,10.0,15.0,8.0,14.0,9.0,12.0,13.0,4.0,5.0,7.0,6.0,1.0,2.0,0.0,3.0,12.0,13.0,14.0,9.0,15.0,8.0,10.0,11.0,5.0,7.0,6.0,4.0,2.0,1.0,3.0,0.0,13.0,14.0,9.0,12.0,8.0,15.0,11.0,10.0,6.0,4.0,5.0,7.0,3.0,0.0,2.0,1.0,14.0,15.0,12.0,13.0,10.0,11.0,9.0,8.0,7.0,6.0,4.0,5.0,0.0,3.0,1.0,2.0,15.0,12.0,13.0,14.0,11.0,10.0,8.0,9.0,8.0,9.0,10.0,11.0,12.0,13.0,14.0,15.0,0.0,1.0,2.0,3.0,4.0,5.0,6.0,7.0,9.0,8.0,11.0,10.0,13.0,12.0,15.0,14.0,1.0,0.0,3.0,2.0,5.0,4.0,7.0,6.0,10.0,15.0,12.0,13.0,14.0,9.0,11.0,8.0,2.0,7.0,4.0,5.0,3.0,6.0,1.0,0.0,11.0,14.0,13.0,12.0,15.0,8.0,10.0,9.0,3.0,6.0,5.0,4.0,2.0,7.0,0.0,1.0,12.0,13.0,14.0,15.0,8.0,11.0,9.0,10.0,4.0,3.0,7.0,1.0,6.0,0.0,5.0,2.0,13.0,12.0,15.0,14.0,9.0,10.0,8.0,11.0,5.0,2.0,6.0,0.0,7.0,1.0,4.0,3.0,14.0,10.0,9.0,8.0,11.0,15.0,12.0,13.0,6.0,5.0,0.0,7.0,1.0,2.0,3.0,4.0,15.0,11.0,8.0,9.0,10.0,14.0,13.0,12.0,7.0,4.0,1.0,6.0,0.0,3.0,2.0,5.0
306277,65564,14,multi_DTransversal_69_2025-06-08_22_24_51_615832_2,1749421828,5,1,5,209.7031,211.749994,0,1000000000.0,10829824.0,6524928.0,6245.0,3600000000000.0,86400000000000.0,500000000.0,1000000000.0,1749421491,604800,0,0,0,8,GenuineIntel,Intel(R) Xeon(R) CPU E5-2695 v2 @ 2.40GHz [Family 6 Model 62 Stepping 4],1000000000.0,1000000000.0,1000000000.0,Microsoft Windows 10,"Enterprise LTSB x64 Edition, (10.00.19044.00)",17171070976.0,262144.0,19721207808.0,47715450880.0,12043943936.0,50470565.0,171008.0,14504363335.66,50555456.420003,25813395.198889,0.0,1.0,0.0,0.932014,0,0.0,0.0,1.0,2.0,3.0,4.0,5.0,6.0,7.0,8.0,9.0,10.0,11.0,12.0,13.0,14.0,15.0,1.0,0.0,3.0,2.0,5.0,6.0,7.0,4.0,9.0,8.0,11.0,10.0,13.0,14.0,15.0,12.0,2.0,3.0,1.0,0.0,6.0,7.0,4.0,5.0,10.0,11.0,8.0,15.0,9.0,12.0,13.0,14.0,3.0,2.0,0.0,1.0,7.0,4.0,5.0,6.0,11.0,10.0,15.0,8.0,14.0,9.0,12.0,13.0,4.0,5.0,7.0,6.0,1.0,2.0,0.0,3.0,12.0,13.0,14.0,9.0,15.0,8.0,10.0,11.0,5.0,7.0,6.0,4.0,2.0,1.0,3.0,0.0,13.0,14.0,9.0,12.0,8.0,15.0,11.0,10.0,6.0,4.0,5.0,7.0,3.0,0.0,2.0,1.0,14.0,15.0,12.0,13.0,10.0,11.0,9.0,8.0,7.0,6.0,4.0,5.0,0.0,3.0,1.0,2.0,15.0,12.0,13.0,14.0,11.0,10.0,8.0,9.0,8.0,9.0,10.0,11.0,12.0,13.0,14.0,15.0,0.0,1.0,2.0,3.0,4.0,5.0,6.0,7.0,9.0,8.0,11.0,10.0,13.0,12.0,15.0,14.0,1.0,0.0,3.0,2.0,5.0,4.0,7.0,6.0,10.0,15.0,12.0,13.0,14.0,9.0,11.0,8.0,2.0,7.0,4.0,5.0,3.0,6.0,1.0,0.0,11.0,14.0,13.0,12.0,15.0,8.0,10.0,9.0,3.0,6.0,5.0,4.0,2.0,7.0,0.0,1.0,12.0,13.0,14.0,15.0,8.0,11.0,9.0,10.0,4.0,3.0,7.0,1.0,6.0,0.0,5.0,2.0,13.0,12.0,15.0,14.0,9.0,10.0,8.0,11.0,5.0,2.0,6.0,0.0,7.0,1.0,4.0,3.0,14.0,10.0,9.0,8.0,11.0,15.0,12.0,13.0,6.0,5.0,0.0,7.0,1.0,2.0,3.0,4.0,15.0,11.0,8.0,9.0,10.0,14.0,13.0,12.0,7.0,4.0,1.0,6.0,0.0,3.0,2.0,5.0
306287,65568,10,multi_DTransversal_73_2025-06-08_22_24_51_855557_0,1749421828,5,1,5,528.1107,531.758089,0,1000000000.0,4456448.0,6959104.0,14778.0,3600000000000.0,86400000000000.0,500000000.0,1000000000.0,1749421491,604800,0,0,0,2,GenuineIntel,Intel Xeon Processor (Icelake) [Family 6 Model 106 Stepping 0],1000000000.0,1000000000.0,1000000000.0,Linux Ubuntu,Ubuntu 24.04.2 LTS [6.8.0-59-generic|libc 2.39],1006919680.0,16777216.0,0.0,20105105408.0,16889634816.0,2990080.0,688128.0,18595474472.96,58063412.844922,29429754.907709,0.0,1.0,0.0,0.874458,0,0.0,0.0,1.0,2.0,3.0,4.0,5.0,6.0,7.0,8.0,9.0,10.0,11.0,12.0,13.0,14.0,15.0,1.0,0.0,3.0,2.0,5.0,6.0,7.0,4.0,9.0,8.0,11.0,10.0,13.0,14.0,15.0,12.0,2.0,3.0,6.0,0.0,7.0,1.0,4.0,5.0,10.0,11.0,9.0,8.0,14.0,15.0,12.0,13.0,3.0,2.0,0.0,4.0,1.0,7.0,5.0,6.0,11.0,10.0,8.0,9.0,15.0,12.0,13.0,14.0,4.0,5.0,7.0,1.0,6.0,3.0,2.0,0.0,12.0,15.0,14.0,13.0,11.0,8.0,9.0,10.0,5.0,6.0,1.0,7.0,3.0,4.0,0.0,2.0,13.0,12.0,15.0,14.0,10.0,9.0,8.0,11.0,6.0,7.0,4.0,5.0,2.0,0.0,1.0,3.0,14.0,13.0,12.0,15.0,9.0,10.0,11.0,8.0,7.0,4.0,5.0,6.0,0.0,2.0,3.0,1.0,15.0,14.0,13.0,12.0,8.0,11.0,10.0,9.0,8.0,9.0,10.0,11.0,12.0,13.0,14.0,15.0,0.0,1.0,2.0,3.0,4.0,5.0,6.0,7.0,9.0,8.0,11.0,10.0,13.0,14.0,15.0,12.0,1.0,0.0,3.0,2.0,5.0,6.0,7.0,4.0,10.0,11.0,9.0,8.0,14.0,15.0,12.0,13.0,2.0,3.0,1.0,0.0,6.0,7.0,4.0,5.0,11.0,10.0,8.0,9.0,15.0,12.0,13.0,14.0,3.0,2.0,0.0,1.0,7.0,4.0,5.0,6.0,12.0,15.0,14.0,13.0,8.0,9.0,11.0,10.0,4.0,6.0,5.0,7.0,1.0,3.0,0.0,2.0,13.0,14.0,15.0,12.0,10.0,11.0,9.0,8.0,5.0,7.0,4.0,6.0,0.0,2.0,1.0,3.0,14.0,13.0,12.0,15.0,9.0,8.0,10.0,11.0,6.0,4.0,7.0,5.0,2.0,0.0,3.0,1.0,15.0,12.0,13.0,14.0,11.0,10.0,8.0,9.0,7.0,5.0,6.0,4.0,3.0,1.0,2.0,0.0
306288,65568,10,multi_DTransversal_73_2025-06-08_22_24_51_855557_1,1749421828,5,1,5,524.5182,528.763629,0,1000000000.0,4194304.0,6959104.0,14779.0,3600000000000.0,86400000000000.0,500000000.0,1000000000.0,1749421491,604800,0,0,0,2,GenuineIntel,Intel Xeon Processor (Icelake) [Family 6 Model 106 Stepping 0],1000000000.0,1000000000.0,1000000000.0,Linux Ubuntu,Ubuntu 24.04.2 LTS [6.8.0-59-generic|libc 2.39],1006919680.0,16777216.0,0.0,20105105408.0,16889634816.0,2990080.0,688128.0,18595474472.96,58063412.844922,29429754.907709,0.0,1.0,0.0,0.874458,0,0.0,0.0,1.0,2.0,3.0,4.0,5.0,6.0,7.0,8.0,9.0,10.0,11.0,12.0,13.0,14.0,15.0,1.0,0.0,3.0,2.0,5.0,6.0,7.0,4.0,9.0,8.0,11.0,10.0,13.0,14.0,15.0,12.0,2.0,3.0,6.0,0.0,7.0,1.0,4.0,5.0,10.0,11.0,9.0,8.0,14.0,15.0,12.0,13.0,3.0,2.0,0.0,4.0,1.0,7.0,5.0,6.0,11.0,10.0,8.0,9.0,15.0,12.0,13.0,14.0,4.0,5.0,7.0,1.0,6.0,3.0,2.0,0.0,12.0,15.0,14.0,13.0,11.0,8.0,9.0,10.0,5.0,6.0,1.0,7.0,3.0,4.0,0.0,2.0,13.0,12.0,15.0,14.0,10.0,9.0,8.0,11.0,6.0,7.0,4.0,5.0,2.0,0.0,1.0,3.0,14.0,13.0,12.0,15.0,9.0,10.0,11.0,8.0,7.0,4.0,5.0,6.0,0.0,2.0,3.0,1.0,15.0,14.0,13.0,12.0,8.0,11.0,10.0,9.0,8.0,9.0,10.0,11.0,12.0,13.0,14.0,15.0,0.0,1.0,2.0,3.0,4.0,5.0,6.0,7.0,9.0,8.0,11.0,10.0,13.0,14.0,15.0,12.0,1.0,0.0,3.0,2.0,5.0,6.0,7.0,4.0,10.0,11.0,9.0,8.0,14.0,15.0,12.0,13.0,2.0,3.0,1.0,0.0,6.0,7.0,4.0,5.0,11.0,10.0,8.0,9.0,15.0,12.0,13.0,14.0,3.0,2.0,0.0,1.0,7.0,4.0,5.0,6.0,12.0,15.0,14.0,13.0,8.0,9.0,11.0,10.0,4.0,6.0,5.0,7.0,1.0,3.0,0.0,2.0,13.0,14.0,15.0,12.0,10.0,11.0,9.0,8.0,5.0,7.0,4.0,6.0,0.0,2.0,1.0,3.0,14.0,13.0,12.0,15.0,9.0,8.0,10.0,11.0,6.0,4.0,7.0,5.0,2.0,0.0,3.0,1.0,15.0,12.0,13.0,14.0,11.0,10.0,8.0,9.0,7.0,5.0,6.0,4.0,3.0,1.0,2.0,0.0
306289,65568,11,multi_DTransversal_73_2025-06-08_22_24_51_855557_2,1749421828,5,1,5,214.2344,215.750019,0,1000000000.0,10854400.0,6529024.0,6247.0,3600000000000.0,86400000000000.0,500000000.0,1000000000.0,1749421491,604800,0,0,0,8,GenuineIntel,Intel(R) Xeon(R) CPU E5-2695 v2 @ 2.40GHz [Family 6 Model 62 Stepping 4],1000000000.0,1000000000.0,1000000000.0,Microsoft Windows 10,"Enterprise LTSB x64 Edition, (10.00.19044.00)",17171070976.0,262144.0,19721207808.0,47715450880.0,12050235392.0,48026194.0,171008.0,31952040963.26,55829988.834023,31583643.413455,0.0,1.0,0.0,0.931986,0,0.0,0.0,1.0,2.0,3.0,4.0,5.0,6.0,7.0,8.0,9.0,10.0,11.0,12.0,13.0,14.0,15.0,1.0,0.0,3.0,2.0,5.0,6.0,7.0,4.0,9.0,8.0,11.0,10.0,13.0,14.0,15.0,12.0,2.0,3.0,6.0,0.0,7.0,1.0,4.0,5.0,10.0,11.0,9.0,8.0,14.0,15.0,12.0,13.0,3.0,2.0,0.0,4.0,1.0,7.0,5.0,6.0,11.0,10.0,8.0,9.0,15.0,12.0,13.0,14.0,4.0,5.0,7.0,1.0,6.0,3.0,2.0,0.0,12.0,15.0,14.0,13.0,11.0,8.0,9.0,10.0,5.0,6.0,1.0,7.0,3.0,4.0,0.0,2.0,13.0,12.0,15.0,14.0,10.0,9.0,8.0,11.0,6.0,7.0,4.0,5.0,2.0,0.0,1.0,3.0,14.0,13.0,12.0,15.0,9.0,10.0,11.0,8.0,7.0,4.0,5.0,6.0,0.0,2.0,3.0,1.0,15.0,14.0,13.0,12.0,8.0,11.0,10.0,9.0,8.0,9.0,10.0,11.0,12.0,13.0,14.0,15.0,0.0,1.0,2.0,3.0,4.0,5.0,6.0,7.0,9.0,8.0,11.0,10.0,13.0,14.0,15.0,12.0,1.0,0.0,3.0,2.0,5.0,6.0,7.0,4.0,10.0,11.0,9.0,8.0,14.0,15.0,12.0,13.0,2.0,3.0,1.0,0.0,6.0,7.0,4.0,5.0,11.0,10.0,8.0,9.0,15.0,12.0,13.0,14.0,3.0,2.0,0.0,1.0,7.0,4.0,5.0,6.0,12.0,15.0,14.0,13.0,8.0,9.0,11.0,10.0,4.0,6.0,5.0,7.0,1.0,3.0,0.0,2.0,13.0,14.0,15.0,12.0,10.0,11.0,9.0,8.0,5.0,7.0,4.0,6.0,0.0,2.0,1.0,3.0,14.0,13.0,12.0,15.0,9.0,8.0,10.0,11.0,6.0,4.0,7.0,5.0,2.0,0.0,3.0,1.0,15.0,12.0,13.0,14.0,11.0,10.0,8.0,9.0,7.0,5.0,6.0,4.0,3.0,1.0,2.0,0.0
306290,65569,15,multi_DTransversal_74_2025-06-08_22_24_51_999564_0,1749421828,5,1,5,189.6719,192.421705,0,1000000000.0,10838016.0,6529024.0,6241.0,3600000000000.0,86400000000000.0,500000000.0,1000000000.0,1749421492,604800,0,0,0,8,GenuineIntel,Intel(R) Xeon(R) CPU E5-2630 v3 @ 2.40GHz [Family 6 Model 63 Stepping 2],1000000000.0,1000000000.0,1000000000.0,Microsoft Windows 10,"Enterprise LTSB x64 Edition, (10.00.19044.00)",17171070976.0,262144.0,19721207808.0,47715450880.0,12169773056.0,41069893.0,0.0,14931112898.46,74228947.62302,14098642.125756,0.0,1.0,0.0,0.923155,0,0.0,0.0,1.0,2.0,3.0,4.0,5.0,6.0,7.0,8.0,9.0,10.0,11.0,12.0,13.0,14.0,15.0,1.0,0.0,3.0,2.0,5.0,6.0,7.0,4.0,9.0,8.0,11.0,10.0,13.0,14.0,15.0,12.0,2.0,3.0,6.0,0.0,7.0,4.0,5.0,1.0,10.0,11.0,14.0,8.0,15.0,9.0,12.0,13.0,3.0,2.0,0.0,5.0,1.0,7.0,4.0,6.0,11.0,10.0,8.0,12.0,9.0,15.0,13.0,14.0,4.0,5.0,7.0,1.0,6.0,3.0,2.0,0.0,12.0,13.0,15.0,9.0,14.0,11.0,10.0,8.0,5.0,6.0,4.0,7.0,3.0,1.0,0.0,2.0,13.0,14.0,9.0,15.0,11.0,12.0,8.0,10.0,6.0,7.0,5.0,4.0,2.0,0.0,1.0,3.0,14.0,15.0,12.0,13.0,10.0,8.0,9.0,11.0,7.0,4.0,1.0,6.0,0.0,2.0,3.0,5.0,15.0,12.0,13.0,14.0,8.0,10.0,11.0,9.0,8.0,9.0,10.0,11.0,12.0,13.0,14.0,15.0,0.0,1.0,2.0,3.0,4.0,5.0,6.0,7.0,9.0,8.0,11.0,10.0,13.0,14.0,15.0,12.0,1.0,0.0,3.0,2.0,5.0,6.0,7.0,4.0,10.0,11.0,9.0,8.0,14.0,15.0,12.0,13.0,2.0,3.0,1.0,0.0,6.0,7.0,4.0,5.0,11.0,10.0,8.0,9.0,15.0,12.0,13.0,14.0,3.0,2.0,0.0,1.0,7.0,4.0,5.0,6.0,12.0,15.0,14.0,13.0,11.0,8.0,9.0,10.0,4.0,7.0,6.0,5.0,0.0,1.0,3.0,2.0,13.0,12.0,15.0,14.0,10.0,9.0,8.0,11.0,5.0,6.0,7.0,4.0,2.0,3.0,1.0,0.0,14.0,13.0,12.0,15.0,9.0,10.0,11.0,8.0,6.0,5.0,4.0,7.0,1.0,0.0,2.0,3.0,15.0,14.0,13.0,12.0,8.0,11.0,10.0,9.0,7.0,4.0,5.0,6.0,3.0,2.0,0.0,1.0
306291,65569,15,multi_DTransversal_74_2025-06-08_22_24_51_999564_1,1749421828,5,1,5,192.5781,194.51543,0,1000000000.0,10813440.0,6520832.0,6242.0,3600000000000.0,86400000000000.0,500000000.0,1000000000.0,1749421492,604800,0,0,0,8,GenuineIntel,Intel(R) Xeon(R) CPU E5-2630 v3 @ 2.40GHz [Family 6 Model 63 Stepping 2],1000000000.0,1000000000.0,1000000000.0,Microsoft Windows 10,"Enterprise LTSB x64 Edition, (10.00.19044.00)",17171070976.0,262144.0,19721207808.0,47715450880.0,12169773056.0,41069893.0,0.0,14931112898.46,74228947.62302,14098642.125756,0.0,1.0,0.0,0.923155,0,0.0,0.0,1.0,2.0,3.0,4.0,5.0,6.0,7.0,8.0,9.0,10.0,11.0,12.0,13.0,14.0,15.0,1.0,0.0,3.0,2.0,5.0,6.0,7.0,4.0,9.0,8.0,11.0,10.0,13.0,14.0,15.0,12.0,2.0,3.0,6.0,0.0,7.0,4.0,5.0,1.0,10.0,11.0,14.0,8.0,15.0,9.0,12.0,13.0,3.0,2.0,0.0,5.0,1.0,7.0,4.0,6.0,11.0,10.0,8.0,12.0,9.0,15.0,13.0,14.0,4.0,5.0,7.0,1.0,6.0,3.0,2.0,0.0,12.0,13.0,15.0,9.0,14.0,11.0,10.0,8.0,5.0,6.0,4.0,7.0,3.0,1.0,0.0,2.0,13.0,14.0,9.0,15.0,11.0,12.0,8.0,10.0,6.0,7.0,5.0,4.0,2.0,0.0,1.0,3.0,14.0,15.0,12.0,13.0,10.0,8.0,9.0,11.0,7.0,4.0,1.0,6.0,0.0,2.0,3.0,5.0,15.0,12.0,13.0,14.0,8.0,10.0,11.0,9.0,8.0,9.0,10.0,11.0,12.0,13.0,14.0,15.0,0.0,1.0,2.0,3.0,4.0,5.0,6.0,7.0,9.0,8.0,11.0,10.0,13.0,14.0,15.0,12.0,1.0,0.0,3.0,2.0,5.0,6.0,7.0,4.0,10.0,11.0,9.0,8.0,14.0,15.0,12.0,13.0,2.0,3.0,1.0,0.0,6.0,7.0,4.0,5.0,11.0,10.0,8.0,9.0,15.0,12.0,13.0,14.0,3.0,2.0,0.0,1.0,7.0,4.0,5.0,6.0,12.0,15.0,14.0,13.0,11.0,8.0,9.0,10.0,4.0,7.0,6.0,5.0,0.0,1.0,3.0,2.0,13.0,12.0,15.0,14.0,10.0,9.0,8.0,11.0,5.0,6.0,7.0,4.0,2.0,3.0,1.0,0.0,14.0,13.0,12.0,15.0,9.0,10.0,11.0,8.0,6.0,5.0,4.0,7.0,1.0,0.0,2.0,3.0,15.0,14.0,13.0,12.0,8.0,11.0,10.0,9.0,7.0,4.0,5.0,6.0,3.0,2.0,0.0,1.0
306292,65569,15,multi_DTransversal_74_2025-06-08_22_24_51_999564_2,1749421828,5,1,5,202.4531,204.600409,0,1000000000.0,10797056.0,6492160.0,6241.0,3600000000000.0,86400000000000.0,500000000.0,1000000000.0,1749421492,604800,0,0,0,8,GenuineIntel,Intel(R) Xeon(R) CPU E5-2630 v3 @ 2.40GHz [Family 6 Model 63 Stepping 2],1000000000.0,1000000000.0,1000000000.0,Microsoft Windows 10,"Enterprise LTSB x64 Edition, (10.00.19044.00)",17171070976.0,262144.0,19721207808.0,47715450880.0,12169773056.0,41069893.0,0.0,14931112898.46,74228947.62302,14098642.125756,0.0,1.0,0.0,0.923155,0,0.0,0.0,1.0,2.0,3.0,4.0,5.0,6.0,7.0,8.0,9.0,10.0,11.0,12.0,13.0,14.0,15.0,1.0,0.0,3.0,2.0,5.0,6.0,7.0,4.0,9.0,8.0,11.0,10.0,13.0,14.0,15.0,12.0,2.0,3.0,6.0,0.0,7.0,4.0,5.0,1.0,10.0,11.0,14.0,8.0,15.0,9.0,12.0,13.0,3.0,2.0,0.0,5.0,1.0,7.0,4.0,6.0,11.0,10.0,8.0,12.0,9.0,15.0,13.0,14.0,4.0,5.0,7.0,1.0,6.0,3.0,2.0,0.0,12.0,13.0,15.0,9.0,14.0,11.0,10.0,8.0,5.0,6.0,4.0,7.0,3.0,1.0,0.0,2.0,13.0,14.0,9.0,15.0,11.0,12.0,8.0,10.0,6.0,7.0,5.0,4.0,2.0,0.0,1.0,3.0,14.0,15.0,12.0,13.0,10.0,8.0,9.0,11.0,7.0,4.0,1.0,6.0,0.0,2.0,3.0,5.0,15.0,12.0,13.0,14.0,8.0,10.0,11.0,9.0,8.0,9.0,10.0,11.0,12.0,13.0,14.0,15.0,0.0,1.0,2.0,3.0,4.0,5.0,6.0,7.0,9.0,8.0,11.0,10.0,13.0,14.0,15.0,12.0,1.0,0.0,3.0,2.0,5.0,6.0,7.0,4.0,10.0,11.0,9.0,8.0,14.0,15.0,12.0,13.0,2.0,3.0,1.0,0.0,6.0,7.0,4.0,5.0,11.0,10.0,8.0,9.0,15.0,12.0,13.0,14.0,3.0,2.0,0.0,1.0,7.0,4.0,5.0,6.0,12.0,15.0,14.0,13.0,11.0,8.0,9.0,10.0,4.0,7.0,6.0,5.0,0.0,1.0,3.0,2.0,13.0,12.0,15.0,14.0,10.0,9.0,8.0,11.0,5.0,6.0,7.0,4.0,2.0,3.0,1.0,0.0,14.0,13.0,12.0,15.0,9.0,10.0,11.0,8.0,6.0,5.0,4.0,7.0,1.0,0.0,2.0,3.0,15.0,14.0,13.0,12.0,8.0,11.0,10.0,9.0,7.0,4.0,5.0,6.0,3.0,2.0,0.0,1.0
306299,65572,12,multi_DTransversal_77_2025-06-08_22_24_52_264615_0,1749421828,5,1,5,207.0,209.796894,0,1000000000.0,11051008.0,6520832.0,6243.0,3600000000000.0,86400000000000.0,500000000.0,1000000000.0,1749421492,604800,0,0,0,8,GenuineIntel,Intel(R) Xeon(R) CPU E5-2695 v2 @ 2.40GHz [Family 6 Model 62 Stepping 4],1000000000.0,1000000000.0,1000000000.0,Microsoft Windows 10,"Enterprise LTSB x64 Edition, (10.00.19044.00)",25761005568.0,262144.0,29519101952.0,47715450880.0,9854517248.0,50332470.0,0.0,13190576267.66,47277768.885526,29243555.256756,0.0,1.0,0.0,0.926923,0,0.0,0.0,1.0,2.0,3.0,4.0,5.0,6.0,7.0,8.0,9.0,10.0,11.0,12.0,13.0,14.0,15.0,1.0,0.0,3.0,2.0,5.0,6.0,7.0,4.0,9.0,8.0,11.0,10.0,13.0,14.0,15.0,12.0,2.0,6.0,5.0,0.0,7.0,1.0,4.0,3.0,10.0,13.0,15.0,14.0,9.0,8.0,12.0,11.0,3.0,7.0,4.0,1.0,6.0,0.0,5.0,2.0,11.0,12.0,14.0,15.0,8.0,10.0,13.0,9.0,4.0,5.0,7.0,6.0,2.0,3.0,1.0,0.0,12.0,14.0,9.0,8.0,11.0,15.0,10.0,13.0,5.0,4.0,6.0,7.0,3.0,2.0,0.0,1.0,13.0,15.0,8.0,9.0,10.0,12.0,11.0,14.0,6.0,3.0,0.0,4.0,1.0,7.0,2.0,5.0,14.0,10.0,12.0,13.0,15.0,11.0,9.0,8.0,7.0,2.0,1.0,5.0,0.0,4.0,3.0,6.0,15.0,11.0,13.0,12.0,14.0,9.0,8.0,10.0,8.0,9.0,10.0,11.0,12.0,13.0,14.0,15.0,0.0,1.0,2.0,3.0,4.0,5.0,6.0,7.0,9.0,8.0,11.0,10.0,13.0,14.0,15.0,12.0,1.0,0.0,3.0,2.0,5.0,6.0,7.0,4.0,10.0,12.0,14.0,13.0,15.0,11.0,8.0,9.0,2.0,3.0,6.0,0.0,7.0,4.0,5.0,1.0,11.0,13.0,15.0,12.0,14.0,8.0,9.0,10.0,3.0,2.0,0.0,5.0,1.0,7.0,4.0,6.0,12.0,15.0,8.0,14.0,9.0,10.0,11.0,13.0,4.0,5.0,7.0,1.0,6.0,3.0,2.0,0.0,13.0,14.0,9.0,15.0,8.0,12.0,10.0,11.0,5.0,6.0,4.0,7.0,3.0,1.0,0.0,2.0,14.0,10.0,13.0,9.0,11.0,15.0,12.0,8.0,6.0,7.0,5.0,4.0,2.0,0.0,1.0,3.0,15.0,11.0,12.0,8.0,10.0,9.0,13.0,14.0,7.0,4.0,1.0,6.0,0.0,2.0,3.0,5.0
306300,65572,12,multi_DTransversal_77_2025-06-08_22_24_52_264615_1,1749421828,5,1,5,206.0938,207.671888,0,1000000000.0,11046912.0,6508544.0,6244.0,3600000000000.0,86400000000000.0,500000000.0,1000000000.0,1749421492,604800,0,0,0,8,GenuineIntel,Intel(R) Xeon(R) CPU E5-2695 v2 @ 2.40GHz [Family 6 Model 62 Stepping 4],1000000000.0,1000000000.0,1000000000.0,Microsoft Windows 10,"Enterprise LTSB x64 Edition, (10.00.19044.00)",25761005568.0,262144.0,29519101952.0,47715450880.0,9854517248.0,50332470.0,0.0,13190576267.66,47277768.885526,29243555.256756,0.0,1.0,0.0,0.926923,0,0.0,0.0,1.0,2.0,3.0,4.0,5.0,6.0,7.0,8.0,9.0,10.0,11.0,12.0,13.0,14.0,15.0,1.0,0.0,3.0,2.0,5.0,6.0,7.0,4.0,9.0,8.0,11.0,10.0,13.0,14.0,15.0,12.0,2.0,6.0,5.0,0.0,7.0,1.0,4.0,3.0,10.0,13.0,15.0,14.0,9.0,8.0,12.0,11.0,3.0,7.0,4.0,1.0,6.0,0.0,5.0,2.0,11.0,12.0,14.0,15.0,8.0,10.0,13.0,9.0,4.0,5.0,7.0,6.0,2.0,3.0,1.0,0.0,12.0,14.0,9.0,8.0,11.0,15.0,10.0,13.0,5.0,4.0,6.0,7.0,3.0,2.0,0.0,1.0,13.0,15.0,8.0,9.0,10.0,12.0,11.0,14.0,6.0,3.0,0.0,4.0,1.0,7.0,2.0,5.0,14.0,10.0,12.0,13.0,15.0,11.0,9.0,8.0,7.0,2.0,1.0,5.0,0.0,4.0,3.0,6.0,15.0,11.0,13.0,12.0,14.0,9.0,8.0,10.0,8.0,9.0,10.0,11.0,12.0,13.0,14.0,15.0,0.0,1.0,2.0,3.0,4.0,5.0,6.0,7.0,9.0,8.0,11.0,10.0,13.0,14.0,15.0,12.0,1.0,0.0,3.0,2.0,5.0,6.0,7.0,4.0,10.0,12.0,14.0,13.0,15.0,11.0,8.0,9.0,2.0,3.0,6.0,0.0,7.0,4.0,5.0,1.0,11.0,13.0,15.0,12.0,14.0,8.0,9.0,10.0,3.0,2.0,0.0,5.0,1.0,7.0,4.0,6.0,12.0,15.0,8.0,14.0,9.0,10.0,11.0,13.0,4.0,5.0,7.0,1.0,6.0,3.0,2.0,0.0,13.0,14.0,9.0,15.0,8.0,12.0,10.0,11.0,5.0,6.0,4.0,7.0,3.0,1.0,0.0,2.0,14.0,10.0,13.0,9.0,11.0,15.0,12.0,8.0,6.0,7.0,5.0,4.0,2.0,0.0,1.0,3.0,15.0,11.0,12.0,8.0,10.0,9.0,13.0,14.0,7.0,4.0,1.0,6.0,0.0,2.0,3.0,5.0
306301,65572,12,multi_DTransversal_77_2025-06-08_22_24_52_264615_2,1749421828,5,1,5,206.1406,208.843758,0,1000000000.0,11046912.0,6520832.0,6244.0,3600000000000.0,86400000000000.0,500000000.0,1000000000.0,1749421492,604800,0,0,0,8,GenuineIntel,Intel(R) Xeon(R) CPU E5-2695 v2 @ 2.40GHz [Family 6 Model 62 Stepping 4],1000000000.0,1000000000.0,1000000000.0,Microsoft Windows 10,"Enterprise LTSB x64 Edition, (10.00.19044.00)",25761005568.0,262144.0,29519101952.0,47715450880.0,9854517248.0,50332470.0,0.0,13190576267.66,47277768.885526,29243555.256756,0.0,1.0,0.0,0.926923,0,0.0,0.0,1.0,2.0,3.0,4.0,5.0,6.0,7.0,8.0,9.0,10.0,11.0,12.0,13.0,14.0,15.0,1.0,0.0,3.0,2.0,5.0,6.0,7.0,4.0,9.0,8.0,11.0,10.0,13.0,14.0,15.0,12.0,2.0,6.0,5.0,0.0,7.0,1.0,4.0,3.0,10.0,13.0,15.0,14.0,9.0,8.0,12.0,11.0,3.0,7.0,4.0,1.0,6.0,0.0,5.0,2.0,11.0,12.0,14.0,15.0,8.0,10.0,13.0,9.0,4.0,5.0,7.0,6.0,2.0,3.0,1.0,0.0,12.0,14.0,9.0,8.0,11.0,15.0,10.0,13.0,5.0,4.0,6.0,7.0,3.0,2.0,0.0,1.0,13.0,15.0,8.0,9.0,10.0,12.0,11.0,14.0,6.0,3.0,0.0,4.0,1.0,7.0,2.0,5.0,14.0,10.0,12.0,13.0,15.0,11.0,9.0,8.0,7.0,2.0,1.0,5.0,0.0,4.0,3.0,6.0,15.0,11.0,13.0,12.0,14.0,9.0,8.0,10.0,8.0,9.0,10.0,11.0,12.0,13.0,14.0,15.0,0.0,1.0,2.0,3.0,4.0,5.0,6.0,7.0,9.0,8.0,11.0,10.0,13.0,14.0,15.0,12.0,1.0,0.0,3.0,2.0,5.0,6.0,7.0,4.0,10.0,12.0,14.0,13.0,15.0,11.0,8.0,9.0,2.0,3.0,6.0,0.0,7.0,4.0,5.0,1.0,11.0,13.0,15.0,12.0,14.0,8.0,9.0,10.0,3.0,2.0,0.0,5.0,1.0,7.0,4.0,6.0,12.0,15.0,8.0,14.0,9.0,10.0,11.0,13.0,4.0,5.0,7.0,1.0,6.0,3.0,2.0,0.0,13.0,14.0,9.0,15.0,8.0,12.0,10.0,11.0,5.0,6.0,4.0,7.0,3.0,1.0,0.0,2.0,14.0,10.0,13.0,9.0,11.0,15.0,12.0,8.0,6.0,7.0,5.0,4.0,2.0,0.0,1.0,3.0,15.0,11.0,12.0,8.0,10.0,9.0,13.0,14.0,7.0,4.0,1.0,6.0,0.0,2.0,3.0,5.0
306302,65573,14,multi_DTransversal_78_2025-06-08_22_24_52_328233_0,1749421828,5,1,5,203.625,206.406225,0,1000000000.0,10829824.0,6537216.0,6244.0,3600000000000.0,86400000000000.0,500000000.0,1000000000.0,1749421492,604800,0,0,0,8,GenuineIntel,Intel(R) Xeon(R) CPU E5-2695 v2 @ 2.40GHz [Family 6 Model 62 Stepping 4],1000000000.0,1000000000.0,1000000000.0,Microsoft Windows 10,"Enterprise LTSB x64 Edition, (10.00.19044.00)",17171070976.0,262144.0,19721207808.0,47715450880.0,12043943936.0,50470565.0,171008.0,14504363335.66,50555456.420003,25813395.198889,0.0,1.0,0.0,0.932014,0,0.0,0.0,1.0,2.0,3.0,4.0,5.0,6.0,7.0,8.0,9.0,10.0,11.0,12.0,13.0,14.0,15.0,1.0,0.0,3.0,2.0,5.0,6.0,7.0,4.0,9.0,8.0,11.0,10.0,13.0,14.0,15.0,12.0,2.0,6.0,5.0,7.0,0.0,3.0,4.0,1.0,10.0,14.0,13.0,8.0,15.0,9.0,12.0,11.0,3.0,7.0,4.0,6.0,1.0,0.0,5.0,2.0,11.0,15.0,12.0,9.0,14.0,8.0,13.0,10.0,4.0,3.0,6.0,0.0,7.0,2.0,1.0,5.0,12.0,13.0,15.0,14.0,10.0,11.0,9.0,8.0,5.0,2.0,7.0,1.0,6.0,4.0,0.0,3.0,13.0,12.0,14.0,15.0,11.0,10.0,8.0,9.0,6.0,4.0,1.0,5.0,3.0,7.0,2.0,0.0,14.0,11.0,8.0,12.0,9.0,15.0,10.0,13.0,7.0,5.0,0.0,4.0,2.0,1.0,3.0,6.0,15.0,10.0,9.0,13.0,8.0,12.0,11.0,14.0,8.0,9.0,10.0,11.0,12.0,13.0,14.0,15.0,0.0,1.0,2.0,3.0,4.0,5.0,6.0,7.0,9.0,8.0,11.0,10.0,13.0,14.0,15.0,12.0,1.0,0.0,3.0,2.0,5.0,6.0,7.0,4.0,10.0,13.0,15.0,14.0,9.0,8.0,12.0,11.0,2.0,4.0,6.0,5.0,7.0,3.0,0.0,1.0,11.0,12.0,14.0,15.0,8.0,10.0,13.0,9.0,3.0,5.0,7.0,4.0,6.0,0.0,1.0,2.0,12.0,14.0,9.0,8.0,11.0,15.0,10.0,13.0,4.0,7.0,0.0,6.0,1.0,2.0,3.0,5.0,13.0,15.0,8.0,9.0,10.0,12.0,11.0,14.0,5.0,6.0,1.0,7.0,0.0,4.0,2.0,3.0,14.0,10.0,12.0,13.0,15.0,11.0,9.0,8.0,6.0,2.0,5.0,1.0,3.0,7.0,4.0,0.0,15.0,11.0,13.0,12.0,14.0,9.0,8.0,10.0,7.0,3.0,4.0,0.0,2.0,1.0,5.0,6.0
306305,65574,12,multi_DTransversal_79_2025-06-08_22_24_52_381939_0,1749421828,5,1,5,207.5625,209.671894,0,1000000000.0,11051008.0,6504448.0,6243.0,3600000000000.0,86400000000000.0,500000000.0,1000000000.0,1749421492,604800,0,0,0,8,GenuineIntel,Intel(R) Xeon(R) CPU E5-2695 v2 @ 2.40GHz [Family 6 Model 62 Stepping 4],1000000000.0,1000000000.0,1000000000.0,Microsoft Windows 10,"Enterprise LTSB x64 Edition, (10.00.19044.00)",25761005568.0,262144.0,29519101952.0,47715450880.0,9854517248.0,50332470.0,0.0,13190576267.66,47277768.885526,29243555.256756,0.0,1.0,0.0,0.926923,0,0.0,0.0,1.0,2.0,3.0,4.0,5.0,6.0,7.0,8.0,9.0,10.0,11.0,12.0,13.0,14.0,15.0,1.0,0.0,3.0,2.0,5.0,7.0,4.0,6.0,9.0,8.0,11.0,10.0,13.0,14.0,15.0,12.0,2.0,3.0,4.0,6.0,0.0,1.0,7.0,5.0,10.0,14.0,13.0,15.0,8.0,11.0,12.0,9.0,3.0,2.0,5.0,4.0,7.0,6.0,0.0,1.0,11.0,15.0,12.0,14.0,9.0,8.0,13.0,10.0,4.0,6.0,1.0,7.0,3.0,0.0,5.0,2.0,12.0,11.0,14.0,8.0,15.0,10.0,9.0,13.0,5.0,4.0,7.0,1.0,6.0,2.0,3.0,0.0,13.0,10.0,15.0,9.0,14.0,12.0,8.0,11.0,6.0,7.0,0.0,5.0,1.0,3.0,2.0,4.0,14.0,12.0,9.0,13.0,11.0,15.0,10.0,8.0,7.0,5.0,6.0,0.0,2.0,4.0,1.0,3.0,15.0,13.0,8.0,12.0,10.0,9.0,11.0,14.0,8.0,9.0,10.0,11.0,12.0,13.0,14.0,15.0,0.0,1.0,2.0,3.0,4.0,5.0,6.0,7.0,9.0,8.0,11.0,10.0,13.0,14.0,15.0,12.0,1.0,0.0,3.0,2.0,5.0,6.0,7.0,4.0,10.0,14.0,13.0,8.0,15.0,9.0,12.0,11.0,2.0,5.0,7.0,6.0,1.0,0.0,4.0,3.0,11.0,15.0,12.0,9.0,14.0,8.0,13.0,10.0,3.0,4.0,6.0,7.0,0.0,2.0,5.0,1.0,12.0,13.0,15.0,14.0,10.0,11.0,9.0,8.0,4.0,6.0,1.0,0.0,3.0,7.0,2.0,5.0,13.0,12.0,14.0,15.0,11.0,10.0,8.0,9.0,5.0,7.0,0.0,1.0,2.0,4.0,3.0,6.0,14.0,11.0,8.0,12.0,9.0,15.0,10.0,13.0,6.0,2.0,4.0,5.0,7.0,3.0,1.0,0.0,15.0,10.0,9.0,13.0,8.0,12.0,11.0,14.0,7.0,3.0,5.0,4.0,6.0,1.0,0.0,2.0
306306,65574,14,multi_DTransversal_79_2025-06-08_22_24_52_381939_1,1749421828,5,1,5,205.7812,208.531233,0,1000000000.0,10829824.0,6516736.0,6244.0,3600000000000.0,86400000000000.0,500000000.0,1000000000.0,1749421492,604800,0,0,0,8,GenuineIntel,Intel(R) Xeon(R) CPU E5-2695 v2 @ 2.40GHz [Family 6 Model 62 Stepping 4],1000000000.0,1000000000.0,1000000000.0,Microsoft Windows 10,"Enterprise LTSB x64 Edition, (10.00.19044.00)",17171070976.0,262144.0,19721207808.0,47715450880.0,12043943936.0,50470565.0,171008.0,14504363335.66,50555456.420003,25813395.198889,0.0,1.0,0.0,0.932014,0,0.0,0.0,1.0,2.0,3.0,4.0,5.0,6.0,7.0,8.0,9.0,10.0,11.0,12.0,13.0,14.0,15.0,1.0,0.0,3.0,2.0,5.0,7.0,4.0,6.0,9.0,8.0,11.0,10.0,13.0,14.0,15.0,12.0,2.0,3.0,4.0,6.0,0.0,1.0,7.0,5.0,10.0,14.0,13.0,15.0,8.0,11.0,12.0,9.0,3.0,2.0,5.0,4.0,7.0,6.0,0.0,1.0,11.0,15.0,12.0,14.0,9.0,8.0,13.0,10.0,4.0,6.0,1.0,7.0,3.0,0.0,5.0,2.0,12.0,11.0,14.0,8.0,15.0,10.0,9.0,13.0,5.0,4.0,7.0,1.0,6.0,2.0,3.0,0.0,13.0,10.0,15.0,9.0,14.0,12.0,8.0,11.0,6.0,7.0,0.0,5.0,1.0,3.0,2.0,4.0,14.0,12.0,9.0,13.0,11.0,15.0,10.0,8.0,7.0,5.0,6.0,0.0,2.0,4.0,1.0,3.0,15.0,13.0,8.0,12.0,10.0,9.0,11.0,14.0,8.0,9.0,10.0,11.0,12.0,13.0,14.0,15.0,0.0,1.0,2.0,3.0,4.0,5.0,6.0,7.0,9.0,8.0,11.0,10.0,13.0,14.0,15.0,12.0,1.0,0.0,3.0,2.0,5.0,6.0,7.0,4.0,10.0,14.0,13.0,8.0,15.0,9.0,12.0,11.0,2.0,5.0,7.0,6.0,1.0,0.0,4.0,3.0,11.0,15.0,12.0,9.0,14.0,8.0,13.0,10.0,3.0,4.0,6.0,7.0,0.0,2.0,5.0,1.0,12.0,13.0,15.0,14.0,10.0,11.0,9.0,8.0,4.0,6.0,1.0,0.0,3.0,7.0,2.0,5.0,13.0,12.0,14.0,15.0,11.0,10.0,8.0,9.0,5.0,7.0,0.0,1.0,2.0,4.0,3.0,6.0,14.0,11.0,8.0,12.0,9.0,15.0,10.0,13.0,6.0,2.0,4.0,5.0,7.0,3.0,1.0,0.0,15.0,10.0,9.0,13.0,8.0,12.0,11.0,14.0,7.0,3.0,5.0,4.0,6.0,1.0,0.0,2.0
306307,65574,14,multi_DTransversal_79_2025-06-08_22_24_52_381939_2,1749421828,5,1,5,205.2656,207.390625,0,1000000000.0,10829824.0,6520832.0,6245.0,3600000000000.0,86400000000000.0,500000000.0,1000000000.0,1749421492,604800,0,0,0,8,GenuineIntel,Intel(R) Xeon(R) CPU E5-2695 v2 @ 2.40GHz [Family 6 Model 62 Stepping 4],1000000000.0,1000000000.0,1000000000.0,Microsoft Windows 10,"Enterprise LTSB x64 Edition, (10.00.19044.00)",17171070976.0,262144.0,19721207808.0,47715450880.0,12043943936.0,50470565.0,171008.0,14504363335.66,50555456.420003,25813395.198889,0.0,1.0,0.0,0.932014,0,0.0,0.0,1.0,2.0,3.0,4.0,5.0,6.0,7.0,8.0,9.0,10.0,11.0,12.0,13.0,14.0,15.0,1.0,0.0,3.0,2.0,5.0,7.0,4.0,6.0,9.0,8.0,11.0,10.0,13.0,14.0,15.0,12.0,2.0,3.0,4.0,6.0,0.0,1.0,7.0,5.0,10.0,14.0,13.0,15.0,8.0,11.0,12.0,9.0,3.0,2.0,5.0,4.0,7.0,6.0,0.0,1.0,11.0,15.0,12.0,14.0,9.0,8.0,13.0,10.0,4.0,6.0,1.0,7.0,3.0,0.0,5.0,2.0,12.0,11.0,14.0,8.0,15.0,10.0,9.0,13.0,5.0,4.0,7.0,1.0,6.0,2.0,3.0,0.0,13.0,10.0,15.0,9.0,14.0,12.0,8.0,11.0,6.0,7.0,0.0,5.0,1.0,3.0,2.0,4.0,14.0,12.0,9.0,13.0,11.0,15.0,10.0,8.0,7.0,5.0,6.0,0.0,2.0,4.0,1.0,3.0,15.0,13.0,8.0,12.0,10.0,9.0,11.0,14.0,8.0,9.0,10.0,11.0,12.0,13.0,14.0,15.0,0.0,1.0,2.0,3.0,4.0,5.0,6.0,7.0,9.0,8.0,11.0,10.0,13.0,14.0,15.0,12.0,1.0,0.0,3.0,2.0,5.0,6.0,7.0,4.0,10.0,14.0,13.0,8.0,15.0,9.0,12.0,11.0,2.0,5.0,7.0,6.0,1.0,0.0,4.0,3.0,11.0,15.0,12.0,9.0,14.0,8.0,13.0,10.0,3.0,4.0,6.0,7.0,0.0,2.0,5.0,1.0,12.0,13.0,15.0,14.0,10.0,11.0,9.0,8.0,4.0,6.0,1.0,0.0,3.0,7.0,2.0,5.0,13.0,12.0,14.0,15.0,11.0,10.0,8.0,9.0,5.0,7.0,0.0,1.0,2.0,4.0,3.0,6.0,14.0,11.0,8.0,12.0,9.0,15.0,10.0,13.0,6.0,2.0,4.0,5.0,7.0,3.0,1.0,0.0,15.0,10.0,9.0,13.0,8.0,12.0,11.0,14.0,7.0,3.0,5.0,4.0,6.0,1.0,0.0,2.0
306308,65575,14,multi_DTransversal_80_2025-06-08_22_24_52_442683_0,1749421828,5,1,5,214.4219,216.796869,0,1000000000.0,10833920.0,6533120.0,6244.0,3600000000000.0,86400000000000.0,500000000.0,1000000000.0,1749421492,604800,0,0,0,8,GenuineIntel,Intel(R) Xeon(R) CPU E5-2695 v2 @ 2.40GHz [Family 6 Model 62 Stepping 4],1000000000.0,1000000000.0,1000000000.0,Microsoft Windows 10,"Enterprise LTSB x64 Edition, (10.00.19044.00)",17171070976.0,262144.0,19721207808.0,47715450880.0,12043943936.0,50470565.0,171008.0,14504363335.66,50555456.420003,25813395.198889,0.0,1.0,0.0,0.932014,0,0.0,0.0,1.0,2.0,3.0,4.0,5.0,6.0,7.0,8.0,9.0,10.0,11.0,12.0,13.0,14.0,15.0,1.0,0.0,3.0,2.0,5.0,7.0,4.0,6.0,9.0,8.0,11.0,10.0,13.0,15.0,12.0,14.0,2.0,3.0,4.0,6.0,7.0,1.0,0.0,5.0,10.0,11.0,12.0,14.0,8.0,9.0,15.0,13.0,3.0,2.0,6.0,7.0,1.0,4.0,5.0,0.0,11.0,10.0,13.0,12.0,15.0,14.0,8.0,9.0,4.0,5.0,1.0,0.0,2.0,6.0,7.0,3.0,12.0,14.0,9.0,15.0,11.0,8.0,13.0,10.0,5.0,7.0,0.0,1.0,6.0,2.0,3.0,4.0,13.0,12.0,15.0,9.0,14.0,10.0,11.0,8.0,6.0,4.0,7.0,5.0,3.0,0.0,1.0,2.0,14.0,15.0,8.0,13.0,9.0,11.0,10.0,12.0,7.0,6.0,5.0,4.0,0.0,3.0,2.0,1.0,15.0,13.0,14.0,8.0,10.0,12.0,9.0,11.0,8.0,9.0,10.0,11.0,12.0,13.0,14.0,15.0,0.0,1.0,2.0,3.0,4.0,5.0,6.0,7.0,9.0,8.0,11.0,10.0,13.0,14.0,15.0,12.0,1.0,0.0,3.0,2.0,5.0,6.0,7.0,4.0,10.0,14.0,13.0,15.0,8.0,11.0,12.0,9.0,2.0,6.0,5.0,0.0,7.0,1.0,4.0,3.0,11.0,15.0,12.0,14.0,9.0,8.0,13.0,10.0,3.0,7.0,4.0,1.0,6.0,0.0,5.0,2.0,12.0,11.0,14.0,8.0,15.0,10.0,9.0,13.0,4.0,5.0,7.0,6.0,2.0,3.0,1.0,0.0,13.0,10.0,15.0,9.0,14.0,12.0,8.0,11.0,5.0,4.0,6.0,7.0,3.0,2.0,0.0,1.0,14.0,12.0,9.0,13.0,11.0,15.0,10.0,8.0,6.0,3.0,0.0,4.0,1.0,7.0,2.0,5.0,15.0,13.0,8.0,12.0,10.0,9.0,11.0,14.0,7.0,2.0,1.0,5.0,0.0,4.0,3.0,6.0
306309,65575,14,multi_DTransversal_80_2025-06-08_22_24_52_442683_1,1749421828,5,1,5,214.3125,214.796869,0,1000000000.0,10829824.0,6533120.0,6244.0,3600000000000.0,86400000000000.0,500000000.0,1000000000.0,1749421492,604800,0,0,0,8,GenuineIntel,Intel(R) Xeon(R) CPU E5-2695 v2 @ 2.40GHz [Family 6 Model 62 Stepping 4],1000000000.0,1000000000.0,1000000000.0,Microsoft Windows 10,"Enterprise LTSB x64 Edition, (10.00.19044.00)",17171070976.0,262144.0,19721207808.0,47715450880.0,12043943936.0,50470565.0,171008.0,14504363335.66,50555456.420003,25813395.198889,0.0,1.0,0.0,0.932014,0,0.0,0.0,1.0,2.0,3.0,4.0,5.0,6.0,7.0,8.0,9.0,10.0,11.0,12.0,13.0,14.0,15.0,1.0,0.0,3.0,2.0,5.0,7.0,4.0,6.0,9.0,8.0,11.0,10.0,13.0,15.0,12.0,14.0,2.0,3.0,4.0,6.0,7.0,1.0,0.0,5.0,10.0,11.0,12.0,14.0,8.0,9.0,15.0,13.0,3.0,2.0,6.0,7.0,1.0,4.0,5.0,0.0,11.0,10.0,13.0,12.0,15.0,14.0,8.0,9.0,4.0,5.0,1.0,0.0,2.0,6.0,7.0,3.0,12.0,14.0,9.0,15.0,11.0,8.0,13.0,10.0,5.0,7.0,0.0,1.0,6.0,2.0,3.0,4.0,13.0,12.0,15.0,9.0,14.0,10.0,11.0,8.0,6.0,4.0,7.0,5.0,3.0,0.0,1.0,2.0,14.0,15.0,8.0,13.0,9.0,11.0,10.0,12.0,7.0,6.0,5.0,4.0,0.0,3.0,2.0,1.0,15.0,13.0,14.0,8.0,10.0,12.0,9.0,11.0,8.0,9.0,10.0,11.0,12.0,13.0,14.0,15.0,0.0,1.0,2.0,3.0,4.0,5.0,6.0,7.0,9.0,8.0,11.0,10.0,13.0,14.0,15.0,12.0,1.0,0.0,3.0,2.0,5.0,6.0,7.0,4.0,10.0,14.0,13.0,15.0,8.0,11.0,12.0,9.0,2.0,6.0,5.0,0.0,7.0,1.0,4.0,3.0,11.0,15.0,12.0,14.0,9.0,8.0,13.0,10.0,3.0,7.0,4.0,1.0,6.0,0.0,5.0,2.0,12.0,11.0,14.0,8.0,15.0,10.0,9.0,13.0,4.0,5.0,7.0,6.0,2.0,3.0,1.0,0.0,13.0,10.0,15.0,9.0,14.0,12.0,8.0,11.0,5.0,4.0,6.0,7.0,3.0,2.0,0.0,1.0,14.0,12.0,9.0,13.0,11.0,15.0,10.0,8.0,6.0,3.0,0.0,4.0,1.0,7.0,2.0,5.0,15.0,13.0,8.0,12.0,10.0,9.0,11.0,14.0,7.0,2.0,1.0,5.0,0.0,4.0,3.0,6.0
306310,65575,14,multi_DTransversal_80_2025-06-08_22_24_52_442683_2,1749421828,5,1,5,212.5,214.624996,0,1000000000.0,10825728.0,6524928.0,6245.0,3600000000000.0,86400000000000.0,500000000.0,1000000000.0,1749421492,604800,0,0,0,8,GenuineIntel,Intel(R) Xeon(R) CPU E5-2695 v2 @ 2.40GHz [Family 6 Model 62 Stepping 4],1000000000.0,1000000000.0,1000000000.0,Microsoft Windows 10,"Enterprise LTSB x64 Edition, (10.00.19044.00)",17171070976.0,262144.0,19721207808.0,47715450880.0,12043943936.0,50470565.0,171008.0,14504363335.66,50555456.420003,25813395.198889,0.0,1.0,0.0,0.932014,0,0.0,0.0,1.0,2.0,3.0,4.0,5.0,6.0,7.0,8.0,9.0,10.0,11.0,12.0,13.0,14.0,15.0,1.0,0.0,3.0,2.0,5.0,7.0,4.0,6.0,9.0,8.0,11.0,10.0,13.0,15.0,12.0,14.0,2.0,3.0,4.0,6.0,7.0,1.0,0.0,5.0,10.0,11.0,12.0,14.0,8.0,9.0,15.0,13.0,3.0,2.0,6.0,7.0,1.0,4.0,5.0,0.0,11.0,10.0,13.0,12.0,15.0,14.0,8.0,9.0,4.0,5.0,1.0,0.0,2.0,6.0,7.0,3.0,12.0,14.0,9.0,15.0,11.0,8.0,13.0,10.0,5.0,7.0,0.0,1.0,6.0,2.0,3.0,4.0,13.0,12.0,15.0,9.0,14.0,10.0,11.0,8.0,6.0,4.0,7.0,5.0,3.0,0.0,1.0,2.0,14.0,15.0,8.0,13.0,9.0,11.0,10.0,12.0,7.0,6.0,5.0,4.0,0.0,3.0,2.0,1.0,15.0,13.0,14.0,8.0,10.0,12.0,9.0,11.0,8.0,9.0,10.0,11.0,12.0,13.0,14.0,15.0,0.0,1.0,2.0,3.0,4.0,5.0,6.0,7.0,9.0,8.0,11.0,10.0,13.0,14.0,15.0,12.0,1.0,0.0,3.0,2.0,5.0,6.0,7.0,4.0,10.0,14.0,13.0,15.0,8.0,11.0,12.0,9.0,2.0,6.0,5.0,0.0,7.0,1.0,4.0,3.0,11.0,15.0,12.0,14.0,9.0,8.0,13.0,10.0,3.0,7.0,4.0,1.0,6.0,0.0,5.0,2.0,12.0,11.0,14.0,8.0,15.0,10.0,9.0,13.0,4.0,5.0,7.0,6.0,2.0,3.0,1.0,0.0,13.0,10.0,15.0,9.0,14.0,12.0,8.0,11.0,5.0,4.0,6.0,7.0,3.0,2.0,0.0,1.0,14.0,12.0,9.0,13.0,11.0,15.0,10.0,8.0,6.0,3.0,0.0,4.0,1.0,7.0,2.0,5.0,15.0,13.0,8.0,12.0,10.0,9.0,11.0,14.0,7.0,2.0,1.0,5.0,0.0,4.0,3.0,6.0
306311,65576,14,multi_DTransversal_81_2025-06-08_22_24_52_517999_0,1749421828,5,1,5,202.4375,204.453106,0,1000000000.0,10833920.0,6524928.0,6244.0,3600000000000.0,86400000000000.0,500000000.0,1000000000.0,1749421492,604800,0,0,0,8,GenuineIntel,Intel(R) Xeon(R) CPU E5-2695 v2 @ 2.40GHz [Family 6 Model 62 Stepping 4],1000000000.0,1000000000.0,1000000000.0,Microsoft Windows 10,"Enterprise LTSB x64 Edition, (10.00.19044.00)",17171070976.0,262144.0,19721207808.0,47715450880.0,12043943936.0,50470565.0,171008.0,14504363335.66,50555456.420003,25813395.198889,0.0,1.0,0.0,0.932014,0,0.0,0.0,1.0,2.0,3.0,4.0,5.0,6.0,7.0,8.0,9.0,10.0,11.0,12.0,13.0,14.0,15.0,1.0,0.0,3.0,2.0,5.0,7.0,4.0,6.0,9.0,8.0,11.0,10.0,13.0,15.0,12.0,14.0,2.0,3.0,4.0,7.0,6.0,1.0,5.0,0.0,10.0,11.0,12.0,14.0,15.0,9.0,8.0,13.0,3.0,7.0,0.0,5.0,1.0,6.0,2.0,4.0,11.0,10.0,14.0,15.0,9.0,12.0,13.0,8.0,4.0,6.0,5.0,1.0,7.0,3.0,0.0,2.0,12.0,13.0,9.0,8.0,10.0,14.0,15.0,11.0,5.0,4.0,1.0,6.0,0.0,2.0,7.0,3.0,13.0,15.0,8.0,9.0,14.0,10.0,11.0,12.0,6.0,2.0,7.0,0.0,3.0,4.0,1.0,5.0,14.0,12.0,15.0,13.0,11.0,8.0,9.0,10.0,7.0,5.0,6.0,4.0,2.0,0.0,3.0,1.0,15.0,14.0,13.0,12.0,8.0,11.0,10.0,9.0,8.0,9.0,10.0,11.0,12.0,13.0,14.0,15.0,0.0,1.0,2.0,3.0,4.0,5.0,6.0,7.0,9.0,8.0,11.0,10.0,13.0,15.0,12.0,14.0,1.0,0.0,3.0,2.0,5.0,6.0,7.0,4.0,10.0,11.0,12.0,14.0,8.0,9.0,15.0,13.0,2.0,6.0,5.0,7.0,0.0,3.0,4.0,1.0,11.0,10.0,13.0,12.0,15.0,14.0,8.0,9.0,3.0,7.0,4.0,6.0,1.0,0.0,5.0,2.0,12.0,14.0,9.0,15.0,11.0,8.0,13.0,10.0,4.0,3.0,6.0,0.0,7.0,2.0,1.0,5.0,13.0,12.0,15.0,9.0,14.0,10.0,11.0,8.0,5.0,2.0,7.0,1.0,6.0,4.0,0.0,3.0,14.0,15.0,8.0,13.0,9.0,11.0,10.0,12.0,6.0,4.0,1.0,5.0,3.0,7.0,2.0,0.0,15.0,13.0,14.0,8.0,10.0,12.0,9.0,11.0,7.0,5.0,0.0,4.0,2.0,1.0,3.0,6.0
306312,65576,11,multi_DTransversal_81_2025-06-08_22_24_52_517999_1,1749421828,5,1,5,201.0469,202.687494,0,1000000000.0,10866688.0,6533120.0,6247.0,3600000000000.0,86400000000000.0,500000000.0,1000000000.0,1749421492,604800,0,0,0,8,GenuineIntel,Intel(R) Xeon(R) CPU E5-2695 v2 @ 2.40GHz [Family 6 Model 62 Stepping 4],1000000000.0,1000000000.0,1000000000.0,Microsoft Windows 10,"Enterprise LTSB x64 Edition, (10.00.19044.00)",17171070976.0,262144.0,19721207808.0,47715450880.0,12050235392.0,48026194.0,171008.0,31952040963.26,55829988.834023,31583643.413455,0.0,1.0,0.0,0.931986,0,0.0,0.0,1.0,2.0,3.0,4.0,5.0,6.0,7.0,8.0,9.0,10.0,11.0,12.0,13.0,14.0,15.0,1.0,0.0,3.0,2.0,5.0,7.0,4.0,6.0,9.0,8.0,11.0,10.0,13.0,15.0,12.0,14.0,2.0,3.0,4.0,7.0,6.0,1.0,5.0,0.0,10.0,11.0,12.0,14.0,15.0,9.0,8.0,13.0,3.0,7.0,0.0,5.0,1.0,6.0,2.0,4.0,11.0,10.0,14.0,15.0,9.0,12.0,13.0,8.0,4.0,6.0,5.0,1.0,7.0,3.0,0.0,2.0,12.0,13.0,9.0,8.0,10.0,14.0,15.0,11.0,5.0,4.0,1.0,6.0,0.0,2.0,7.0,3.0,13.0,15.0,8.0,9.0,14.0,10.0,11.0,12.0,6.0,2.0,7.0,0.0,3.0,4.0,1.0,5.0,14.0,12.0,15.0,13.0,11.0,8.0,9.0,10.0,7.0,5.0,6.0,4.0,2.0,0.0,3.0,1.0,15.0,14.0,13.0,12.0,8.0,11.0,10.0,9.0,8.0,9.0,10.0,11.0,12.0,13.0,14.0,15.0,0.0,1.0,2.0,3.0,4.0,5.0,6.0,7.0,9.0,8.0,11.0,10.0,13.0,15.0,12.0,14.0,1.0,0.0,3.0,2.0,5.0,6.0,7.0,4.0,10.0,11.0,12.0,14.0,8.0,9.0,15.0,13.0,2.0,6.0,5.0,7.0,0.0,3.0,4.0,1.0,11.0,10.0,13.0,12.0,15.0,14.0,8.0,9.0,3.0,7.0,4.0,6.0,1.0,0.0,5.0,2.0,12.0,14.0,9.0,15.0,11.0,8.0,13.0,10.0,4.0,3.0,6.0,0.0,7.0,2.0,1.0,5.0,13.0,12.0,15.0,9.0,14.0,10.0,11.0,8.0,5.0,2.0,7.0,1.0,6.0,4.0,0.0,3.0,14.0,15.0,8.0,13.0,9.0,11.0,10.0,12.0,6.0,4.0,1.0,5.0,3.0,7.0,2.0,0.0,15.0,13.0,14.0,8.0,10.0,12.0,9.0,11.0,7.0,5.0,0.0,4.0,2.0,1.0,3.0,6.0
306313,65576,7,multi_DTransversal_81_2025-06-08_22_24_52_517999_2,1749421828,5,1,5,536.355,540.793847,0,1000000000.0,4456448.0,6959104.0,14772.0,3600000000000.0,86400000000000.0,500000000.0,1000000000.0,1749421492,604800,0,0,0,2,GenuineIntel,Intel Xeon Processor (Icelake) [Family 6 Model 106 Stepping 0],1000000000.0,1000000000.0,1000000000.0,Linux Ubuntu,Ubuntu 24.04.2 LTS [6.8.0-59-generic|libc 2.39],1006923776.0,16777216.0,0.0,20105105408.0,16966135808.0,3182592.0,688128.0,18792905359.36,49682873.433256,29201129.209936,0.0,1.0,0.0,0.844088,0,0.0,0.0,1.0,2.0,3.0,4.0,5.0,6.0,7.0,8.0,9.0,10.0,11.0,12.0,13.0,14.0,15.0,1.0,0.0,3.0,2.0,5.0,7.0,4.0,6.0,9.0,8.0,11.0,10.0,13.0,15.0,12.0,14.0,2.0,3.0,4.0,7.0,6.0,1.0,5.0,0.0,10.0,11.0,12.0,14.0,15.0,9.0,8.0,13.0,3.0,7.0,0.0,5.0,1.0,6.0,2.0,4.0,11.0,10.0,14.0,15.0,9.0,12.0,13.0,8.0,4.0,6.0,5.0,1.0,7.0,3.0,0.0,2.0,12.0,13.0,9.0,8.0,10.0,14.0,15.0,11.0,5.0,4.0,1.0,6.0,0.0,2.0,7.0,3.0,13.0,15.0,8.0,9.0,14.0,10.0,11.0,12.0,6.0,2.0,7.0,0.0,3.0,4.0,1.0,5.0,14.0,12.0,15.0,13.0,11.0,8.0,9.0,10.0,7.0,5.0,6.0,4.0,2.0,0.0,3.0,1.0,15.0,14.0,13.0,12.0,8.0,11.0,10.0,9.0,8.0,9.0,10.0,11.0,12.0,13.0,14.0,15.0,0.0,1.0,2.0,3.0,4.0,5.0,6.0,7.0,9.0,8.0,11.0,10.0,13.0,15.0,12.0,14.0,1.0,0.0,3.0,2.0,5.0,6.0,7.0,4.0,10.0,11.0,12.0,14.0,8.0,9.0,15.0,13.0,2.0,6.0,5.0,7.0,0.0,3.0,4.0,1.0,11.0,10.0,13.0,12.0,15.0,14.0,8.0,9.0,3.0,7.0,4.0,6.0,1.0,0.0,5.0,2.0,12.0,14.0,9.0,15.0,11.0,8.0,13.0,10.0,4.0,3.0,6.0,0.0,7.0,2.0,1.0,5.0,13.0,12.0,15.0,9.0,14.0,10.0,11.0,8.0,5.0,2.0,7.0,1.0,6.0,4.0,0.0,3.0,14.0,15.0,8.0,13.0,9.0,11.0,10.0,12.0,6.0,4.0,1.0,5.0,3.0,7.0,2.0,0.0,15.0,13.0,14.0,8.0,10.0,12.0,9.0,11.0,7.0,5.0,0.0,4.0,2.0,1.0,3.0,6.0
306317,65578,7,multi_DTransversal_83_2025-06-08_22_24_52_636269_0,1749421828,5,1,5,539.0619,542.797206,0,1000000000.0,4456448.0,6959104.0,14773.0,3600000000000.0,86400000000000.0,500000000.0,1000000000.0,1749421492,604800,0,0,0,2,GenuineIntel,Intel Xeon Processor (Icelake) [Family 6 Model 106 Stepping 0],1000000000.0,1000000000.0,1000000000.0,Linux Ubuntu,Ubuntu 24.04.2 LTS [6.8.0-59-generic|libc 2.39],1006923776.0,16777216.0,0.0,20105105408.0,16966135808.0,3182592.0,688128.0,18792905359.36,49682873.433256,29201129.209936,0.0,1.0,0.0,0.844088,0,0.0,0.0,1.0,2.0,3.0,4.0,5.0,6.0,7.0,8.0,9.0,10.0,11.0,12.0,13.0,14.0,15.0,1.0,0.0,3.0,2.0,5.0,7.0,4.0,6.0,9.0,8.0,11.0,10.0,13.0,15.0,12.0,14.0,2.0,3.0,7.0,0.0,6.0,1.0,5.0,4.0,10.0,11.0,14.0,12.0,15.0,8.0,13.0,9.0,3.0,2.0,0.0,4.0,1.0,6.0,7.0,5.0,11.0,10.0,15.0,14.0,8.0,12.0,9.0,13.0,4.0,5.0,6.0,1.0,7.0,3.0,2.0,0.0,12.0,13.0,9.0,8.0,14.0,10.0,15.0,11.0,5.0,7.0,1.0,6.0,3.0,4.0,0.0,2.0,13.0,15.0,8.0,9.0,10.0,14.0,11.0,12.0,6.0,4.0,5.0,7.0,2.0,0.0,1.0,3.0,14.0,12.0,13.0,15.0,9.0,11.0,8.0,10.0,7.0,6.0,4.0,5.0,0.0,2.0,3.0,1.0,15.0,14.0,12.0,13.0,11.0,9.0,10.0,8.0,8.0,9.0,10.0,11.0,12.0,13.0,14.0,15.0,0.0,1.0,2.0,3.0,4.0,5.0,6.0,7.0,9.0,8.0,11.0,10.0,13.0,15.0,12.0,14.0,1.0,0.0,3.0,2.0,5.0,7.0,4.0,6.0,10.0,11.0,12.0,15.0,14.0,9.0,13.0,8.0,2.0,3.0,4.0,6.0,7.0,1.0,0.0,5.0,11.0,15.0,8.0,13.0,9.0,14.0,10.0,12.0,3.0,2.0,6.0,7.0,1.0,4.0,5.0,0.0,12.0,14.0,13.0,9.0,15.0,11.0,8.0,10.0,4.0,5.0,1.0,0.0,2.0,6.0,7.0,3.0,13.0,12.0,9.0,14.0,8.0,10.0,15.0,11.0,5.0,7.0,0.0,1.0,6.0,2.0,3.0,4.0,14.0,10.0,15.0,8.0,11.0,12.0,9.0,13.0,6.0,4.0,7.0,5.0,3.0,0.0,1.0,2.0,15.0,13.0,14.0,12.0,10.0,8.0,11.0,9.0,7.0,6.0,5.0,4.0,0.0,3.0,2.0,1.0
306318,65578,7,multi_DTransversal_83_2025-06-08_22_24_52_636269_1,1749421828,5,1,5,540.5116,543.796179,0,1000000000.0,4456448.0,6959104.0,14773.0,3600000000000.0,86400000000000.0,500000000.0,1000000000.0,1749421492,604800,0,0,0,2,GenuineIntel,Intel Xeon Processor (Icelake) [Family 6 Model 106 Stepping 0],1000000000.0,1000000000.0,1000000000.0,Linux Ubuntu,Ubuntu 24.04.2 LTS [6.8.0-59-generic|libc 2.39],1006923776.0,16777216.0,0.0,20105105408.0,16966135808.0,3182592.0,688128.0,18792905359.36,49682873.433256,29201129.209936,0.0,1.0,0.0,0.844088,0,0.0,0.0,1.0,2.0,3.0,4.0,5.0,6.0,7.0,8.0,9.0,10.0,11.0,12.0,13.0,14.0,15.0,1.0,0.0,3.0,2.0,5.0,7.0,4.0,6.0,9.0,8.0,11.0,10.0,13.0,15.0,12.0,14.0,2.0,3.0,7.0,0.0,6.0,1.0,5.0,4.0,10.0,11.0,14.0,12.0,15.0,8.0,13.0,9.0,3.0,2.0,0.0,4.0,1.0,6.0,7.0,5.0,11.0,10.0,15.0,14.0,8.0,12.0,9.0,13.0,4.0,5.0,6.0,1.0,7.0,3.0,2.0,0.0,12.0,13.0,9.0,8.0,14.0,10.0,15.0,11.0,5.0,7.0,1.0,6.0,3.0,4.0,0.0,2.0,13.0,15.0,8.0,9.0,10.0,14.0,11.0,12.0,6.0,4.0,5.0,7.0,2.0,0.0,1.0,3.0,14.0,12.0,13.0,15.0,9.0,11.0,8.0,10.0,7.0,6.0,4.0,5.0,0.0,2.0,3.0,1.0,15.0,14.0,12.0,13.0,11.0,9.0,10.0,8.0,8.0,9.0,10.0,11.0,12.0,13.0,14.0,15.0,0.0,1.0,2.0,3.0,4.0,5.0,6.0,7.0,9.0,8.0,11.0,10.0,13.0,15.0,12.0,14.0,1.0,0.0,3.0,2.0,5.0,7.0,4.0,6.0,10.0,11.0,12.0,15.0,14.0,9.0,13.0,8.0,2.0,3.0,4.0,6.0,7.0,1.0,0.0,5.0,11.0,15.0,8.0,13.0,9.0,14.0,10.0,12.0,3.0,2.0,6.0,7.0,1.0,4.0,5.0,0.0,12.0,14.0,13.0,9.0,15.0,11.0,8.0,10.0,4.0,5.0,1.0,0.0,2.0,6.0,7.0,3.0,13.0,12.0,9.0,14.0,8.0,10.0,15.0,11.0,5.0,7.0,0.0,1.0,6.0,2.0,3.0,4.0,14.0,10.0,15.0,8.0,11.0,12.0,9.0,13.0,6.0,4.0,7.0,5.0,3.0,0.0,1.0,2.0,15.0,13.0,14.0,12.0,10.0,8.0,11.0,9.0,7.0,6.0,5.0,4.0,0.0,3.0,2.0,1.0
306319,65578,7,multi_DTransversal_83_2025-06-08_22_24_52_636269_2,1749421828,5,1,5,541.5331,544.874662,0,1000000000.0,4456448.0,6959104.0,14773.0,3600000000000.0,86400000000000.0,500000000.0,1000000000.0,1749421492,604800,0,0,0,2,GenuineIntel,Intel Xeon Processor (Icelake) [Family 6 Model 106 Stepping 0],1000000000.0,1000000000.0,1000000000.0,Linux Ubuntu,Ubuntu 24.04.2 LTS [6.8.0-59-generic|libc 2.39],1006923776.0,16777216.0,0.0,20105105408.0,16966135808.0,3182592.0,688128.0,18792905359.36,49682873.433256,29201129.209936,0.0,1.0,0.0,0.844088,0,0.0,0.0,1.0,2.0,3.0,4.0,5.0,6.0,7.0,8.0,9.0,10.0,11.0,12.0,13.0,14.0,15.0,1.0,0.0,3.0,2.0,5.0,7.0,4.0,6.0,9.0,8.0,11.0,10.0,13.0,15.0,12.0,14.0,2.0,3.0,7.0,0.0,6.0,1.0,5.0,4.0,10.0,11.0,14.0,12.0,15.0,8.0,13.0,9.0,3.0,2.0,0.0,4.0,1.0,6.0,7.0,5.0,11.0,10.0,15.0,14.0,8.0,12.0,9.0,13.0,4.0,5.0,6.0,1.0,7.0,3.0,2.0,0.0,12.0,13.0,9.0,8.0,14.0,10.0,15.0,11.0,5.0,7.0,1.0,6.0,3.0,4.0,0.0,2.0,13.0,15.0,8.0,9.0,10.0,14.0,11.0,12.0,6.0,4.0,5.0,7.0,2.0,0.0,1.0,3.0,14.0,12.0,13.0,15.0,9.0,11.0,8.0,10.0,7.0,6.0,4.0,5.0,0.0,2.0,3.0,1.0,15.0,14.0,12.0,13.0,11.0,9.0,10.0,8.0,8.0,9.0,10.0,11.0,12.0,13.0,14.0,15.0,0.0,1.0,2.0,3.0,4.0,5.0,6.0,7.0,9.0,8.0,11.0,10.0,13.0,15.0,12.0,14.0,1.0,0.0,3.0,2.0,5.0,7.0,4.0,6.0,10.0,11.0,12.0,15.0,14.0,9.0,13.0,8.0,2.0,3.0,4.0,6.0,7.0,1.0,0.0,5.0,11.0,15.0,8.0,13.0,9.0,14.0,10.0,12.0,3.0,2.0,6.0,7.0,1.0,4.0,5.0,0.0,12.0,14.0,13.0,9.0,15.0,11.0,8.0,10.0,4.0,5.0,1.0,0.0,2.0,6.0,7.0,3.0,13.0,12.0,9.0,14.0,8.0,10.0,15.0,11.0,5.0,7.0,0.0,1.0,6.0,2.0,3.0,4.0,14.0,10.0,15.0,8.0,11.0,12.0,9.0,13.0,6.0,4.0,7.0,5.0,3.0,0.0,1.0,2.0,15.0,13.0,14.0,12.0,10.0,8.0,11.0,9.0,7.0,6.0,5.0,4.0,0.0,3.0,2.0,1.0
306320,65579,7,multi_DTransversal_84_2025-06-08_22_24_52_699596_0,1749421828,5,1,5,538.6293,542.801367,0,1000000000.0,4456448.0,6959104.0,14773.0,3600000000000.0,86400000000000.0,500000000.0,1000000000.0,1749421492,604800,0,0,0,2,GenuineIntel,Intel Xeon Processor (Icelake) [Family 6 Model 106 Stepping 0],1000000000.0,1000000000.0,1000000000.0,Linux Ubuntu,Ubuntu 24.04.2 LTS [6.8.0-59-generic|libc 2.39],1006923776.0,16777216.0,0.0,20105105408.0,16966135808.0,3182592.0,688128.0,18792905359.36,49682873.433256,29201129.209936,0.0,1.0,0.0,0.844088,0,0.0,0.0,1.0,2.0,3.0,4.0,5.0,6.0,7.0,8.0,9.0,10.0,11.0,12.0,13.0,14.0,15.0,1.0,0.0,3.0,2.0,5.0,7.0,4.0,6.0,9.0,8.0,11.0,10.0,13.0,15.0,12.0,14.0,2.0,3.0,7.0,0.0,6.0,1.0,5.0,4.0,10.0,11.0,15.0,8.0,14.0,9.0,13.0,12.0,3.0,2.0,0.0,4.0,1.0,6.0,7.0,5.0,11.0,10.0,8.0,12.0,9.0,14.0,15.0,13.0,4.0,5.0,6.0,7.0,3.0,2.0,0.0,1.0,12.0,13.0,14.0,9.0,15.0,11.0,10.0,8.0,5.0,7.0,4.0,6.0,2.0,3.0,1.0,0.0,13.0,15.0,9.0,14.0,11.0,12.0,8.0,10.0,6.0,4.0,5.0,1.0,7.0,0.0,2.0,3.0,14.0,12.0,13.0,15.0,10.0,8.0,9.0,11.0,7.0,6.0,1.0,5.0,0.0,4.0,3.0,2.0,15.0,14.0,12.0,13.0,8.0,10.0,11.0,9.0,8.0,9.0,10.0,11.0,12.0,13.0,14.0,15.0,0.0,1.0,2.0,3.0,4.0,5.0,6.0,7.0,9.0,8.0,11.0,10.0,13.0,15.0,12.0,14.0,1.0,0.0,3.0,2.0,5.0,7.0,4.0,6.0,10.0,11.0,14.0,12.0,15.0,8.0,13.0,9.0,2.0,3.0,4.0,7.0,6.0,1.0,5.0,0.0,11.0,10.0,15.0,14.0,8.0,12.0,9.0,13.0,3.0,7.0,0.0,5.0,1.0,6.0,2.0,4.0,12.0,13.0,9.0,8.0,14.0,10.0,15.0,11.0,4.0,6.0,5.0,1.0,7.0,3.0,0.0,2.0,13.0,15.0,8.0,9.0,10.0,14.0,11.0,12.0,5.0,4.0,1.0,6.0,0.0,2.0,7.0,3.0,14.0,12.0,13.0,15.0,9.0,11.0,8.0,10.0,6.0,2.0,7.0,0.0,3.0,4.0,1.0,5.0,15.0,14.0,12.0,13.0,11.0,9.0,10.0,8.0,7.0,5.0,6.0,4.0,2.0,0.0,3.0,1.0
306321,65579,8,multi_DTransversal_84_2025-06-08_22_24_52_699596_1,1749421828,5,1,5,483.5125,486.394112,0,1000000000.0,4456448.0,6959104.0,14777.0,3600000000000.0,86400000000000.0,500000000.0,1000000000.0,1749421492,604800,0,0,0,2,GenuineIntel,Intel Xeon Processor (Icelake) [Family 6 Model 106 Stepping 0],1000000000.0,1000000000.0,1000000000.0,Linux Ubuntu,Ubuntu 24.04.2 LTS [6.8.0-59-generic|libc 2.39],1006923776.0,16777216.0,0.0,20105105408.0,16990814208.0,2961408.0,688128.0,18773959311.36,50902949.273249,36815514.871639,0.0,1.0,0.0,0.863835,0,0.0,0.0,1.0,2.0,3.0,4.0,5.0,6.0,7.0,8.0,9.0,10.0,11.0,12.0,13.0,14.0,15.0,1.0,0.0,3.0,2.0,5.0,7.0,4.0,6.0,9.0,8.0,11.0,10.0,13.0,15.0,12.0,14.0,2.0,3.0,7.0,0.0,6.0,1.0,5.0,4.0,10.0,11.0,15.0,8.0,14.0,9.0,13.0,12.0,3.0,2.0,0.0,4.0,1.0,6.0,7.0,5.0,11.0,10.0,8.0,12.0,9.0,14.0,15.0,13.0,4.0,5.0,6.0,7.0,3.0,2.0,0.0,1.0,12.0,13.0,14.0,9.0,15.0,11.0,10.0,8.0,5.0,7.0,4.0,6.0,2.0,3.0,1.0,0.0,13.0,15.0,9.0,14.0,11.0,12.0,8.0,10.0,6.0,4.0,5.0,1.0,7.0,0.0,2.0,3.0,14.0,12.0,13.0,15.0,10.0,8.0,9.0,11.0,7.0,6.0,1.0,5.0,0.0,4.0,3.0,2.0,15.0,14.0,12.0,13.0,8.0,10.0,11.0,9.0,8.0,9.0,10.0,11.0,12.0,13.0,14.0,15.0,0.0,1.0,2.0,3.0,4.0,5.0,6.0,7.0,9.0,8.0,11.0,10.0,13.0,15.0,12.0,14.0,1.0,0.0,3.0,2.0,5.0,7.0,4.0,6.0,10.0,11.0,14.0,12.0,15.0,8.0,13.0,9.0,2.0,3.0,4.0,7.0,6.0,1.0,5.0,0.0,11.0,10.0,15.0,14.0,8.0,12.0,9.0,13.0,3.0,7.0,0.0,5.0,1.0,6.0,2.0,4.0,12.0,13.0,9.0,8.0,14.0,10.0,15.0,11.0,4.0,6.0,5.0,1.0,7.0,3.0,0.0,2.0,13.0,15.0,8.0,9.0,10.0,14.0,11.0,12.0,5.0,4.0,1.0,6.0,0.0,2.0,7.0,3.0,14.0,12.0,13.0,15.0,9.0,11.0,8.0,10.0,6.0,2.0,7.0,0.0,3.0,4.0,1.0,5.0,15.0,14.0,12.0,13.0,11.0,9.0,10.0,8.0,7.0,5.0,6.0,4.0,2.0,0.0,3.0,1.0
306322,65579,8,multi_DTransversal_84_2025-06-08_22_24_52_699596_2,1749421828,5,1,5,486.2503,488.490749,0,1000000000.0,4456448.0,6959104.0,14778.0,3600000000000.0,86400000000000.0,500000000.0,1000000000.0,1749421492,604800,0,0,0,2,GenuineIntel,Intel Xeon Processor (Icelake) [Family 6 Model 106 Stepping 0],1000000000.0,1000000000.0,1000000000.0,Linux Ubuntu,Ubuntu 24.04.2 LTS [6.8.0-59-generic|libc 2.39],1006923776.0,16777216.0,0.0,20105105408.0,16990814208.0,2961408.0,688128.0,18773959311.36,50902949.273249,36815514.871639,0.0,1.0,0.0,0.863835,0,0.0,0.0,1.0,2.0,3.0,4.0,5.0,6.0,7.0,8.0,9.0,10.0,11.0,12.0,13.0,14.0,15.0,1.0,0.0,3.0,2.0,5.0,7.0,4.0,6.0,9.0,8.0,11.0,10.0,13.0,15.0,12.0,14.0,2.0,3.0,7.0,0.0,6.0,1.0,5.0,4.0,10.0,11.0,15.0,8.0,14.0,9.0,13.0,12.0,3.0,2.0,0.0,4.0,1.0,6.0,7.0,5.0,11.0,10.0,8.0,12.0,9.0,14.0,15.0,13.0,4.0,5.0,6.0,7.0,3.0,2.0,0.0,1.0,12.0,13.0,14.0,9.0,15.0,11.0,10.0,8.0,5.0,7.0,4.0,6.0,2.0,3.0,1.0,0.0,13.0,15.0,9.0,14.0,11.0,12.0,8.0,10.0,6.0,4.0,5.0,1.0,7.0,0.0,2.0,3.0,14.0,12.0,13.0,15.0,10.0,8.0,9.0,11.0,7.0,6.0,1.0,5.0,0.0,4.0,3.0,2.0,15.0,14.0,12.0,13.0,8.0,10.0,11.0,9.0,8.0,9.0,10.0,11.0,12.0,13.0,14.0,15.0,0.0,1.0,2.0,3.0,4.0,5.0,6.0,7.0,9.0,8.0,11.0,10.0,13.0,15.0,12.0,14.0,1.0,0.0,3.0,2.0,5.0,7.0,4.0,6.0,10.0,11.0,14.0,12.0,15.0,8.0,13.0,9.0,2.0,3.0,4.0,7.0,6.0,1.0,5.0,0.0,11.0,10.0,15.0,14.0,8.0,12.0,9.0,13.0,3.0,7.0,0.0,5.0,1.0,6.0,2.0,4.0,12.0,13.0,9.0,8.0,14.0,10.0,15.0,11.0,4.0,6.0,5.0,1.0,7.0,3.0,0.0,2.0,13.0,15.0,8.0,9.0,10.0,14.0,11.0,12.0,5.0,4.0,1.0,6.0,0.0,2.0,7.0,3.0,14.0,12.0,13.0,15.0,9.0,11.0,8.0,10.0,6.0,2.0,7.0,0.0,3.0,4.0,1.0,5.0,15.0,14.0,12.0,13.0,11.0,9.0,10.0,8.0,7.0,5.0,6.0,4.0,2.0,0.0,3.0,1.0
306323,65580,10,multi_DTransversal_85_2025-06-08_22_24_52_758226_0,1749421828,5,1,5,495.8955,499.578317,0,1000000000.0,4456448.0,6959104.0,14780.0,3600000000000.0,86400000000000.0,500000000.0,1000000000.0,1749421492,604800,0,0,0,2,GenuineIntel,Intel Xeon Processor (Icelake) [Family 6 Model 106 Stepping 0],1000000000.0,1000000000.0,1000000000.0,Linux Ubuntu,Ubuntu 24.04.2 LTS [6.8.0-59-generic|libc 2.39],1006919680.0,16777216.0,0.0,20105105408.0,16889634816.0,2990080.0,688128.0,18595474472.96,58063412.844922,29429754.907709,0.0,1.0,0.0,0.874458,0,0.0,0.0,1.0,2.0,3.0,4.0,5.0,6.0,7.0,8.0,9.0,10.0,11.0,12.0,13.0,14.0,15.0,1.0,0.0,3.0,2.0,5.0,7.0,4.0,6.0,9.0,8.0,11.0,10.0,13.0,15.0,12.0,14.0,2.0,3.0,7.0,0.0,6.0,4.0,1.0,5.0,10.0,11.0,15.0,8.0,14.0,9.0,13.0,12.0,3.0,2.0,0.0,6.0,7.0,1.0,5.0,4.0,11.0,10.0,8.0,12.0,9.0,14.0,15.0,13.0,4.0,7.0,6.0,5.0,1.0,3.0,2.0,0.0,12.0,13.0,14.0,15.0,11.0,10.0,8.0,9.0,5.0,6.0,4.0,7.0,0.0,2.0,3.0,1.0,13.0,15.0,12.0,14.0,10.0,11.0,9.0,8.0,6.0,5.0,1.0,4.0,2.0,0.0,7.0,3.0,14.0,12.0,13.0,9.0,15.0,8.0,10.0,11.0,7.0,4.0,5.0,1.0,3.0,6.0,0.0,2.0,15.0,14.0,9.0,13.0,8.0,12.0,11.0,10.0,8.0,9.0,10.0,11.0,12.0,13.0,14.0,15.0,0.0,1.0,2.0,3.0,4.0,5.0,6.0,7.0,9.0,8.0,11.0,10.0,13.0,15.0,12.0,14.0,1.0,0.0,3.0,2.0,5.0,7.0,4.0,6.0,10.0,11.0,15.0,8.0,14.0,9.0,13.0,12.0,2.0,3.0,6.0,4.0,7.0,0.0,5.0,1.0,11.0,10.0,8.0,12.0,9.0,14.0,15.0,13.0,3.0,2.0,7.0,6.0,0.0,4.0,1.0,5.0,12.0,13.0,14.0,9.0,15.0,11.0,10.0,8.0,4.0,5.0,1.0,0.0,6.0,2.0,7.0,3.0,13.0,15.0,9.0,14.0,11.0,12.0,8.0,10.0,5.0,7.0,0.0,1.0,2.0,6.0,3.0,4.0,14.0,12.0,13.0,15.0,10.0,8.0,9.0,11.0,6.0,4.0,5.0,7.0,1.0,3.0,0.0,2.0,15.0,14.0,12.0,13.0,8.0,10.0,11.0,9.0,7.0,6.0,4.0,5.0,3.0,1.0,2.0,0.0
306324,65580,12,multi_DTransversal_85_2025-06-08_22_24_52_758226_1,1749421828,5,1,5,205.7969,206.687527,0,1000000000.0,11038720.0,6512640.0,6243.0,3600000000000.0,86400000000000.0,500000000.0,1000000000.0,1749421492,604800,0,0,0,8,GenuineIntel,Intel(R) Xeon(R) CPU E5-2695 v2 @ 2.40GHz [Family 6 Model 62 Stepping 4],1000000000.0,1000000000.0,1000000000.0,Microsoft Windows 10,"Enterprise LTSB x64 Edition, (10.00.19044.00)",25761005568.0,262144.0,29519101952.0,47715450880.0,9854517248.0,50332470.0,0.0,13190576267.66,47277768.885526,29243555.256756,0.0,1.0,0.0,0.926923,0,0.0,0.0,1.0,2.0,3.0,4.0,5.0,6.0,7.0,8.0,9.0,10.0,11.0,12.0,13.0,14.0,15.0,1.0,0.0,3.0,2.0,5.0,7.0,4.0,6.0,9.0,8.0,11.0,10.0,13.0,15.0,12.0,14.0,2.0,3.0,7.0,0.0,6.0,4.0,1.0,5.0,10.0,11.0,15.0,8.0,14.0,9.0,13.0,12.0,3.0,2.0,0.0,6.0,7.0,1.0,5.0,4.0,11.0,10.0,8.0,12.0,9.0,14.0,15.0,13.0,4.0,7.0,6.0,5.0,1.0,3.0,2.0,0.0,12.0,13.0,14.0,15.0,11.0,10.0,8.0,9.0,5.0,6.0,4.0,7.0,0.0,2.0,3.0,1.0,13.0,15.0,12.0,14.0,10.0,11.0,9.0,8.0,6.0,5.0,1.0,4.0,2.0,0.0,7.0,3.0,14.0,12.0,13.0,9.0,15.0,8.0,10.0,11.0,7.0,4.0,5.0,1.0,3.0,6.0,0.0,2.0,15.0,14.0,9.0,13.0,8.0,12.0,11.0,10.0,8.0,9.0,10.0,11.0,12.0,13.0,14.0,15.0,0.0,1.0,2.0,3.0,4.0,5.0,6.0,7.0,9.0,8.0,11.0,10.0,13.0,15.0,12.0,14.0,1.0,0.0,3.0,2.0,5.0,7.0,4.0,6.0,10.0,11.0,15.0,8.0,14.0,9.0,13.0,12.0,2.0,3.0,6.0,4.0,7.0,0.0,5.0,1.0,11.0,10.0,8.0,12.0,9.0,14.0,15.0,13.0,3.0,2.0,7.0,6.0,0.0,4.0,1.0,5.0,12.0,13.0,14.0,9.0,15.0,11.0,10.0,8.0,4.0,5.0,1.0,0.0,6.0,2.0,7.0,3.0,13.0,15.0,9.0,14.0,11.0,12.0,8.0,10.0,5.0,7.0,0.0,1.0,2.0,6.0,3.0,4.0,14.0,12.0,13.0,15.0,10.0,8.0,9.0,11.0,6.0,4.0,5.0,7.0,1.0,3.0,0.0,2.0,15.0,14.0,12.0,13.0,8.0,10.0,11.0,9.0,7.0,6.0,4.0,5.0,3.0,1.0,2.0,0.0
306325,65580,12,multi_DTransversal_85_2025-06-08_22_24_52_758226_2,1749421828,5,1,5,205.1562,206.625023,0,1000000000.0,11042816.0,6508544.0,6244.0,3600000000000.0,86400000000000.0,500000000.0,1000000000.0,1749421492,604800,0,0,0,8,GenuineIntel,Intel(R) Xeon(R) CPU E5-2695 v2 @ 2.40GHz [Family 6 Model 62 Stepping 4],1000000000.0,1000000000.0,1000000000.0,Microsoft Windows 10,"Enterprise LTSB x64 Edition, (10.00.19044.00)",25761005568.0,262144.0,29519101952.0,47715450880.0,9854517248.0,50332470.0,0.0,13190576267.66,47277768.885526,29243555.256756,0.0,1.0,0.0,0.926923,0,0.0,0.0,1.0,2.0,3.0,4.0,5.0,6.0,7.0,8.0,9.0,10.0,11.0,12.0,13.0,14.0,15.0,1.0,0.0,3.0,2.0,5.0,7.0,4.0,6.0,9.0,8.0,11.0,10.0,13.0,15.0,12.0,14.0,2.0,3.0,7.0,0.0,6.0,4.0,1.0,5.0,10.0,11.0,15.0,8.0,14.0,9.0,13.0,12.0,3.0,2.0,0.0,6.0,7.0,1.0,5.0,4.0,11.0,10.0,8.0,12.0,9.0,14.0,15.0,13.0,4.0,7.0,6.0,5.0,1.0,3.0,2.0,0.0,12.0,13.0,14.0,15.0,11.0,10.0,8.0,9.0,5.0,6.0,4.0,7.0,0.0,2.0,3.0,1.0,13.0,15.0,12.0,14.0,10.0,11.0,9.0,8.0,6.0,5.0,1.0,4.0,2.0,0.0,7.0,3.0,14.0,12.0,13.0,9.0,15.0,8.0,10.0,11.0,7.0,4.0,5.0,1.0,3.0,6.0,0.0,2.0,15.0,14.0,9.0,13.0,8.0,12.0,11.0,10.0,8.0,9.0,10.0,11.0,12.0,13.0,14.0,15.0,0.0,1.0,2.0,3.0,4.0,5.0,6.0,7.0,9.0,8.0,11.0,10.0,13.0,15.0,12.0,14.0,1.0,0.0,3.0,2.0,5.0,7.0,4.0,6.0,10.0,11.0,15.0,8.0,14.0,9.0,13.0,12.0,2.0,3.0,6.0,4.0,7.0,0.0,5.0,1.0,11.0,10.0,8.0,12.0,9.0,14.0,15.0,13.0,3.0,2.0,7.0,6.0,0.0,4.0,1.0,5.0,12.0,13.0,14.0,9.0,15.0,11.0,10.0,8.0,4.0,5.0,1.0,0.0,6.0,2.0,7.0,3.0,13.0,15.0,9.0,14.0,11.0,12.0,8.0,10.0,5.0,7.0,0.0,1.0,2.0,6.0,3.0,4.0,14.0,12.0,13.0,15.0,10.0,8.0,9.0,11.0,6.0,4.0,5.0,7.0,1.0,3.0,0.0,2.0,15.0,14.0,12.0,13.0,8.0,10.0,11.0,9.0,7.0,6.0,4.0,5.0,3.0,1.0,2.0,0.0
306326,65581,15,multi_DTransversal_86_2025-06-08_22_24_52_816454_0,1749421829,5,1,5,183.5938,185.328156,0,1000000000.0,10829824.0,6533120.0,6242.0,3600000000000.0,86400000000000.0,500000000.0,1000000000.0,1749421492,604800,0,0,0,8,GenuineIntel,Intel(R) Xeon(R) CPU E5-2630 v3 @ 2.40GHz [Family 6 Model 63 Stepping 2],1000000000.0,1000000000.0,1000000000.0,Microsoft Windows 10,"Enterprise LTSB x64 Edition, (10.00.19044.00)",17171070976.0,262144.0,19721207808.0,47715450880.0,12169773056.0,41069893.0,0.0,14931112898.46,74228947.62302,14098642.125756,0.0,1.0,0.0,0.923155,0,0.0,0.0,1.0,2.0,3.0,4.0,5.0,6.0,7.0,8.0,9.0,10.0,11.0,12.0,13.0,14.0,15.0,1.0,0.0,3.0,2.0,5.0,7.0,4.0,6.0,9.0,8.0,11.0,10.0,13.0,15.0,12.0,14.0,2.0,6.0,4.0,7.0,1.0,0.0,3.0,5.0,10.0,11.0,15.0,8.0,14.0,12.0,9.0,13.0,3.0,4.0,5.0,6.0,0.0,1.0,7.0,2.0,11.0,10.0,8.0,14.0,15.0,9.0,13.0,12.0,4.0,7.0,6.0,5.0,3.0,2.0,0.0,1.0,12.0,15.0,14.0,13.0,9.0,11.0,10.0,8.0,5.0,3.0,7.0,4.0,2.0,6.0,1.0,0.0,13.0,14.0,12.0,15.0,8.0,10.0,11.0,9.0,6.0,5.0,1.0,0.0,7.0,3.0,2.0,4.0,14.0,13.0,9.0,12.0,10.0,8.0,15.0,11.0,7.0,2.0,0.0,1.0,6.0,4.0,5.0,3.0,15.0,12.0,13.0,9.0,11.0,14.0,8.0,10.0,8.0,9.0,10.0,11.0,12.0,13.0,14.0,15.0,0.0,1.0,2.0,3.0,4.0,5.0,6.0,7.0,9.0,8.0,11.0,10.0,13.0,15.0,12.0,14.0,1.0,0.0,3.0,2.0,5.0,7.0,4.0,6.0,10.0,11.0,15.0,8.0,14.0,9.0,13.0,12.0,2.0,3.0,7.0,0.0,6.0,1.0,5.0,4.0,11.0,10.0,8.0,12.0,9.0,14.0,15.0,13.0,3.0,2.0,0.0,4.0,1.0,6.0,7.0,5.0,12.0,13.0,14.0,15.0,11.0,10.0,8.0,9.0,4.0,5.0,6.0,1.0,7.0,3.0,2.0,0.0,13.0,15.0,12.0,14.0,10.0,11.0,9.0,8.0,5.0,7.0,1.0,6.0,3.0,4.0,0.0,2.0,14.0,12.0,13.0,9.0,15.0,8.0,10.0,11.0,6.0,4.0,5.0,7.0,2.0,0.0,1.0,3.0,15.0,14.0,9.0,13.0,8.0,12.0,11.0,10.0,7.0,6.0,4.0,5.0,0.0,2.0,3.0,1.0
306327,65581,15,multi_DTransversal_86_2025-06-08_22_24_52_816454_1,1749421829,5,1,5,184.4375,186.343737,0,1000000000.0,10813440.0,6520832.0,6242.0,3600000000000.0,86400000000000.0,500000000.0,1000000000.0,1749421492,604800,0,0,0,8,GenuineIntel,Intel(R) Xeon(R) CPU E5-2630 v3 @ 2.40GHz [Family 6 Model 63 Stepping 2],1000000000.0,1000000000.0,1000000000.0,Microsoft Windows 10,"Enterprise LTSB x64 Edition, (10.00.19044.00)",17171070976.0,262144.0,19721207808.0,47715450880.0,12169773056.0,41069893.0,0.0,14931112898.46,74228947.62302,14098642.125756,0.0,1.0,0.0,0.923155,0,0.0,0.0,1.0,2.0,3.0,4.0,5.0,6.0,7.0,8.0,9.0,10.0,11.0,12.0,13.0,14.0,15.0,1.0,0.0,3.0,2.0,5.0,7.0,4.0,6.0,9.0,8.0,11.0,10.0,13.0,15.0,12.0,14.0,2.0,6.0,4.0,7.0,1.0,0.0,3.0,5.0,10.0,11.0,15.0,8.0,14.0,12.0,9.0,13.0,3.0,4.0,5.0,6.0,0.0,1.0,7.0,2.0,11.0,10.0,8.0,14.0,15.0,9.0,13.0,12.0,4.0,7.0,6.0,5.0,3.0,2.0,0.0,1.0,12.0,15.0,14.0,13.0,9.0,11.0,10.0,8.0,5.0,3.0,7.0,4.0,2.0,6.0,1.0,0.0,13.0,14.0,12.0,15.0,8.0,10.0,11.0,9.0,6.0,5.0,1.0,0.0,7.0,3.0,2.0,4.0,14.0,13.0,9.0,12.0,10.0,8.0,15.0,11.0,7.0,2.0,0.0,1.0,6.0,4.0,5.0,3.0,15.0,12.0,13.0,9.0,11.0,14.0,8.0,10.0,8.0,9.0,10.0,11.0,12.0,13.0,14.0,15.0,0.0,1.0,2.0,3.0,4.0,5.0,6.0,7.0,9.0,8.0,11.0,10.0,13.0,15.0,12.0,14.0,1.0,0.0,3.0,2.0,5.0,7.0,4.0,6.0,10.0,11.0,15.0,8.0,14.0,9.0,13.0,12.0,2.0,3.0,7.0,0.0,6.0,1.0,5.0,4.0,11.0,10.0,8.0,12.0,9.0,14.0,15.0,13.0,3.0,2.0,0.0,4.0,1.0,6.0,7.0,5.0,12.0,13.0,14.0,15.0,11.0,10.0,8.0,9.0,4.0,5.0,6.0,1.0,7.0,3.0,2.0,0.0,13.0,15.0,12.0,14.0,10.0,11.0,9.0,8.0,5.0,7.0,1.0,6.0,3.0,4.0,0.0,2.0,14.0,12.0,13.0,9.0,15.0,8.0,10.0,11.0,6.0,4.0,5.0,7.0,2.0,0.0,1.0,3.0,15.0,14.0,9.0,13.0,8.0,12.0,11.0,10.0,7.0,6.0,4.0,5.0,0.0,2.0,3.0,1.0
306328,65581,15,multi_DTransversal_86_2025-06-08_22_24_52_816454_2,1749421829,5,1,5,183.75,185.328156,0,1000000000.0,10825728.0,6520832.0,6241.0,3600000000000.0,86400000000000.0,500000000.0,1000000000.0,1749421492,604800,0,0,0,8,GenuineIntel,Intel(R) Xeon(R) CPU E5-2630 v3 @ 2.40GHz [Family 6 Model 63 Stepping 2],1000000000.0,1000000000.0,1000000000.0,Microsoft Windows 10,"Enterprise LTSB x64 Edition, (10.00.19044.00)",17171070976.0,262144.0,19721207808.0,47715450880.0,12169773056.0,41069893.0,0.0,14931112898.46,74228947.62302,14098642.125756,0.0,1.0,0.0,0.923155,0,0.0,0.0,1.0,2.0,3.0,4.0,5.0,6.0,7.0,8.0,9.0,10.0,11.0,12.0,13.0,14.0,15.0,1.0,0.0,3.0,2.0,5.0,7.0,4.0,6.0,9.0,8.0,11.0,10.0,13.0,15.0,12.0,14.0,2.0,6.0,4.0,7.0,1.0,0.0,3.0,5.0,10.0,11.0,15.0,8.0,14.0,12.0,9.0,13.0,3.0,4.0,5.0,6.0,0.0,1.0,7.0,2.0,11.0,10.0,8.0,14.0,15.0,9.0,13.0,12.0,4.0,7.0,6.0,5.0,3.0,2.0,0.0,1.0,12.0,15.0,14.0,13.0,9.0,11.0,10.0,8.0,5.0,3.0,7.0,4.0,2.0,6.0,1.0,0.0,13.0,14.0,12.0,15.0,8.0,10.0,11.0,9.0,6.0,5.0,1.0,0.0,7.0,3.0,2.0,4.0,14.0,13.0,9.0,12.0,10.0,8.0,15.0,11.0,7.0,2.0,0.0,1.0,6.0,4.0,5.0,3.0,15.0,12.0,13.0,9.0,11.0,14.0,8.0,10.0,8.0,9.0,10.0,11.0,12.0,13.0,14.0,15.0,0.0,1.0,2.0,3.0,4.0,5.0,6.0,7.0,9.0,8.0,11.0,10.0,13.0,15.0,12.0,14.0,1.0,0.0,3.0,2.0,5.0,7.0,4.0,6.0,10.0,11.0,15.0,8.0,14.0,9.0,13.0,12.0,2.0,3.0,7.0,0.0,6.0,1.0,5.0,4.0,11.0,10.0,8.0,12.0,9.0,14.0,15.0,13.0,3.0,2.0,0.0,4.0,1.0,6.0,7.0,5.0,12.0,13.0,14.0,15.0,11.0,10.0,8.0,9.0,4.0,5.0,6.0,1.0,7.0,3.0,2.0,0.0,13.0,15.0,12.0,14.0,10.0,11.0,9.0,8.0,5.0,7.0,1.0,6.0,3.0,4.0,0.0,2.0,14.0,12.0,13.0,9.0,15.0,8.0,10.0,11.0,6.0,4.0,5.0,7.0,2.0,0.0,1.0,3.0,15.0,14.0,9.0,13.0,8.0,12.0,11.0,10.0,7.0,6.0,4.0,5.0,0.0,2.0,3.0,1.0
306329,65582,7,multi_DTransversal_87_2025-06-08_22_24_52_904162_0,1749421829,5,1,5,537.5519,540.853213,0,1000000000.0,4456448.0,6959104.0,14773.0,3600000000000.0,86400000000000.0,500000000.0,1000000000.0,1749421492,604800,0,0,0,2,GenuineIntel,Intel Xeon Processor (Icelake) [Family 6 Model 106 Stepping 0],1000000000.0,1000000000.0,1000000000.0,Linux Ubuntu,Ubuntu 24.04.2 LTS [6.8.0-59-generic|libc 2.39],1006923776.0,16777216.0,0.0,20105105408.0,16966135808.0,3182592.0,688128.0,18792905359.36,49682873.433256,29201129.209936,0.0,1.0,0.0,0.844088,0,0.0,0.0,1.0,2.0,3.0,4.0,5.0,6.0,7.0,8.0,9.0,10.0,11.0,12.0,13.0,14.0,15.0,1.0,0.0,3.0,2.0,5.0,7.0,4.0,6.0,9.0,8.0,11.0,10.0,13.0,15.0,12.0,14.0,2.0,7.0,1.0,5.0,6.0,3.0,0.0,4.0,10.0,14.0,12.0,15.0,9.0,8.0,11.0,13.0,3.0,6.0,0.0,4.0,7.0,1.0,2.0,5.0,11.0,12.0,13.0,14.0,8.0,9.0,15.0,10.0,4.0,3.0,5.0,6.0,2.0,0.0,7.0,1.0,12.0,15.0,14.0,13.0,11.0,10.0,8.0,9.0,5.0,2.0,4.0,7.0,3.0,6.0,1.0,0.0,13.0,11.0,15.0,12.0,10.0,14.0,9.0,8.0,6.0,4.0,7.0,1.0,0.0,2.0,5.0,3.0,14.0,13.0,9.0,8.0,15.0,11.0,10.0,12.0,7.0,5.0,6.0,0.0,1.0,4.0,3.0,2.0,15.0,10.0,8.0,9.0,14.0,12.0,13.0,11.0,8.0,9.0,10.0,11.0,12.0,13.0,14.0,15.0,0.0,1.0,2.0,3.0,4.0,5.0,6.0,7.0,9.0,8.0,11.0,10.0,13.0,15.0,12.0,14.0,1.0,0.0,3.0,2.0,5.0,7.0,4.0,6.0,10.0,11.0,15.0,8.0,14.0,12.0,9.0,13.0,2.0,3.0,7.0,0.0,6.0,1.0,5.0,4.0,11.0,10.0,8.0,14.0,15.0,9.0,13.0,12.0,3.0,2.0,0.0,4.0,1.0,6.0,7.0,5.0,12.0,15.0,14.0,13.0,9.0,11.0,10.0,8.0,4.0,5.0,6.0,7.0,3.0,2.0,0.0,1.0,13.0,14.0,12.0,15.0,8.0,10.0,11.0,9.0,5.0,7.0,4.0,6.0,2.0,3.0,1.0,0.0,14.0,13.0,9.0,12.0,10.0,8.0,15.0,11.0,6.0,4.0,5.0,1.0,7.0,0.0,2.0,3.0,15.0,12.0,13.0,9.0,11.0,14.0,8.0,10.0,7.0,6.0,1.0,5.0,0.0,4.0,3.0,2.0
306330,65582,7,multi_DTransversal_87_2025-06-08_22_24_52_904162_1,1749421829,5,1,5,536.9136,540.856399,0,1000000000.0,4456448.0,6959104.0,14773.0,3600000000000.0,86400000000000.0,500000000.0,1000000000.0,1749421492,604800,0,0,0,2,GenuineIntel,Intel Xeon Processor (Icelake) [Family 6 Model 106 Stepping 0],1000000000.0,1000000000.0,1000000000.0,Linux Ubuntu,Ubuntu 24.04.2 LTS [6.8.0-59-generic|libc 2.39],1006923776.0,16777216.0,0.0,20105105408.0,16966135808.0,3182592.0,688128.0,18792905359.36,49682873.433256,29201129.209936,0.0,1.0,0.0,0.844088,0,0.0,0.0,1.0,2.0,3.0,4.0,5.0,6.0,7.0,8.0,9.0,10.0,11.0,12.0,13.0,14.0,15.0,1.0,0.0,3.0,2.0,5.0,7.0,4.0,6.0,9.0,8.0,11.0,10.0,13.0,15.0,12.0,14.0,2.0,7.0,1.0,5.0,6.0,3.0,0.0,4.0,10.0,14.0,12.0,15.0,9.0,8.0,11.0,13.0,3.0,6.0,0.0,4.0,7.0,1.0,2.0,5.0,11.0,12.0,13.0,14.0,8.0,9.0,15.0,10.0,4.0,3.0,5.0,6.0,2.0,0.0,7.0,1.0,12.0,15.0,14.0,13.0,11.0,10.0,8.0,9.0,5.0,2.0,4.0,7.0,3.0,6.0,1.0,0.0,13.0,11.0,15.0,12.0,10.0,14.0,9.0,8.0,6.0,4.0,7.0,1.0,0.0,2.0,5.0,3.0,14.0,13.0,9.0,8.0,15.0,11.0,10.0,12.0,7.0,5.0,6.0,0.0,1.0,4.0,3.0,2.0,15.0,10.0,8.0,9.0,14.0,12.0,13.0,11.0,8.0,9.0,10.0,11.0,12.0,13.0,14.0,15.0,0.0,1.0,2.0,3.0,4.0,5.0,6.0,7.0,9.0,8.0,11.0,10.0,13.0,15.0,12.0,14.0,1.0,0.0,3.0,2.0,5.0,7.0,4.0,6.0,10.0,11.0,15.0,8.0,14.0,12.0,9.0,13.0,2.0,3.0,7.0,0.0,6.0,1.0,5.0,4.0,11.0,10.0,8.0,14.0,15.0,9.0,13.0,12.0,3.0,2.0,0.0,4.0,1.0,6.0,7.0,5.0,12.0,15.0,14.0,13.0,9.0,11.0,10.0,8.0,4.0,5.0,6.0,7.0,3.0,2.0,0.0,1.0,13.0,14.0,12.0,15.0,8.0,10.0,11.0,9.0,5.0,7.0,4.0,6.0,2.0,3.0,1.0,0.0,14.0,13.0,9.0,12.0,10.0,8.0,15.0,11.0,6.0,4.0,5.0,1.0,7.0,0.0,2.0,3.0,15.0,12.0,13.0,9.0,11.0,14.0,8.0,10.0,7.0,6.0,1.0,5.0,0.0,4.0,3.0,2.0
306331,65582,7,multi_DTransversal_87_2025-06-08_22_24_52_904162_2,1749421829,5,1,5,538.6071,542.814066,0,1000000000.0,4456448.0,6959104.0,14772.0,3600000000000.0,86400000000000.0,500000000.0,1000000000.0,1749421492,604800,0,0,0,2,GenuineIntel,Intel Xeon Processor (Icelake) [Family 6 Model 106 Stepping 0],1000000000.0,1000000000.0,1000000000.0,Linux Ubuntu,Ubuntu 24.04.2 LTS [6.8.0-59-generic|libc 2.39],1006923776.0,16777216.0,0.0,20105105408.0,16966135808.0,3182592.0,688128.0,18792905359.36,49682873.433256,29201129.209936,0.0,1.0,0.0,0.844088,0,0.0,0.0,1.0,2.0,3.0,4.0,5.0,6.0,7.0,8.0,9.0,10.0,11.0,12.0,13.0,14.0,15.0,1.0,0.0,3.0,2.0,5.0,7.0,4.0,6.0,9.0,8.0,11.0,10.0,13.0,15.0,12.0,14.0,2.0,7.0,1.0,5.0,6.0,3.0,0.0,4.0,10.0,14.0,12.0,15.0,9.0,8.0,11.0,13.0,3.0,6.0,0.0,4.0,7.0,1.0,2.0,5.0,11.0,12.0,13.0,14.0,8.0,9.0,15.0,10.0,4.0,3.0,5.0,6.0,2.0,0.0,7.0,1.0,12.0,15.0,14.0,13.0,11.0,10.0,8.0,9.0,5.0,2.0,4.0,7.0,3.0,6.0,1.0,0.0,13.0,11.0,15.0,12.0,10.0,14.0,9.0,8.0,6.0,4.0,7.0,1.0,0.0,2.0,5.0,3.0,14.0,13.0,9.0,8.0,15.0,11.0,10.0,12.0,7.0,5.0,6.0,0.0,1.0,4.0,3.0,2.0,15.0,10.0,8.0,9.0,14.0,12.0,13.0,11.0,8.0,9.0,10.0,11.0,12.0,13.0,14.0,15.0,0.0,1.0,2.0,3.0,4.0,5.0,6.0,7.0,9.0,8.0,11.0,10.0,13.0,15.0,12.0,14.0,1.0,0.0,3.0,2.0,5.0,7.0,4.0,6.0,10.0,11.0,15.0,8.0,14.0,12.0,9.0,13.0,2.0,3.0,7.0,0.0,6.0,1.0,5.0,4.0,11.0,10.0,8.0,14.0,15.0,9.0,13.0,12.0,3.0,2.0,0.0,4.0,1.0,6.0,7.0,5.0,12.0,15.0,14.0,13.0,9.0,11.0,10.0,8.0,4.0,5.0,6.0,7.0,3.0,2.0,0.0,1.0,13.0,14.0,12.0,15.0,8.0,10.0,11.0,9.0,5.0,7.0,4.0,6.0,2.0,3.0,1.0,0.0,14.0,13.0,9.0,12.0,10.0,8.0,15.0,11.0,6.0,4.0,5.0,1.0,7.0,0.0,2.0,3.0,15.0,12.0,13.0,9.0,11.0,14.0,8.0,10.0,7.0,6.0,1.0,5.0,0.0,4.0,3.0,2.0
306332,65583,7,multi_DTransversal_88_2025-06-08_22_24_53_029496_0,1749421829,5,1,5,546.1642,549.840183,0,1000000000.0,4456448.0,6959104.0,14773.0,3600000000000.0,86400000000000.0,500000000.0,1000000000.0,1749421493,604800,0,0,0,2,GenuineIntel,Intel Xeon Processor (Icelake) [Family 6 Model 106 Stepping 0],1000000000.0,1000000000.0,1000000000.0,Linux Ubuntu,Ubuntu 24.04.2 LTS [6.8.0-59-generic|libc 2.39],1006923776.0,16777216.0,0.0,20105105408.0,16966135808.0,3182592.0,688128.0,18792905359.36,49682873.433256,29201129.209936,0.0,1.0,0.0,0.844088,0,0.0,0.0,1.0,2.0,3.0,4.0,5.0,6.0,7.0,8.0,9.0,10.0,11.0,12.0,13.0,14.0,15.0,1.0,0.0,3.0,2.0,6.0,4.0,7.0,5.0,9.0,8.0,11.0,10.0,13.0,15.0,12.0,14.0,2.0,3.0,1.0,0.0,5.0,7.0,4.0,6.0,10.0,15.0,9.0,13.0,14.0,11.0,8.0,12.0,3.0,2.0,0.0,1.0,7.0,6.0,5.0,4.0,11.0,14.0,8.0,12.0,15.0,9.0,10.0,13.0,4.0,6.0,7.0,5.0,1.0,3.0,2.0,0.0,12.0,11.0,13.0,14.0,10.0,8.0,15.0,9.0,5.0,4.0,6.0,7.0,3.0,1.0,0.0,2.0,13.0,10.0,12.0,15.0,11.0,14.0,9.0,8.0,6.0,7.0,5.0,4.0,2.0,0.0,1.0,3.0,14.0,12.0,15.0,9.0,8.0,10.0,13.0,11.0,7.0,5.0,4.0,6.0,0.0,2.0,3.0,1.0,15.0,13.0,14.0,8.0,9.0,12.0,11.0,10.0,8.0,9.0,10.0,11.0,12.0,13.0,14.0,15.0,0.0,1.0,2.0,3.0,4.0,5.0,6.0,7.0,9.0,8.0,11.0,10.0,13.0,15.0,12.0,14.0,1.0,0.0,3.0,2.0,5.0,7.0,4.0,6.0,10.0,14.0,12.0,15.0,9.0,8.0,11.0,13.0,2.0,3.0,7.0,0.0,6.0,4.0,1.0,5.0,11.0,12.0,13.0,14.0,8.0,9.0,15.0,10.0,3.0,2.0,0.0,6.0,7.0,1.0,5.0,4.0,12.0,15.0,14.0,13.0,11.0,10.0,8.0,9.0,4.0,7.0,6.0,5.0,1.0,3.0,2.0,0.0,13.0,11.0,15.0,12.0,10.0,14.0,9.0,8.0,5.0,6.0,4.0,7.0,0.0,2.0,3.0,1.0,14.0,13.0,9.0,8.0,15.0,11.0,10.0,12.0,6.0,5.0,1.0,4.0,2.0,0.0,7.0,3.0,15.0,10.0,8.0,9.0,14.0,12.0,13.0,11.0,7.0,4.0,5.0,1.0,3.0,6.0,0.0,2.0
306333,65583,13,multi_DTransversal_88_2025-06-08_22_24_53_029496_1,1749421829,5,1,5,207.7031,209.671892,0,1000000000.0,10809344.0,6529024.0,6245.0,3600000000000.0,86400000000000.0,500000000.0,1000000000.0,1749421493,604800,0,0,0,8,GenuineIntel,Intel(R) Xeon(R) CPU E5-2695 v2 @ 2.40GHz [Family 6 Model 62 Stepping 4],1000000000.0,1000000000.0,1000000000.0,Microsoft Windows 10,"Enterprise LTSB x64 Edition, (10.00.19044.00)",17171070976.0,262144.0,19721207808.0,47715450880.0,12161384448.0,47854504.0,0.0,14603537759.36,60997332.301195,14493303.268338,0.0,1.0,0.0,0.931104,0,0.0,0.0,1.0,2.0,3.0,4.0,5.0,6.0,7.0,8.0,9.0,10.0,11.0,12.0,13.0,14.0,15.0,1.0,0.0,3.0,2.0,6.0,4.0,7.0,5.0,9.0,8.0,11.0,10.0,13.0,15.0,12.0,14.0,2.0,3.0,1.0,0.0,5.0,7.0,4.0,6.0,10.0,15.0,9.0,13.0,14.0,11.0,8.0,12.0,3.0,2.0,0.0,1.0,7.0,6.0,5.0,4.0,11.0,14.0,8.0,12.0,15.0,9.0,10.0,13.0,4.0,6.0,7.0,5.0,1.0,3.0,2.0,0.0,12.0,11.0,13.0,14.0,10.0,8.0,15.0,9.0,5.0,4.0,6.0,7.0,3.0,1.0,0.0,2.0,13.0,10.0,12.0,15.0,11.0,14.0,9.0,8.0,6.0,7.0,5.0,4.0,2.0,0.0,1.0,3.0,14.0,12.0,15.0,9.0,8.0,10.0,13.0,11.0,7.0,5.0,4.0,6.0,0.0,2.0,3.0,1.0,15.0,13.0,14.0,8.0,9.0,12.0,11.0,10.0,8.0,9.0,10.0,11.0,12.0,13.0,14.0,15.0,0.0,1.0,2.0,3.0,4.0,5.0,6.0,7.0,9.0,8.0,11.0,10.0,13.0,15.0,12.0,14.0,1.0,0.0,3.0,2.0,5.0,7.0,4.0,6.0,10.0,14.0,12.0,15.0,9.0,8.0,11.0,13.0,2.0,3.0,7.0,0.0,6.0,4.0,1.0,5.0,11.0,12.0,13.0,14.0,8.0,9.0,15.0,10.0,3.0,2.0,0.0,6.0,7.0,1.0,5.0,4.0,12.0,15.0,14.0,13.0,11.0,10.0,8.0,9.0,4.0,7.0,6.0,5.0,1.0,3.0,2.0,0.0,13.0,11.0,15.0,12.0,10.0,14.0,9.0,8.0,5.0,6.0,4.0,7.0,0.0,2.0,3.0,1.0,14.0,13.0,9.0,8.0,15.0,11.0,10.0,12.0,6.0,5.0,1.0,4.0,2.0,0.0,7.0,3.0,15.0,10.0,8.0,9.0,14.0,12.0,13.0,11.0,7.0,4.0,5.0,1.0,3.0,6.0,0.0,2.0
306334,65583,13,multi_DTransversal_88_2025-06-08_22_24_53_029496_2,1749421829,5,1,5,208.7188,210.671862,0,1000000000.0,10817536.0,6533120.0,6244.0,3600000000000.0,86400000000000.0,500000000.0,1000000000.0,1749421493,604800,0,0,0,8,GenuineIntel,Intel(R) Xeon(R) CPU E5-2695 v2 @ 2.40GHz [Family 6 Model 62 Stepping 4],1000000000.0,1000000000.0,1000000000.0,Microsoft Windows 10,"Enterprise LTSB x64 Edition, (10.00.19044.00)",17171070976.0,262144.0,19721207808.0,47715450880.0,12161384448.0,47854504.0,0.0,14603537759.36,60997332.301195,14493303.268338,0.0,1.0,0.0,0.931104,0,0.0,0.0,1.0,2.0,3.0,4.0,5.0,6.0,7.0,8.0,9.0,10.0,11.0,12.0,13.0,14.0,15.0,1.0,0.0,3.0,2.0,6.0,4.0,7.0,5.0,9.0,8.0,11.0,10.0,13.0,15.0,12.0,14.0,2.0,3.0,1.0,0.0,5.0,7.0,4.0,6.0,10.0,15.0,9.0,13.0,14.0,11.0,8.0,12.0,3.0,2.0,0.0,1.0,7.0,6.0,5.0,4.0,11.0,14.0,8.0,12.0,15.0,9.0,10.0,13.0,4.0,6.0,7.0,5.0,1.0,3.0,2.0,0.0,12.0,11.0,13.0,14.0,10.0,8.0,15.0,9.0,5.0,4.0,6.0,7.0,3.0,1.0,0.0,2.0,13.0,10.0,12.0,15.0,11.0,14.0,9.0,8.0,6.0,7.0,5.0,4.0,2.0,0.0,1.0,3.0,14.0,12.0,15.0,9.0,8.0,10.0,13.0,11.0,7.0,5.0,4.0,6.0,0.0,2.0,3.0,1.0,15.0,13.0,14.0,8.0,9.0,12.0,11.0,10.0,8.0,9.0,10.0,11.0,12.0,13.0,14.0,15.0,0.0,1.0,2.0,3.0,4.0,5.0,6.0,7.0,9.0,8.0,11.0,10.0,13.0,15.0,12.0,14.0,1.0,0.0,3.0,2.0,5.0,7.0,4.0,6.0,10.0,14.0,12.0,15.0,9.0,8.0,11.0,13.0,2.0,3.0,7.0,0.0,6.0,4.0,1.0,5.0,11.0,12.0,13.0,14.0,8.0,9.0,15.0,10.0,3.0,2.0,0.0,6.0,7.0,1.0,5.0,4.0,12.0,15.0,14.0,13.0,11.0,10.0,8.0,9.0,4.0,7.0,6.0,5.0,1.0,3.0,2.0,0.0,13.0,11.0,15.0,12.0,10.0,14.0,9.0,8.0,5.0,6.0,4.0,7.0,0.0,2.0,3.0,1.0,14.0,13.0,9.0,8.0,15.0,11.0,10.0,12.0,6.0,5.0,1.0,4.0,2.0,0.0,7.0,3.0,15.0,10.0,8.0,9.0,14.0,12.0,13.0,11.0,7.0,4.0,5.0,1.0,3.0,6.0,0.0,2.0
306350,65589,14,multi_DTransversal_94_2025-06-08_22_24_53_596808_0,1749421829,5,1,5,205.875,208.765627,0,1000000000.0,10821632.0,6516736.0,6245.0,3600000000000.0,86400000000000.0,500000000.0,1000000000.0,1749421493,604800,0,0,0,8,GenuineIntel,Intel(R) Xeon(R) CPU E5-2695 v2 @ 2.40GHz [Family 6 Model 62 Stepping 4],1000000000.0,1000000000.0,1000000000.0,Microsoft Windows 10,"Enterprise LTSB x64 Edition, (10.00.19044.00)",17171070976.0,262144.0,19721207808.0,47715450880.0,12043943936.0,50470565.0,171008.0,14504363335.66,50555456.420003,25813395.198889,0.0,1.0,0.0,0.932014,0,0.0,0.0,1.0,2.0,3.0,4.0,5.0,6.0,7.0,8.0,9.0,10.0,11.0,12.0,13.0,14.0,15.0,1.0,0.0,3.0,2.0,6.0,4.0,7.0,5.0,9.0,8.0,11.0,10.0,14.0,12.0,15.0,13.0,2.0,3.0,5.0,0.0,7.0,6.0,4.0,1.0,10.0,11.0,12.0,8.0,15.0,14.0,13.0,9.0,3.0,2.0,0.0,6.0,5.0,7.0,1.0,4.0,11.0,10.0,8.0,12.0,13.0,15.0,9.0,14.0,4.0,6.0,7.0,5.0,1.0,2.0,0.0,3.0,12.0,14.0,15.0,13.0,9.0,10.0,11.0,8.0,5.0,4.0,6.0,7.0,2.0,1.0,3.0,0.0,13.0,12.0,14.0,15.0,10.0,9.0,8.0,11.0,6.0,7.0,4.0,1.0,0.0,3.0,5.0,2.0,14.0,15.0,13.0,9.0,11.0,8.0,12.0,10.0,7.0,5.0,1.0,4.0,3.0,0.0,2.0,6.0,15.0,13.0,9.0,14.0,8.0,11.0,10.0,12.0,8.0,9.0,10.0,11.0,12.0,13.0,14.0,15.0,0.0,1.0,2.0,3.0,4.0,5.0,6.0,7.0,9.0,8.0,11.0,10.0,14.0,12.0,15.0,13.0,1.0,0.0,3.0,2.0,6.0,4.0,7.0,5.0,10.0,11.0,12.0,8.0,15.0,9.0,13.0,14.0,2.0,3.0,4.0,0.0,7.0,1.0,5.0,6.0,11.0,10.0,8.0,15.0,13.0,14.0,12.0,9.0,3.0,2.0,0.0,7.0,5.0,6.0,4.0,1.0,12.0,13.0,15.0,14.0,9.0,11.0,8.0,10.0,4.0,5.0,7.0,6.0,1.0,2.0,0.0,3.0,13.0,15.0,14.0,12.0,8.0,10.0,9.0,11.0,5.0,7.0,6.0,4.0,0.0,3.0,1.0,2.0,14.0,12.0,9.0,13.0,11.0,15.0,10.0,8.0,6.0,4.0,1.0,5.0,2.0,7.0,3.0,0.0,15.0,14.0,13.0,9.0,10.0,8.0,11.0,12.0,7.0,6.0,5.0,1.0,3.0,0.0,2.0,4.0
306351,65589,14,multi_DTransversal_94_2025-06-08_22_24_53_596808_1,1749421829,5,1,5,206.0,208.609375,0,1000000000.0,10829824.0,6533120.0,6245.0,3600000000000.0,86400000000000.0,500000000.0,1000000000.0,1749421493,604800,0,0,0,8,GenuineIntel,Intel(R) Xeon(R) CPU E5-2695 v2 @ 2.40GHz [Family 6 Model 62 Stepping 4],1000000000.0,1000000000.0,1000000000.0,Microsoft Windows 10,"Enterprise LTSB x64 Edition, (10.00.19044.00)",17171070976.0,262144.0,19721207808.0,47715450880.0,12043943936.0,50470565.0,171008.0,14504363335.66,50555456.420003,25813395.198889,0.0,1.0,0.0,0.932014,0,0.0,0.0,1.0,2.0,3.0,4.0,5.0,6.0,7.0,8.0,9.0,10.0,11.0,12.0,13.0,14.0,15.0,1.0,0.0,3.0,2.0,6.0,4.0,7.0,5.0,9.0,8.0,11.0,10.0,14.0,12.0,15.0,13.0,2.0,3.0,5.0,0.0,7.0,6.0,4.0,1.0,10.0,11.0,12.0,8.0,15.0,14.0,13.0,9.0,3.0,2.0,0.0,6.0,5.0,7.0,1.0,4.0,11.0,10.0,8.0,12.0,13.0,15.0,9.0,14.0,4.0,6.0,7.0,5.0,1.0,2.0,0.0,3.0,12.0,14.0,15.0,13.0,9.0,10.0,11.0,8.0,5.0,4.0,6.0,7.0,2.0,1.0,3.0,0.0,13.0,12.0,14.0,15.0,10.0,9.0,8.0,11.0,6.0,7.0,4.0,1.0,0.0,3.0,5.0,2.0,14.0,15.0,13.0,9.0,11.0,8.0,12.0,10.0,7.0,5.0,1.0,4.0,3.0,0.0,2.0,6.0,15.0,13.0,9.0,14.0,8.0,11.0,10.0,12.0,8.0,9.0,10.0,11.0,12.0,13.0,14.0,15.0,0.0,1.0,2.0,3.0,4.0,5.0,6.0,7.0,9.0,8.0,11.0,10.0,14.0,12.0,15.0,13.0,1.0,0.0,3.0,2.0,6.0,4.0,7.0,5.0,10.0,11.0,12.0,8.0,15.0,9.0,13.0,14.0,2.0,3.0,4.0,0.0,7.0,1.0,5.0,6.0,11.0,10.0,8.0,15.0,13.0,14.0,12.0,9.0,3.0,2.0,0.0,7.0,5.0,6.0,4.0,1.0,12.0,13.0,15.0,14.0,9.0,11.0,8.0,10.0,4.0,5.0,7.0,6.0,1.0,2.0,0.0,3.0,13.0,15.0,14.0,12.0,8.0,10.0,9.0,11.0,5.0,7.0,6.0,4.0,0.0,3.0,1.0,2.0,14.0,12.0,9.0,13.0,11.0,15.0,10.0,8.0,6.0,4.0,1.0,5.0,2.0,7.0,3.0,0.0,15.0,14.0,13.0,9.0,10.0,8.0,11.0,12.0,7.0,6.0,5.0,1.0,3.0,0.0,2.0,4.0
306352,65589,14,multi_DTransversal_94_2025-06-08_22_24_53_596808_2,1749421829,5,1,5,206.4219,207.750004,0,1000000000.0,10838016.0,6533120.0,6245.0,3600000000000.0,86400000000000.0,500000000.0,1000000000.0,1749421493,604800,0,0,0,8,GenuineIntel,Intel(R) Xeon(R) CPU E5-2695 v2 @ 2.40GHz [Family 6 Model 62 Stepping 4],1000000000.0,1000000000.0,1000000000.0,Microsoft Windows 10,"Enterprise LTSB x64 Edition, (10.00.19044.00)",17171070976.0,262144.0,19721207808.0,47715450880.0,12043943936.0,50470565.0,171008.0,14504363335.66,50555456.420003,25813395.198889,0.0,1.0,0.0,0.932014,0,0.0,0.0,1.0,2.0,3.0,4.0,5.0,6.0,7.0,8.0,9.0,10.0,11.0,12.0,13.0,14.0,15.0,1.0,0.0,3.0,2.0,6.0,4.0,7.0,5.0,9.0,8.0,11.0,10.0,14.0,12.0,15.0,13.0,2.0,3.0,5.0,0.0,7.0,6.0,4.0,1.0,10.0,11.0,12.0,8.0,15.0,14.0,13.0,9.0,3.0,2.0,0.0,6.0,5.0,7.0,1.0,4.0,11.0,10.0,8.0,12.0,13.0,15.0,9.0,14.0,4.0,6.0,7.0,5.0,1.0,2.0,0.0,3.0,12.0,14.0,15.0,13.0,9.0,10.0,11.0,8.0,5.0,4.0,6.0,7.0,2.0,1.0,3.0,0.0,13.0,12.0,14.0,15.0,10.0,9.0,8.0,11.0,6.0,7.0,4.0,1.0,0.0,3.0,5.0,2.0,14.0,15.0,13.0,9.0,11.0,8.0,12.0,10.0,7.0,5.0,1.0,4.0,3.0,0.0,2.0,6.0,15.0,13.0,9.0,14.0,8.0,11.0,10.0,12.0,8.0,9.0,10.0,11.0,12.0,13.0,14.0,15.0,0.0,1.0,2.0,3.0,4.0,5.0,6.0,7.0,9.0,8.0,11.0,10.0,14.0,12.0,15.0,13.0,1.0,0.0,3.0,2.0,6.0,4.0,7.0,5.0,10.0,11.0,12.0,8.0,15.0,9.0,13.0,14.0,2.0,3.0,4.0,0.0,7.0,1.0,5.0,6.0,11.0,10.0,8.0,15.0,13.0,14.0,12.0,9.0,3.0,2.0,0.0,7.0,5.0,6.0,4.0,1.0,12.0,13.0,15.0,14.0,9.0,11.0,8.0,10.0,4.0,5.0,7.0,6.0,1.0,2.0,0.0,3.0,13.0,15.0,14.0,12.0,8.0,10.0,9.0,11.0,5.0,7.0,6.0,4.0,0.0,3.0,1.0,2.0,14.0,12.0,9.0,13.0,11.0,15.0,10.0,8.0,6.0,4.0,1.0,5.0,2.0,7.0,3.0,0.0,15.0,14.0,13.0,9.0,10.0,8.0,11.0,12.0,7.0,6.0,5.0,1.0,3.0,0.0,2.0,4.0
306353,65590,14,multi_DTransversal_95_2025-06-08_22_24_53_653634_0,1749421829,5,1,5,207.7031,209.640629,0,1000000000.0,10825728.0,6537216.0,6245.0,3600000000000.0,86400000000000.0,500000000.0,1000000000.0,1749421493,604800,0,0,0,8,GenuineIntel,Intel(R) Xeon(R) CPU E5-2695 v2 @ 2.40GHz [Family 6 Model 62 Stepping 4],1000000000.0,1000000000.0,1000000000.0,Microsoft Windows 10,"Enterprise LTSB x64 Edition, (10.00.19044.00)",17171070976.0,262144.0,19721207808.0,47715450880.0,12043943936.0,50470565.0,171008.0,14504363335.66,50555456.420003,25813395.198889,0.0,1.0,0.0,0.932014,0,0.0,0.0,1.0,2.0,3.0,4.0,5.0,6.0,7.0,8.0,9.0,10.0,11.0,12.0,13.0,14.0,15.0,1.0,0.0,3.0,2.0,6.0,4.0,7.0,5.0,9.0,8.0,11.0,10.0,14.0,12.0,15.0,13.0,2.0,3.0,6.0,0.0,1.0,7.0,5.0,4.0,10.0,11.0,13.0,8.0,15.0,14.0,12.0,9.0,3.0,2.0,0.0,5.0,7.0,1.0,4.0,6.0,11.0,10.0,8.0,14.0,13.0,15.0,9.0,12.0,4.0,6.0,5.0,7.0,2.0,3.0,0.0,1.0,12.0,14.0,15.0,13.0,9.0,10.0,8.0,11.0,5.0,4.0,7.0,6.0,3.0,2.0,1.0,0.0,13.0,12.0,14.0,15.0,10.0,9.0,11.0,8.0,6.0,7.0,1.0,4.0,5.0,0.0,3.0,2.0,14.0,15.0,12.0,9.0,8.0,11.0,13.0,10.0,7.0,5.0,4.0,1.0,0.0,6.0,2.0,3.0,15.0,13.0,9.0,12.0,11.0,8.0,10.0,14.0,8.0,9.0,10.0,11.0,12.0,13.0,14.0,15.0,0.0,1.0,2.0,3.0,4.0,5.0,6.0,7.0,9.0,8.0,11.0,10.0,14.0,12.0,15.0,13.0,1.0,0.0,3.0,2.0,6.0,4.0,7.0,5.0,10.0,11.0,12.0,8.0,15.0,14.0,13.0,9.0,2.0,3.0,4.0,0.0,7.0,1.0,5.0,6.0,11.0,10.0,8.0,12.0,13.0,15.0,9.0,14.0,3.0,2.0,0.0,7.0,5.0,6.0,4.0,1.0,12.0,14.0,15.0,13.0,9.0,10.0,11.0,8.0,4.0,5.0,7.0,6.0,1.0,3.0,0.0,2.0,13.0,12.0,14.0,15.0,10.0,9.0,8.0,11.0,5.0,7.0,6.0,4.0,0.0,2.0,1.0,3.0,14.0,15.0,13.0,9.0,11.0,8.0,12.0,10.0,6.0,4.0,1.0,5.0,3.0,7.0,2.0,0.0,15.0,13.0,9.0,14.0,8.0,11.0,10.0,12.0,7.0,6.0,5.0,1.0,2.0,0.0,3.0,4.0
306354,65590,8,multi_DTransversal_95_2025-06-08_22_24_53_653634_1,1749421829,5,1,5,494.8208,496.539439,0,1000000000.0,4456448.0,6959104.0,14778.0,3600000000000.0,86400000000000.0,500000000.0,1000000000.0,1749421493,604800,0,0,0,2,GenuineIntel,Intel Xeon Processor (Icelake) [Family 6 Model 106 Stepping 0],1000000000.0,1000000000.0,1000000000.0,Linux Ubuntu,Ubuntu 24.04.2 LTS [6.8.0-59-generic|libc 2.39],1006923776.0,16777216.0,0.0,20105105408.0,16990814208.0,2961408.0,688128.0,18773959311.36,50902949.273249,36815514.871639,0.0,1.0,0.0,0.863835,0,0.0,0.0,1.0,2.0,3.0,4.0,5.0,6.0,7.0,8.0,9.0,10.0,11.0,12.0,13.0,14.0,15.0,1.0,0.0,3.0,2.0,6.0,4.0,7.0,5.0,9.0,8.0,11.0,10.0,14.0,12.0,15.0,13.0,2.0,3.0,6.0,0.0,1.0,7.0,5.0,4.0,10.0,11.0,13.0,8.0,15.0,14.0,12.0,9.0,3.0,2.0,0.0,5.0,7.0,1.0,4.0,6.0,11.0,10.0,8.0,14.0,13.0,15.0,9.0,12.0,4.0,6.0,5.0,7.0,2.0,3.0,0.0,1.0,12.0,14.0,15.0,13.0,9.0,10.0,8.0,11.0,5.0,4.0,7.0,6.0,3.0,2.0,1.0,0.0,13.0,12.0,14.0,15.0,10.0,9.0,11.0,8.0,6.0,7.0,1.0,4.0,5.0,0.0,3.0,2.0,14.0,15.0,12.0,9.0,8.0,11.0,13.0,10.0,7.0,5.0,4.0,1.0,0.0,6.0,2.0,3.0,15.0,13.0,9.0,12.0,11.0,8.0,10.0,14.0,8.0,9.0,10.0,11.0,12.0,13.0,14.0,15.0,0.0,1.0,2.0,3.0,4.0,5.0,6.0,7.0,9.0,8.0,11.0,10.0,14.0,12.0,15.0,13.0,1.0,0.0,3.0,2.0,6.0,4.0,7.0,5.0,10.0,11.0,12.0,8.0,15.0,14.0,13.0,9.0,2.0,3.0,4.0,0.0,7.0,1.0,5.0,6.0,11.0,10.0,8.0,12.0,13.0,15.0,9.0,14.0,3.0,2.0,0.0,7.0,5.0,6.0,4.0,1.0,12.0,14.0,15.0,13.0,9.0,10.0,11.0,8.0,4.0,5.0,7.0,6.0,1.0,3.0,0.0,2.0,13.0,12.0,14.0,15.0,10.0,9.0,8.0,11.0,5.0,7.0,6.0,4.0,0.0,2.0,1.0,3.0,14.0,15.0,13.0,9.0,11.0,8.0,12.0,10.0,6.0,4.0,1.0,5.0,3.0,7.0,2.0,0.0,15.0,13.0,9.0,14.0,8.0,11.0,10.0,12.0,7.0,6.0,5.0,1.0,2.0,0.0,3.0,4.0
306355,65590,14,multi_DTransversal_95_2025-06-08_22_24_53_653634_2,1749421829,5,1,5,202.6875,204.593735,0,1000000000.0,10825728.0,6524928.0,6245.0,3600000000000.0,86400000000000.0,500000000.0,1000000000.0,1749421493,604800,0,0,0,8,GenuineIntel,Intel(R) Xeon(R) CPU E5-2695 v2 @ 2.40GHz [Family 6 Model 62 Stepping 4],1000000000.0,1000000000.0,1000000000.0,Microsoft Windows 10,"Enterprise LTSB x64 Edition, (10.00.19044.00)",17171070976.0,262144.0,19721207808.0,47715450880.0,12043943936.0,50470565.0,171008.0,14504363335.66,50555456.420003,25813395.198889,0.0,1.0,0.0,0.932014,0,0.0,0.0,1.0,2.0,3.0,4.0,5.0,6.0,7.0,8.0,9.0,10.0,11.0,12.0,13.0,14.0,15.0,1.0,0.0,3.0,2.0,6.0,4.0,7.0,5.0,9.0,8.0,11.0,10.0,14.0,12.0,15.0,13.0,2.0,3.0,6.0,0.0,1.0,7.0,5.0,4.0,10.0,11.0,13.0,8.0,15.0,14.0,12.0,9.0,3.0,2.0,0.0,5.0,7.0,1.0,4.0,6.0,11.0,10.0,8.0,14.0,13.0,15.0,9.0,12.0,4.0,6.0,5.0,7.0,2.0,3.0,0.0,1.0,12.0,14.0,15.0,13.0,9.0,10.0,8.0,11.0,5.0,4.0,7.0,6.0,3.0,2.0,1.0,0.0,13.0,12.0,14.0,15.0,10.0,9.0,11.0,8.0,6.0,7.0,1.0,4.0,5.0,0.0,3.0,2.0,14.0,15.0,12.0,9.0,8.0,11.0,13.0,10.0,7.0,5.0,4.0,1.0,0.0,6.0,2.0,3.0,15.0,13.0,9.0,12.0,11.0,8.0,10.0,14.0,8.0,9.0,10.0,11.0,12.0,13.0,14.0,15.0,0.0,1.0,2.0,3.0,4.0,5.0,6.0,7.0,9.0,8.0,11.0,10.0,14.0,12.0,15.0,13.0,1.0,0.0,3.0,2.0,6.0,4.0,7.0,5.0,10.0,11.0,12.0,8.0,15.0,14.0,13.0,9.0,2.0,3.0,4.0,0.0,7.0,1.0,5.0,6.0,11.0,10.0,8.0,12.0,13.0,15.0,9.0,14.0,3.0,2.0,0.0,7.0,5.0,6.0,4.0,1.0,12.0,14.0,15.0,13.0,9.0,10.0,11.0,8.0,4.0,5.0,7.0,6.0,1.0,3.0,0.0,2.0,13.0,12.0,14.0,15.0,10.0,9.0,8.0,11.0,5.0,7.0,6.0,4.0,0.0,2.0,1.0,3.0,14.0,15.0,13.0,9.0,11.0,8.0,12.0,10.0,6.0,4.0,1.0,5.0,3.0,7.0,2.0,0.0,15.0,13.0,9.0,14.0,8.0,11.0,10.0,12.0,7.0,6.0,5.0,1.0,2.0,0.0,3.0,4.0
306359,65592,14,multi_DTransversal_97_2025-06-08_22_24_53_789867_0,1749421829,5,1,5,200.875,202.687519,0,1000000000.0,10825728.0,6524928.0,6244.0,3600000000000.0,86400000000000.0,500000000.0,1000000000.0,1749421493,604800,0,0,0,8,GenuineIntel,Intel(R) Xeon(R) CPU E5-2695 v2 @ 2.40GHz [Family 6 Model 62 Stepping 4],1000000000.0,1000000000.0,1000000000.0,Microsoft Windows 10,"Enterprise LTSB x64 Edition, (10.00.19044.00)",17171070976.0,262144.0,19721207808.0,47715450880.0,12043943936.0,50470565.0,171008.0,14504363335.66,50555456.420003,25813395.198889,0.0,1.0,0.0,0.932014,0,0.0,0.0,1.0,2.0,3.0,4.0,5.0,6.0,7.0,8.0,9.0,10.0,11.0,12.0,13.0,14.0,15.0,1.0,0.0,3.0,2.0,6.0,4.0,7.0,5.0,9.0,8.0,11.0,10.0,14.0,12.0,15.0,13.0,2.0,4.0,1.0,7.0,3.0,6.0,5.0,0.0,10.0,12.0,9.0,13.0,11.0,15.0,8.0,14.0,3.0,5.0,0.0,6.0,1.0,7.0,4.0,2.0,11.0,15.0,12.0,14.0,8.0,9.0,13.0,10.0,4.0,3.0,7.0,1.0,5.0,0.0,2.0,6.0,12.0,14.0,15.0,8.0,13.0,10.0,11.0,9.0,5.0,2.0,6.0,0.0,7.0,1.0,3.0,4.0,13.0,11.0,8.0,15.0,10.0,14.0,9.0,12.0,6.0,7.0,5.0,4.0,2.0,3.0,0.0,1.0,14.0,10.0,13.0,9.0,15.0,11.0,12.0,8.0,7.0,6.0,4.0,5.0,0.0,2.0,1.0,3.0,15.0,13.0,14.0,12.0,9.0,8.0,10.0,11.0,8.0,9.0,10.0,11.0,12.0,13.0,14.0,15.0,0.0,1.0,2.0,3.0,4.0,5.0,6.0,7.0,9.0,8.0,11.0,10.0,14.0,12.0,15.0,13.0,1.0,0.0,3.0,2.0,6.0,4.0,7.0,5.0,10.0,11.0,14.0,8.0,9.0,15.0,13.0,12.0,2.0,3.0,5.0,0.0,7.0,6.0,4.0,1.0,11.0,10.0,8.0,13.0,15.0,9.0,12.0,14.0,3.0,2.0,0.0,6.0,5.0,7.0,1.0,4.0,12.0,14.0,13.0,15.0,10.0,11.0,8.0,9.0,4.0,6.0,7.0,5.0,1.0,2.0,0.0,3.0,13.0,12.0,15.0,14.0,11.0,10.0,9.0,8.0,5.0,4.0,6.0,7.0,2.0,1.0,3.0,0.0,14.0,15.0,9.0,12.0,13.0,8.0,11.0,10.0,6.0,7.0,4.0,1.0,0.0,3.0,5.0,2.0,15.0,13.0,12.0,9.0,8.0,14.0,10.0,11.0,7.0,5.0,1.0,4.0,3.0,0.0,2.0,6.0
306360,65592,14,multi_DTransversal_97_2025-06-08_22_24_53_789867_1,1749421829,5,1,5,199.0312,200.734423,0,1000000000.0,10829824.0,6529024.0,6245.0,3600000000000.0,86400000000000.0,500000000.0,1000000000.0,1749421493,604800,0,0,0,8,GenuineIntel,Intel(R) Xeon(R) CPU E5-2695 v2 @ 2.40GHz [Family 6 Model 62 Stepping 4],1000000000.0,1000000000.0,1000000000.0,Microsoft Windows 10,"Enterprise LTSB x64 Edition, (10.00.19044.00)",17171070976.0,262144.0,19721207808.0,47715450880.0,12043943936.0,50470565.0,171008.0,14504363335.66,50555456.420003,25813395.198889,0.0,1.0,0.0,0.932014,0,0.0,0.0,1.0,2.0,3.0,4.0,5.0,6.0,7.0,8.0,9.0,10.0,11.0,12.0,13.0,14.0,15.0,1.0,0.0,3.0,2.0,6.0,4.0,7.0,5.0,9.0,8.0,11.0,10.0,14.0,12.0,15.0,13.0,2.0,4.0,1.0,7.0,3.0,6.0,5.0,0.0,10.0,12.0,9.0,13.0,11.0,15.0,8.0,14.0,3.0,5.0,0.0,6.0,1.0,7.0,4.0,2.0,11.0,15.0,12.0,14.0,8.0,9.0,13.0,10.0,4.0,3.0,7.0,1.0,5.0,0.0,2.0,6.0,12.0,14.0,15.0,8.0,13.0,10.0,11.0,9.0,5.0,2.0,6.0,0.0,7.0,1.0,3.0,4.0,13.0,11.0,8.0,15.0,10.0,14.0,9.0,12.0,6.0,7.0,5.0,4.0,2.0,3.0,0.0,1.0,14.0,10.0,13.0,9.0,15.0,11.0,12.0,8.0,7.0,6.0,4.0,5.0,0.0,2.0,1.0,3.0,15.0,13.0,14.0,12.0,9.0,8.0,10.0,11.0,8.0,9.0,10.0,11.0,12.0,13.0,14.0,15.0,0.0,1.0,2.0,3.0,4.0,5.0,6.0,7.0,9.0,8.0,11.0,10.0,14.0,12.0,15.0,13.0,1.0,0.0,3.0,2.0,6.0,4.0,7.0,5.0,10.0,11.0,14.0,8.0,9.0,15.0,13.0,12.0,2.0,3.0,5.0,0.0,7.0,6.0,4.0,1.0,11.0,10.0,8.0,13.0,15.0,9.0,12.0,14.0,3.0,2.0,0.0,6.0,5.0,7.0,1.0,4.0,12.0,14.0,13.0,15.0,10.0,11.0,8.0,9.0,4.0,6.0,7.0,5.0,1.0,2.0,0.0,3.0,13.0,12.0,15.0,14.0,11.0,10.0,9.0,8.0,5.0,4.0,6.0,7.0,2.0,1.0,3.0,0.0,14.0,15.0,9.0,12.0,13.0,8.0,11.0,10.0,6.0,7.0,4.0,1.0,0.0,3.0,5.0,2.0,15.0,13.0,12.0,9.0,8.0,14.0,10.0,11.0,7.0,5.0,1.0,4.0,3.0,0.0,2.0,6.0
306361,65592,14,multi_DTransversal_97_2025-06-08_22_24_53_789867_2,1749421829,5,1,5,198.9531,200.734423,0,1000000000.0,10825728.0,6520832.0,6244.0,3600000000000.0,86400000000000.0,500000000.0,1000000000.0,1749421493,604800,0,0,0,8,GenuineIntel,Intel(R) Xeon(R) CPU E5-2695 v2 @ 2.40GHz [Family 6 Model 62 Stepping 4],1000000000.0,1000000000.0,1000000000.0,Microsoft Windows 10,"Enterprise LTSB x64 Edition, (10.00.19044.00)",17171070976.0,262144.0,19721207808.0,47715450880.0,12043943936.0,50470565.0,171008.0,14504363335.66,50555456.420003,25813395.198889,0.0,1.0,0.0,0.932014,0,0.0,0.0,1.0,2.0,3.0,4.0,5.0,6.0,7.0,8.0,9.0,10.0,11.0,12.0,13.0,14.0,15.0,1.0,0.0,3.0,2.0,6.0,4.0,7.0,5.0,9.0,8.0,11.0,10.0,14.0,12.0,15.0,13.0,2.0,4.0,1.0,7.0,3.0,6.0,5.0,0.0,10.0,12.0,9.0,13.0,11.0,15.0,8.0,14.0,3.0,5.0,0.0,6.0,1.0,7.0,4.0,2.0,11.0,15.0,12.0,14.0,8.0,9.0,13.0,10.0,4.0,3.0,7.0,1.0,5.0,0.0,2.0,6.0,12.0,14.0,15.0,8.0,13.0,10.0,11.0,9.0,5.0,2.0,6.0,0.0,7.0,1.0,3.0,4.0,13.0,11.0,8.0,15.0,10.0,14.0,9.0,12.0,6.0,7.0,5.0,4.0,2.0,3.0,0.0,1.0,14.0,10.0,13.0,9.0,15.0,11.0,12.0,8.0,7.0,6.0,4.0,5.0,0.0,2.0,1.0,3.0,15.0,13.0,14.0,12.0,9.0,8.0,10.0,11.0,8.0,9.0,10.0,11.0,12.0,13.0,14.0,15.0,0.0,1.0,2.0,3.0,4.0,5.0,6.0,7.0,9.0,8.0,11.0,10.0,14.0,12.0,15.0,13.0,1.0,0.0,3.0,2.0,6.0,4.0,7.0,5.0,10.0,11.0,14.0,8.0,9.0,15.0,13.0,12.0,2.0,3.0,5.0,0.0,7.0,6.0,4.0,1.0,11.0,10.0,8.0,13.0,15.0,9.0,12.0,14.0,3.0,2.0,0.0,6.0,5.0,7.0,1.0,4.0,12.0,14.0,13.0,15.0,10.0,11.0,8.0,9.0,4.0,6.0,7.0,5.0,1.0,2.0,0.0,3.0,13.0,12.0,15.0,14.0,11.0,10.0,9.0,8.0,5.0,4.0,6.0,7.0,2.0,1.0,3.0,0.0,14.0,15.0,9.0,12.0,13.0,8.0,11.0,10.0,6.0,7.0,4.0,1.0,0.0,3.0,5.0,2.0,15.0,13.0,12.0,9.0,8.0,14.0,10.0,11.0,7.0,5.0,1.0,4.0,3.0,0.0,2.0,6.0
306392,65603,7,multi_DTransversal_108_2025-06-08_22_24_54_621444_0,1749421830,5,1,5,548.8595,552.916028,0,1000000000.0,4456448.0,6959104.0,14777.0,3600000000000.0,86400000000000.0,500000000.0,1000000000.0,1749421494,604800,0,0,0,2,GenuineIntel,Intel Xeon Processor (Icelake) [Family 6 Model 106 Stepping 0],1000000000.0,1000000000.0,1000000000.0,Linux Ubuntu,Ubuntu 24.04.2 LTS [6.8.0-59-generic|libc 2.39],1006923776.0,16777216.0,0.0,20105105408.0,16966135808.0,3182592.0,688128.0,18792905359.36,49682873.433256,29201129.209936,0.0,1.0,0.0,0.844088,0,0.0,0.0,1.0,2.0,3.0,4.0,5.0,6.0,7.0,8.0,9.0,10.0,11.0,12.0,13.0,14.0,15.0,1.0,0.0,3.0,2.0,6.0,4.0,7.0,5.0,9.0,8.0,11.0,10.0,14.0,12.0,15.0,13.0,2.0,7.0,5.0,4.0,0.0,6.0,1.0,3.0,10.0,15.0,9.0,12.0,8.0,11.0,13.0,14.0,3.0,6.0,4.0,5.0,2.0,7.0,0.0,1.0,11.0,12.0,14.0,13.0,15.0,10.0,8.0,9.0,4.0,5.0,7.0,6.0,3.0,1.0,2.0,0.0,12.0,13.0,15.0,8.0,11.0,14.0,9.0,10.0,5.0,4.0,6.0,7.0,1.0,0.0,3.0,2.0,13.0,14.0,8.0,9.0,10.0,15.0,12.0,11.0,6.0,2.0,1.0,0.0,7.0,3.0,5.0,4.0,14.0,11.0,12.0,15.0,13.0,9.0,10.0,8.0,7.0,3.0,0.0,1.0,5.0,2.0,4.0,6.0,15.0,10.0,13.0,14.0,9.0,8.0,11.0,12.0,8.0,9.0,10.0,11.0,12.0,13.0,14.0,15.0,0.0,1.0,2.0,3.0,4.0,5.0,6.0,7.0,9.0,8.0,11.0,10.0,14.0,12.0,15.0,13.0,1.0,0.0,3.0,2.0,6.0,4.0,7.0,5.0,10.0,14.0,13.0,15.0,9.0,8.0,11.0,12.0,2.0,6.0,5.0,4.0,7.0,1.0,0.0,3.0,11.0,12.0,15.0,13.0,8.0,9.0,10.0,14.0,3.0,7.0,4.0,5.0,2.0,0.0,1.0,6.0,12.0,13.0,8.0,14.0,10.0,15.0,9.0,11.0,4.0,2.0,1.0,7.0,3.0,6.0,5.0,0.0,13.0,15.0,9.0,12.0,11.0,14.0,8.0,10.0,5.0,3.0,0.0,6.0,1.0,7.0,4.0,2.0,14.0,11.0,12.0,9.0,15.0,10.0,13.0,8.0,6.0,4.0,7.0,0.0,5.0,2.0,3.0,1.0,15.0,10.0,14.0,8.0,13.0,11.0,12.0,9.0,7.0,5.0,6.0,1.0,0.0,3.0,2.0,4.0
306393,65603,7,multi_DTransversal_108_2025-06-08_22_24_54_621444_1,1749421830,5,1,5,546.9169,549.834365,0,1000000000.0,4456448.0,6959104.0,14778.0,3600000000000.0,86400000000000.0,500000000.0,1000000000.0,1749421494,604800,0,0,0,2,GenuineIntel,Intel Xeon Processor (Icelake) [Family 6 Model 106 Stepping 0],1000000000.0,1000000000.0,1000000000.0,Linux Ubuntu,Ubuntu 24.04.2 LTS [6.8.0-59-generic|libc 2.39],1006923776.0,16777216.0,0.0,20105105408.0,16966135808.0,3182592.0,688128.0,18792905359.36,49682873.433256,29201129.209936,0.0,1.0,0.0,0.844088,0,0.0,0.0,1.0,2.0,3.0,4.0,5.0,6.0,7.0,8.0,9.0,10.0,11.0,12.0,13.0,14.0,15.0,1.0,0.0,3.0,2.0,6.0,4.0,7.0,5.0,9.0,8.0,11.0,10.0,14.0,12.0,15.0,13.0,2.0,7.0,5.0,4.0,0.0,6.0,1.0,3.0,10.0,15.0,9.0,12.0,8.0,11.0,13.0,14.0,3.0,6.0,4.0,5.0,2.0,7.0,0.0,1.0,11.0,12.0,14.0,13.0,15.0,10.0,8.0,9.0,4.0,5.0,7.0,6.0,3.0,1.0,2.0,0.0,12.0,13.0,15.0,8.0,11.0,14.0,9.0,10.0,5.0,4.0,6.0,7.0,1.0,0.0,3.0,2.0,13.0,14.0,8.0,9.0,10.0,15.0,12.0,11.0,6.0,2.0,1.0,0.0,7.0,3.0,5.0,4.0,14.0,11.0,12.0,15.0,13.0,9.0,10.0,8.0,7.0,3.0,0.0,1.0,5.0,2.0,4.0,6.0,15.0,10.0,13.0,14.0,9.0,8.0,11.0,12.0,8.0,9.0,10.0,11.0,12.0,13.0,14.0,15.0,0.0,1.0,2.0,3.0,4.0,5.0,6.0,7.0,9.0,8.0,11.0,10.0,14.0,12.0,15.0,13.0,1.0,0.0,3.0,2.0,6.0,4.0,7.0,5.0,10.0,14.0,13.0,15.0,9.0,8.0,11.0,12.0,2.0,6.0,5.0,4.0,7.0,1.0,0.0,3.0,11.0,12.0,15.0,13.0,8.0,9.0,10.0,14.0,3.0,7.0,4.0,5.0,2.0,0.0,1.0,6.0,12.0,13.0,8.0,14.0,10.0,15.0,9.0,11.0,4.0,2.0,1.0,7.0,3.0,6.0,5.0,0.0,13.0,15.0,9.0,12.0,11.0,14.0,8.0,10.0,5.0,3.0,0.0,6.0,1.0,7.0,4.0,2.0,14.0,11.0,12.0,9.0,15.0,10.0,13.0,8.0,6.0,4.0,7.0,0.0,5.0,2.0,3.0,1.0,15.0,10.0,14.0,8.0,13.0,11.0,12.0,9.0,7.0,5.0,6.0,1.0,0.0,3.0,2.0,4.0
306394,65603,3,multi_DTransversal_108_2025-06-08_22_24_54_621444_2,1749421830,5,1,5,563.2797,566.925098,0,1000000000.0,4456448.0,6959104.0,14778.0,3600000000000.0,86400000000000.0,500000000.0,1000000000.0,1749421494,604800,0,0,0,2,GenuineIntel,Intel Xeon Processor (Icelake) [Family 6 Model 106 Stepping 0],1000000000.0,1000000000.0,1000000000.0,Linux Ubuntu,Ubuntu 24.04.2 LTS [6.8.0-59-generic|libc 2.39],2062311424.0,16777216.0,0.0,20105105408.0,16945373184.0,3219456.0,688128.0,18755873832.96,53237188.156481,21103376.896969,0.0,1.0,0.0,0.872446,0,0.0,0.0,1.0,2.0,3.0,4.0,5.0,6.0,7.0,8.0,9.0,10.0,11.0,12.0,13.0,14.0,15.0,1.0,0.0,3.0,2.0,6.0,4.0,7.0,5.0,9.0,8.0,11.0,10.0,14.0,12.0,15.0,13.0,2.0,7.0,5.0,4.0,0.0,6.0,1.0,3.0,10.0,15.0,9.0,12.0,8.0,11.0,13.0,14.0,3.0,6.0,4.0,5.0,2.0,7.0,0.0,1.0,11.0,12.0,14.0,13.0,15.0,10.0,8.0,9.0,4.0,5.0,7.0,6.0,3.0,1.0,2.0,0.0,12.0,13.0,15.0,8.0,11.0,14.0,9.0,10.0,5.0,4.0,6.0,7.0,1.0,0.0,3.0,2.0,13.0,14.0,8.0,9.0,10.0,15.0,12.0,11.0,6.0,2.0,1.0,0.0,7.0,3.0,5.0,4.0,14.0,11.0,12.0,15.0,13.0,9.0,10.0,8.0,7.0,3.0,0.0,1.0,5.0,2.0,4.0,6.0,15.0,10.0,13.0,14.0,9.0,8.0,11.0,12.0,8.0,9.0,10.0,11.0,12.0,13.0,14.0,15.0,0.0,1.0,2.0,3.0,4.0,5.0,6.0,7.0,9.0,8.0,11.0,10.0,14.0,12.0,15.0,13.0,1.0,0.0,3.0,2.0,6.0,4.0,7.0,5.0,10.0,14.0,13.0,15.0,9.0,8.0,11.0,12.0,2.0,6.0,5.0,4.0,7.0,1.0,0.0,3.0,11.0,12.0,15.0,13.0,8.0,9.0,10.0,14.0,3.0,7.0,4.0,5.0,2.0,0.0,1.0,6.0,12.0,13.0,8.0,14.0,10.0,15.0,9.0,11.0,4.0,2.0,1.0,7.0,3.0,6.0,5.0,0.0,13.0,15.0,9.0,12.0,11.0,14.0,8.0,10.0,5.0,3.0,0.0,6.0,1.0,7.0,4.0,2.0,14.0,11.0,12.0,9.0,15.0,10.0,13.0,8.0,6.0,4.0,7.0,0.0,5.0,2.0,3.0,1.0,15.0,10.0,14.0,8.0,13.0,11.0,12.0,9.0,7.0,5.0,6.0,1.0,0.0,3.0,2.0,4.0
